customer_id,order_id,product_id,amount,country,ts
10311,251,386,38.58,NP,2023-05-02T07:55:51.000+05:45
10487,1700,469,84.18,NP,2025-07-31T03:04:25.000+05:45
10272,2396,175,34.96,NP,2025-07-16T19:52:45.000+05:45
10480,2622,438,72.41,BR,2024-12-22T22:11:26.000+05:45
10115,3661,238,85.67,NP,2025-06-03T08:30:56.000+05:45
10471,5100,366,25.42,NP,2026-02-12T13:35:53.000+05:45
10449,7306,408,19.98,NP,2024-01-08T15:00:32.000+05:45
10017,11033,431,101.55,NP,2026-05-06T06:07:54.000+05:45
10001,11936,100,63.48,IN,2023-10-24T19:42:57.000+05:45
10015,13415,236,13.86,NP,2023-11-24T08:21:13.000+05:45
10098,16916,351,61.02,NP,2024-04-10T00:39:10.000+05:45
10498,18759,26,19.63,NP,2025-08-20T10:05:51.000+05:45
10044,20223,5,41.02,AU,2025-03-30T09:04:06.000+05:45
10117,20731,284,59.51,JP,2023-03-09T13:02:19.000+05:45
10019,21761,464,273.62,IN,2024-09-24T06:26:09.000+05:45
10341,23491,324,46.06,IN,2023-01-12T23:22:09.000+05:45
10347,26548,127,48.81,NP,2023-04-19T15:33:45.000+05:45
10408,27602,73,6.21,BR,2023-01-03T21:21:45.000+05:45
10406,27979,460,139.17,NP,2025-06-07T00:00:23.000+05:45
10232,28088,194,19.52,BR,2025-04-21T06:03:09.000+05:45
10172,30751,87,36.64,NP,2023-11-19T06:03:32.000+05:45
10436,31236,429,192.86,GB,2026-02-19T00:42:22.000+05:45
10036,32908,462,7.5,US,2024-05-14T03:26:20.000+05:45
10493,33150,182,62.31,AU,2026-01-21T00:37:17.000+05:45
10433,33987,7,47.34,IN,2026-06-08T03:50:21.000+05:45
10053,35899,381,23.83,IN,2025-04-09T00:49:07.000+05:45
10022,36066,304,140.46,NP,2026-06-01T22:12:32.000+05:45
10023,38908,497,64.23,JP,2024-09-24T19:06:30.000+05:45
10195,38980,66,108.6,JP,2023-08-07T16:08:12.000+05:45
10438,40335,188,77.57,NP,2025-08-07T12:08:01.000+05:45
10237,42644,428,71.13,NP,2025-12-08T23:14:36.000+05:45
10259,42833,424,275.29,NP,2026-06-06T12:00:58.000+05:45
10470,43307,79,34.02,DE,2024-06-08T12:40:58.000+05:45
10182,44148,191,10.19,NP,2024-05-07T16:16:54.000+05:45
10310,44936,161,58.71,JP,2023-02-24T03:36:38.000+05:45
10070,45975,260,10.78,NP,2025-03-10T15:43:17.000+05:45
10274,45978,423,7.64,US,2026-02-27T08:52:47.000+05:45
10192,46310,53,67.58,AU,2025-10-21T17:50:07.000+05:45
10141,47116,249,60.04,US,2024-12-27T05:23:30.000+05:45
10063,48077,147,205.07,DE,2026-04-09T11:37:51.000+05:45
10068,48078,450,147.98,NP,2026-03-01T08:18:56.000+05:45
10106,49355,206,26.64,NP,2025-03-16T13:52:38.000+05:45
10187,49673,493,2.38,NP,2026-05-01T14:53:13.000+05:45
10323,50516,17,208.41,NP,2023-10-19T12:22:12.000+05:45
10436,50546,206,7.19,NP,2023-03-30T19:59:46.000+05:45
10299,51414,35,49.6,NP,2024-10-21T16:41:51.000+05:45
10119,53316,494,43.82,NP,2025-02-09T07:18:50.000+05:45
10038,53371,292,190.64,DE,2024-11-05T14:25:16.000+05:45
10410,53544,68,71.16,NP,2025-02-03T05:36:03.000+05:45
10321,53963,288,10.95,NP,2024-04-03T16:47:13.000+05:45
10084,54549,418,41.21,NP,2025-06-27T05:10:02.000+05:45
10410,56981,175,80.11,NP,2025-12-24T09:32:31.000+05:45
10238,57415,63,40.13,NP,2024-04-06T22:16:58.000+05:45
10310,58345,47,92.11,NP,2023-08-06T20:31:40.000+05:45
10103,58985,424,230.9,IN,2025-09-18T09:09:01.000+05:45
10398,59075,162,120.92,NP,2023-11-14T12:35:07.000+05:45
10243,61492,405,69.5,IN,2024-03-02T07:12:49.000+05:45
10325,62072,426,38.54,GB,2023-07-27T02:21:51.000+05:45
10356,64166,270,57.39,DE,2024-12-12T11:43:01.000+05:45
10023,65169,2,7.79,US,2024-03-17T18:13:46.000+05:45
10240,65359,290,76.88,NP,2024-08-23T03:39:00.000+05:45
10279,65867,98,75.54,IN,2023-06-09T10:50:13.000+05:45
10403,66500,125,74.6,NP,2023-12-29T01:03:51.000+05:45
10033,66806,181,74.85,NP,2023-08-18T08:34:12.000+05:45
10126,68266,56,1.0,NP,2025-12-17T11:43:18.000+05:45
10334,69905,261,50.16,NP,2025-03-24T21:43:06.000+05:45
10275,70208,353,69.46,NP,2025-04-12T14:17:33.000+05:45
10482,70662,16,37.29,NP,2026-03-09T01:58:12.000+05:45
10302,72165,136,454.22,NP,2023-05-02T02:54:11.000+05:45
10218,74747,357,34.9,NP,2026-01-26T07:51:27.000+05:45
10385,74833,437,189.17,IN,2023-03-03T01:50:46.000+05:45
10229,75415,424,183.49,NP,2024-02-24T21:25:46.000+05:45
10227,75529,107,33.42,NP,2024-01-25T15:54:32.000+05:45
10257,75731,96,109.49,NP,2025-11-06T04:18:21.000+05:45
10296,78730,44,8.84,US,2025-07-14T12:51:58.000+05:45
10068,79577,470,76.15,NP,2023-06-12T19:44:25.000+05:45
10117,80657,194,29.13,NP,2023-01-05T00:22:34.000+05:45
10099,81035,379,18.57,AU,2024-08-27T23:52:25.000+05:45
10090,84477,80,78.55,NP,2024-08-21T11:41:56.000+05:45
10059,84800,294,29.65,DE,2025-01-23T04:58:38.000+05:45
10471,85104,278,3.27,BR,2024-08-29T04:32:57.000+05:45
10047,87168,435,20.5,NP,2025-12-09T04:46:09.000+05:45
10038,87766,277,29.2,DE,2025-05-03T16:35:42.000+05:45
10175,87932,209,48.81,US,2025-07-15T10:49:15.000+05:45
10119,88156,345,37.75,NP,2024-02-16T16:01:40.000+05:45
10351,88479,119,217.29,NP,2023-01-25T05:44:31.000+05:45
10288,89804,4,32.35,US,2023-06-14T00:10:39.000+05:45
10400,90175,146,31.22,NP,2023-09-06T18:32:55.000+05:45
10284,91690,68,5.22,JP,2025-04-10T16:06:46.000+05:45
10444,95701,138,18.41,NP,2026-05-06T04:49:10.000+05:45
10090,96142,84,8.08,NP,2024-09-04T17:36:06.000+05:45
10148,97509,470,68.53,NP,2024-02-15T23:11:03.000+05:45
10185,98390,328,167.34,AU,2025-09-03T22:33:38.000+05:45
10040,99797,68,75.49,NP,2025-01-26T11:06:49.000+05:45
10013,100102,259,22.21,NP,2024-03-21T08:42:51.000+05:45
10159,100447,249,5.06,NP,2025-06-08T19:58:13.000+05:45
10243,101055,36,29.81,NP,2026-06-12T03:56:39.000+05:45
10260,101453,334,76.77,NP,2025-09-17T04:10:21.000+05:45
10083,101895,336,231.1,NP,2023-10-18T16:09:14.000+05:45
10424,103556,184,75.52,NP,2025-11-20T10:52:29.000+05:45
10487,104829,212,87.57,NP,2023-02-27T21:26:02.000+05:45
10029,105712,318,114.15,NP,2023-06-13T07:38:16.000+05:45
10005,106053,330,39.83,NP,2023-12-12T00:48:48.000+05:45
10308,106807,403,73.47,AU,2025-08-28T21:41:18.000+05:45
10426,107599,350,56.57,NP,2025-12-28T12:16:00.000+05:45
10374,108379,310,36.94,NP,2024-07-27T03:53:45.000+05:45
10430,108399,438,28.46,JP,2023-02-02T01:28:50.000+05:45
10492,108659,293,44.62,NP,2023-07-01T18:04:36.000+05:45
10465,109230,70,35.7,NP,2025-07-16T14:26:36.000+05:45
10498,110482,237,107.38,NP,2025-11-10T03:20:32.000+05:45
10050,111114,345,130.21,NP,2024-07-08T02:17:24.000+05:45
10482,113294,419,6.35,NP,2025-05-16T15:27:32.000+05:45
10265,113299,286,116.13,IN,2024-02-27T06:07:55.000+05:45
10045,114979,18,179.14,NP,2025-03-04T00:56:27.000+05:45
10009,115697,267,113.27,DE,2023-11-06T18:05:23.000+05:45
10319,116288,17,209.54,DE,2024-10-04T12:35:03.000+05:45
10499,117315,378,234.26,DE,2023-08-12T16:58:55.000+05:45
10406,119354,309,33.58,IN,2026-05-27T02:51:30.000+05:45
10061,121471,190,45.78,NP,2023-02-27T09:34:16.000+05:45
10253,121746,320,27.31,IN,2024-07-28T02:16:51.000+05:45
10082,121749,399,75.85,NP,2023-07-10T16:59:06.000+05:45
10198,121947,408,28.95,NP,2024-09-15T20:43:14.000+05:45
10103,124967,417,95.24,IN,2024-10-02T05:48:20.000+05:45
10464,125656,492,590.11,NP,2025-06-09T02:37:11.000+05:45
10399,126688,316,59.55,NP,2025-05-22T19:20:19.000+05:45
10491,128633,296,122.68,IN,2025-06-23T20:52:33.000+05:45
10045,128730,173,27.14,NP,2025-12-03T08:01:23.000+05:45
10456,130013,474,4.62,AU,2025-08-30T03:54:05.000+05:45
10230,130671,88,86.25,IN,2025-02-13T19:05:27.000+05:45
10163,131607,288,24.61,NP,2024-01-15T07:55:55.000+05:45
10362,132907,258,202.5,NP,2024-11-10T04:13:43.000+05:45
10196,133782,146,55.53,IN,2025-10-04T13:11:51.000+05:45
10461,134873,301,9.49,DE,2024-07-03T02:47:28.000+05:45
10396,141431,380,55.43,JP,2023-07-28T20:26:31.000+05:45
10457,142671,431,26.75,NP,2023-08-11T13:39:10.000+05:45
10185,143544,354,90.6,NP,2024-11-30T04:48:33.000+05:45
10065,144771,377,5.23,NP,2026-01-12T10:38:04.000+05:45
10351,146333,124,87.81,BR,2025-12-24T04:16:10.000+05:45
10498,148018,144,7.06,GB,2024-10-25T02:03:33.000+05:45
10411,149844,263,114.07,IN,2024-03-23T05:16:40.000+05:45
10117,150673,111,32.71,NP,2023-03-30T19:46:31.000+05:45
10346,151762,483,141.04,NP,2025-07-29T11:38:48.000+05:45
10043,152124,377,10.25,DE,2024-04-27T23:03:15.000+05:45
10160,155277,60,49.43,NP,2026-01-25T15:53:30.000+05:45
10400,155534,319,171.06,US,2024-12-19T18:24:07.000+05:45
10064,157716,138,62.4,NP,2025-12-12T13:10:39.000+05:45
10417,157853,280,16.03,NP,2024-04-11T06:05:48.000+05:45
10400,158273,200,135.15,AU,2026-01-16T19:11:29.000+05:45
10450,163647,429,97.93,US,2026-02-11T00:38:23.000+05:45
10491,163663,144,85.01,JP,2025-03-11T00:04:04.000+05:45
10176,164390,20,144.02,IN,2025-06-13T00:43:41.000+05:45
10040,167575,365,33.58,NP,2023-11-30T03:19:25.000+05:45
10191,171063,313,29.37,IN,2024-08-03T15:39:37.000+05:45
10302,173199,197,138.89,NP,2025-01-07T20:49:19.000+05:45
10476,175451,406,48.74,AU,2025-02-23T04:27:09.000+05:45
10135,176684,417,34.88,IN,2026-02-13T10:03:58.000+05:45
10136,177858,245,172.4,NP,2026-04-18T04:11:18.000+05:45
10069,180505,179,3.04,GB,2025-08-31T19:34:20.000+05:45
10354,181390,109,313.76,NP,2023-03-13T02:15:10.000+05:45
10151,183294,92,105.79,DE,2024-08-15T23:09:46.000+05:45
10303,183902,207,9.62,NP,2026-02-07T00:24:24.000+05:45
10460,184435,310,86.94,NP,2024-06-13T00:10:27.000+05:45
10180,184450,411,23.87,BR,2024-01-29T13:17:49.000+05:45
10217,186976,492,20.19,GB,2023-12-30T11:04:35.000+05:45
10202,190082,220,119.2,NP,2026-05-30T09:07:25.000+05:45
10473,191611,320,31.98,US,2025-04-11T14:19:01.000+05:45
10136,192249,35,71.63,IN,2025-12-18T19:43:27.000+05:45
10421,193137,178,30.37,NP,2023-07-12T04:03:16.000+05:45
10014,193260,480,32.41,NP,2026-05-10T05:34:36.000+05:45
10124,194130,179,22.84,AU,2024-02-13T05:49:19.000+05:45
10140,194912,165,5.95,NP,2023-10-17T23:59:33.000+05:45
10233,197753,416,1.1,US,2024-10-30T05:25:05.000+05:45
10171,197899,478,143.4,NP,2025-02-07T18:32:03.000+05:45
10253,200982,209,37.92,JP,2024-03-15T10:17:31.000+05:45
10428,202081,79,272.91,NP,2025-05-08T00:46:42.000+05:45
10264,203022,444,88.31,AU,2024-06-23T21:55:05.000+05:45
10156,203592,329,62.88,NP,2024-02-26T07:03:45.000+05:45
10210,203692,290,5.89,NP,2023-05-15T16:44:56.000+05:45
10470,204005,130,13.17,NP,2025-11-12T23:40:17.000+05:45
10157,204562,322,354.03,NP,2024-05-24T10:30:59.000+05:45
10439,204939,186,32.42,NP,2025-12-14T12:53:01.000+05:45
10236,205556,62,266.34,NP,2024-11-13T00:49:02.000+05:45
10156,205649,227,186.1,NP,2023-04-07T18:08:22.000+05:45
10054,205767,466,20.92,DE,2025-09-11T03:47:26.000+05:45
10463,207409,354,177.88,NP,2024-04-09T17:40:07.000+05:45
10496,213063,96,126.66,DE,2026-06-28T03:40:52.000+05:45
10102,214181,223,19.47,NP,2025-08-20T15:15:04.000+05:45
10479,214432,347,156.3,US,2025-04-23T08:23:46.000+05:45
10359,214801,364,8.53,JP,2025-10-04T14:08:06.000+05:45
10107,218072,395,39.81,NP,2023-06-07T15:46:33.000+05:45
10259,220348,385,55.24,NP,2026-05-04T21:00:32.000+05:45
10223,224078,169,132.15,US,2023-07-31T05:01:45.000+05:45
10353,224889,208,54.61,NP,2023-02-10T06:52:43.000+05:45
10258,225052,317,155.63,NP,2025-04-10T09:01:47.000+05:45
10149,226238,104,80.99,NP,2023-03-07T20:48:13.000+05:45
10210,226603,340,175.28,NP,2025-06-16T01:27:26.000+05:45
10315,226749,334,20.7,NP,2024-11-02T19:16:22.000+05:45
10364,227038,339,24.75,NP,2024-03-15T00:14:12.000+05:45
10446,228230,401,107.66,NP,2024-10-21T07:03:40.000+05:45
10057,228600,388,75.4,NP,2026-05-12T11:09:56.000+05:45
10223,230907,110,69.99,NP,2023-03-04T19:13:30.000+05:45
10492,231609,472,15.18,GB,2023-10-05T00:57:39.000+05:45
10291,231681,500,19.9,AU,2023-07-17T13:26:54.000+05:45
10237,231786,42,39.06,NP,2023-11-23T15:09:09.000+05:45
10106,232942,37,7.66,AU,2024-07-09T17:14:38.000+05:45
10430,233801,230,58.61,NP,2025-10-17T04:10:21.000+05:45
10115,236323,150,190.21,US,2026-04-04T22:24:56.000+05:45
10037,236417,80,161.83,NP,2023-10-20T17:33:36.000+05:45
10014,237278,297,51.44,BR,2025-10-30T13:25:49.000+05:45
10045,237715,475,5.35,AU,2025-12-04T01:28:19.000+05:45
10047,238189,313,11.0,NP,2024-02-08T13:44:25.000+05:45
10143,242106,52,77.93,NP,2024-01-14T17:41:50.000+05:45
10012,242763,171,43.12,NP,2023-08-13T18:39:17.000+05:45
10472,242865,185,16.65,NP,2025-06-07T01:28:26.000+05:45
10372,243983,359,27.52,NP,2026-06-25T18:17:39.000+05:45
10275,244758,157,5.62,NP,2023-12-28T08:30:17.000+05:45
10116,249376,251,76.53,IN,2024-05-22T10:06:07.000+05:45
10257,252596,360,79.76,AU,2023-10-24T21:10:52.000+05:45
10324,253537,239,5.61,NP,2025-02-12T01:00:57.000+05:45
10375,254363,274,4.54,NP,2024-07-10T15:43:06.000+05:45
10007,256332,61,60.12,AU,2024-12-25T22:58:41.000+05:45
10456,257444,495,69.08,NP,2024-07-06T18:00:18.000+05:45
10462,261302,136,47.77,NP,2023-07-12T20:10:23.000+05:45
10343,262858,375,42.71,NP,2025-10-14T02:50:09.000+05:45
10357,265286,303,9.38,NP,2023-09-20T00:55:46.000+05:45
10229,265712,369,3.54,GB,2025-08-05T21:05:03.000+05:45
10345,266348,483,168.49,JP,2026-02-20T13:15:06.000+05:45
10091,267232,121,27.33,NP,2025-05-29T03:27:14.000+05:45
10384,268204,180,49.15,JP,2023-02-24T03:36:02.000+05:45
10082,268252,283,22.62,GB,2023-06-02T05:29:40.000+05:45
10440,268966,86,56.09,NP,2025-03-13T09:19:59.000+05:45
10142,269163,350,116.41,NP,2025-06-18T06:25:37.000+05:45
10360,271213,323,60.23,US,2026-05-10T19:02:58.000+05:45
10208,275073,2,14.75,NP,2026-04-04T20:57:28.000+05:45
10001,276057,465,28.53,GB,2023-03-14T10:16:55.000+05:45
10171,276358,233,11.35,NP,2025-04-13T19:21:27.000+05:45
10434,276499,71,6.48,NP,2024-07-05T04:08:48.000+05:45
10153,276738,147,99.56,US,2025-11-16T01:27:17.000+05:45
10140,277163,355,180.94,JP,2025-11-11T13:19:31.000+05:45
10495,277728,36,104.56,IN,2024-09-15T10:34:53.000+05:45
10426,278907,144,22.58,NP,2025-09-02T12:14:00.000+05:45
10449,280480,70,5.65,NP,2026-03-18T10:01:52.000+05:45
10379,281629,480,99.09,AU,2023-01-08T00:48:02.000+05:45
10359,282396,323,131.22,NP,2023-01-20T13:17:40.000+05:45
10493,286442,84,105.76,NP,2024-05-21T13:45:14.000+05:45
10387,287624,357,53.25,NP,2026-03-11T20:26:42.000+05:45
10047,289267,81,183.25,US,2025-05-24T17:06:10.000+05:45
10446,289939,183,113.18,AU,2025-04-01T10:07:11.000+05:45
10318,291016,126,144.4,IN,2024-10-08T03:22:05.000+05:45
10457,292037,137,32.5,GB,2025-07-23T13:05:53.000+05:45
10035,297467,89,46.58,NP,2026-01-22T07:56:51.000+05:45
10388,298664,312,16.21,IN,2026-01-07T20:46:16.000+05:45
10163,299403,192,188.91,NP,2025-01-06T20:35:47.000+05:45
10420,299969,289,13.63,NP,2024-12-07T19:22:11.000+05:45
10479,300152,43,48.63,IN,2023-01-25T21:57:39.000+05:45
10279,300945,347,52.79,AU,2023-03-13T17:32:15.000+05:45
10132,304448,206,72.58,NP,2023-07-24T23:32:39.000+05:45
10469,304666,259,102.32,NP,2026-02-21T21:52:33.000+05:45
10092,304857,380,69.95,IN,2026-02-26T19:55:15.000+05:45
10009,305925,299,213.57,NP,2025-06-27T09:05:07.000+05:45
10384,312954,432,153.64,NP,2024-06-13T23:30:56.000+05:45
10224,314701,338,60.61,NP,2023-10-25T14:08:10.000+05:45
10314,317541,64,8.92,US,2026-02-18T23:59:30.000+05:45
10216,317937,450,39.15,NP,2025-08-19T18:10:46.000+05:45
10032,318617,13,162.58,NP,2025-12-04T12:32:37.000+05:45
10161,319096,91,15.69,NP,2024-08-03T04:48:23.000+05:45
10357,319128,234,29.98,NP,2024-11-03T12:00:41.000+05:45
10257,320384,477,25.58,NP,2025-03-02T03:34:22.000+05:45
10205,320851,408,80.04,NP,2025-07-18T13:02:41.000+05:45
10206,324388,204,76.34,DE,2025-03-29T05:35:55.000+05:45
10160,324431,372,52.35,BR,2024-10-20T20:00:40.000+05:45
10045,324828,382,23.01,NP,2025-04-22T16:40:28.000+05:45
10497,325984,141,42.27,DE,2024-12-02T02:18:20.000+05:45
10329,326148,162,145.23,NP,2024-01-03T00:55:00.000+05:45
10209,326431,338,8.62,DE,2024-01-07T12:54:49.000+05:45
10243,327870,172,198.53,NP,2025-11-12T08:21:43.000+05:45
10202,329129,455,71.83,NP,2025-10-08T21:21:21.000+05:45
10208,329232,253,54.24,NP,2023-11-16T19:07:21.000+05:45
10123,331105,309,24.05,NP,2023-08-31T00:55:18.000+05:45
10031,331589,177,31.88,NP,2025-07-27T17:21:34.000+05:45
10022,332509,345,17.16,IN,2023-09-20T21:37:03.000+05:45
10115,333011,160,157.79,US,2026-02-25T09:36:44.000+05:45
10452,333384,477,101.91,NP,2025-11-05T05:46:38.000+05:45
10021,334490,264,56.36,NP,2024-03-25T20:57:24.000+05:45
10195,337848,130,35.51,NP,2025-12-05T04:01:41.000+05:45
10152,337938,409,70.13,NP,2023-02-07T10:38:56.000+05:45
10295,341536,353,397.21,JP,2025-08-21T03:58:00.000+05:45
10025,342179,391,12.56,NP,2024-08-13T02:21:31.000+05:45
10445,342442,315,119.29,BR,2023-08-06T00:37:16.000+05:45
10302,343870,273,14.76,NP,2023-05-19T18:11:49.000+05:45
10375,346078,297,357.09,NP,2023-05-11T08:39:47.000+05:45
10004,347721,344,76.34,GB,2023-12-23T17:46:17.000+05:45
10394,348496,198,97.18,NP,2025-03-22T11:01:43.000+05:45
10290,349539,351,77.07,US,2024-04-24T13:37:47.000+05:45
10096,352475,324,100.65,AU,2025-03-05T16:50:08.000+05:45
10110,354838,202,61.19,BR,2024-04-04T14:12:12.000+05:45
10287,355304,405,84.2,DE,2023-11-08T19:32:11.000+05:45
10463,355329,446,69.35,NP,2025-07-15T14:45:00.000+05:45
10403,355605,84,85.6,AU,2024-08-03T21:14:53.000+05:45
10196,357969,4,29.04,NP,2023-09-28T16:19:54.000+05:45
10255,360237,270,90.44,NP,2024-12-29T15:06:47.000+05:45
10206,360996,257,178.33,NP,2025-07-21T21:43:21.000+05:45
10038,361658,224,63.37,NP,2024-12-30T06:52:21.000+05:45
10114,362173,324,49.07,NP,2024-06-11T02:32:37.000+05:45
10356,363548,390,143.96,NP,2025-02-06T16:20:05.000+05:45
10315,365648,487,78.4,NP,2023-11-19T19:25:13.000+05:45
10198,365887,251,86.64,IN,2023-10-20T02:58:24.000+05:45
10379,366176,136,200.26,NP,2024-06-23T01:20:29.000+05:45
10109,366422,154,161.74,US,2026-06-10T21:40:23.000+05:45
10058,368366,21,160.8,BR,2024-04-01T19:44:53.000+05:45
10380,368548,159,10.9,IN,2024-11-21T04:05:06.000+05:45
10299,370931,276,19.49,NP,2023-01-08T17:31:23.000+05:45
10190,371754,157,63.79,GB,2023-02-16T04:19:41.000+05:45
10134,374371,408,242.79,US,2026-05-06T22:24:09.000+05:45
10058,377379,281,90.08,NP,2025-10-20T14:22:47.000+05:45
10461,378680,100,76.55,NP,2024-07-18T15:44:03.000+05:45
10075,379524,354,145.34,AU,2024-07-21T12:00:22.000+05:45
10389,379683,214,6.69,NP,2026-06-19T09:24:59.000+05:45
10418,382553,292,9.83,IN,2023-03-17T02:15:34.000+05:45
10253,382924,347,32.54,NP,2024-11-30T12:13:06.000+05:45
10465,385344,305,27.98,NP,2026-06-19T03:13:28.000+05:45
10291,385891,22,81.75,NP,2025-08-03T12:01:55.000+05:45
10419,386510,437,42.4,NP,2025-07-02T01:27:35.000+05:45
10268,386753,419,58.92,NP,2023-01-01T19:37:07.000+05:45
10163,387155,212,144.67,NP,2024-06-23T06:31:42.000+05:45
10143,387297,3,44.32,NP,2025-10-20T09:54:20.000+05:45
10345,387578,415,101.15,IN,2025-06-06T06:09:51.000+05:45
10438,389966,266,72.99,AU,2025-10-28T03:55:26.000+05:45
10290,393623,6,100.25,NP,2025-05-21T12:46:52.000+05:45
10387,394107,364,32.64,GB,2026-06-09T05:08:33.000+05:45
10421,394260,465,40.3,BR,2025-07-08T05:13:18.000+05:45
10131,395492,134,126.56,NP,2025-03-09T09:28:24.000+05:45
10098,400583,119,59.01,AU,2026-02-18T04:16:23.000+05:45
10278,402198,120,6.5,JP,2025-11-25T16:54:28.000+05:45
10420,402879,439,3.66,JP,2023-01-30T22:51:39.000+05:45
10415,405314,457,11.25,NP,2024-08-28T02:40:15.000+05:45
10419,408874,137,1.23,NP,2023-01-02T01:26:50.000+05:45
10426,409072,486,163.51,NP,2023-05-03T16:15:30.000+05:45
10457,409785,89,406.82,US,2023-05-19T07:57:48.000+05:45
10395,412536,19,34.5,NP,2024-01-19T21:05:59.000+05:45
10412,412540,431,54.02,NP,2024-05-31T11:48:43.000+05:45
10422,413478,475,111.91,AU,2023-07-17T17:44:46.000+05:45
10038,414694,245,118.8,JP,2025-11-14T23:37:09.000+05:45
10352,416810,287,187.41,NP,2023-11-27T15:10:46.000+05:45
10498,417052,479,109.87,NP,2026-05-25T13:46:22.000+05:45
10013,417218,73,36.58,NP,2026-05-17T04:52:12.000+05:45
10403,418405,186,190.29,NP,2024-12-20T08:35:05.000+05:45
10127,418688,52,31.28,JP,2025-09-03T07:42:32.000+05:45
10428,419532,56,9.08,NP,2023-07-29T07:55:28.000+05:45
10245,419784,253,65.27,NP,2023-02-24T10:52:47.000+05:45
10409,420739,215,165.79,NP,2026-06-02T03:33:48.000+05:45
10282,422027,403,32.87,NP,2026-02-25T03:32:13.000+05:45
10204,427619,3,21.13,NP,2025-11-02T15:33:02.000+05:45
10151,428999,474,30.64,NP,2026-04-18T18:23:26.000+05:45
10304,430721,431,131.02,GB,2025-05-14T08:55:06.000+05:45
10127,431804,420,35.54,DE,2023-04-03T11:24:20.000+05:45
10343,432102,378,112.04,NP,2025-11-08T04:40:16.000+05:45
10267,436127,27,19.58,NP,2023-02-25T11:41:31.000+05:45
10257,437097,127,56.9,GB,2025-06-13T09:55:39.000+05:45
10176,438772,474,184.91,NP,2024-03-04T20:13:23.000+05:45
10231,441181,379,45.55,NP,2024-06-11T21:55:01.000+05:45
10307,441664,66,7.04,NP,2023-05-07T11:22:13.000+05:45
10213,442082,440,46.11,JP,2024-01-17T02:56:59.000+05:45
10217,443128,12,31.87,BR,2025-03-13T17:46:51.000+05:45
10414,443430,463,187.91,NP,2026-04-01T08:52:06.000+05:45
10188,443958,238,62.93,NP,2026-02-24T03:13:01.000+05:45
10226,444048,280,83.31,IN,2025-10-05T09:42:29.000+05:45
10067,446573,167,15.05,NP,2025-09-28T14:02:27.000+05:45
10208,447104,297,63.68,US,2025-06-10T07:14:16.000+05:45
10410,447869,225,63.39,NP,2026-06-02T13:23:36.000+05:45
10086,448987,123,87.32,NP,2023-01-19T18:11:38.000+05:45
10256,451359,335,43.81,NP,2024-07-26T17:11:08.000+05:45
10206,451639,57,13.31,NP,2025-09-01T18:14:57.000+05:45
10416,455317,475,35.21,NP,2025-05-17T12:51:04.000+05:45
10320,456875,466,163.1,NP,2024-06-12T00:55:27.000+05:45
10452,458798,48,47.57,IN,2025-08-18T08:30:23.000+05:45
10369,460554,60,106.63,NP,2025-04-19T04:42:18.000+05:45
10310,461994,492,315.54,NP,2025-09-22T08:57:24.000+05:45
10344,462236,132,67.15,NP,2024-01-13T15:54:45.000+05:45
10497,462480,108,4.88,NP,2026-01-31T20:07:20.000+05:45
10493,463971,250,27.44,JP,2023-03-29T20:38:37.000+05:45
10128,464061,202,77.25,BR,2024-03-15T05:05:43.000+05:45
10156,466016,390,95.06,US,2024-11-12T05:16:29.000+05:45
10203,467373,286,27.57,DE,2024-02-18T17:48:22.000+05:45
10461,468399,287,58.92,NP,2024-01-25T01:37:41.000+05:45
10016,469892,222,15.53,NP,2023-04-07T15:15:31.000+05:45
10007,470822,196,44.59,JP,2026-02-04T14:44:03.000+05:45
10466,472665,241,35.75,JP,2025-07-28T14:06:39.000+05:45
10012,473686,302,222.22,NP,2026-06-02T21:58:19.000+05:45
10309,474490,319,160.9,NP,2024-12-14T16:17:41.000+05:45
10166,474714,6,56.77,US,2024-03-25T23:02:19.000+05:45
10179,476594,423,99.69,NP,2025-01-13T07:53:57.000+05:45
10272,476721,213,123.3,GB,2026-05-21T09:43:36.000+05:45
10427,476872,303,13.89,IN,2025-04-02T18:38:55.000+05:45
10456,477269,434,22.58,BR,2023-09-20T07:35:54.000+05:45
10470,477387,152,42.3,AU,2025-02-21T22:36:56.000+05:45
10132,477759,235,107.84,GB,2025-02-01T11:06:25.000+05:45
10120,477883,351,31.35,US,2025-04-06T10:24:07.000+05:45
10320,478689,224,24.56,NP,2025-09-06T20:28:59.000+05:45
10094,479614,488,90.05,NP,2025-06-08T10:57:00.000+05:45
10095,480082,78,73.33,NP,2023-03-11T07:15:55.000+05:45
10112,480581,191,62.61,IN,2024-07-17T06:23:45.000+05:45
10140,481233,50,33.51,BR,2025-10-05T02:18:25.000+05:45
10253,481281,498,88.95,NP,2023-03-09T16:56:09.000+05:45
10068,482156,498,157.66,BR,2025-11-02T02:46:41.000+05:45
10318,483091,355,67.64,AU,2024-03-01T07:06:18.000+05:45
10170,484059,222,7.39,JP,2025-09-26T12:45:16.000+05:45
10316,485577,413,76.94,IN,2023-11-02T21:34:29.000+05:45
10382,489343,211,21.37,NP,2025-05-18T20:45:08.000+05:45
10250,491415,384,39.43,BR,2024-10-10T03:37:14.000+05:45
10165,492523,379,296.32,NP,2026-02-10T13:58:55.000+05:45
10225,492899,352,9.88,NP,2025-09-23T05:31:57.000+05:45
10358,494516,3,13.52,IN,2026-05-30T06:44:15.000+05:45
10488,496548,289,4.27,NP,2024-05-18T17:14:55.000+05:45
10013,499281,395,49.79,US,2025-10-15T03:28:14.000+05:45
10446,500544,240,25.3,DE,2023-06-13T15:47:14.000+05:45
10329,500644,188,86.96,NP,2023-04-20T03:27:27.000+05:45
10167,504105,4,186.74,JP,2024-07-06T19:37:01.000+05:45
10060,505189,433,68.23,NP,2026-03-06T13:41:40.000+05:45
10164,505268,433,57.89,DE,2025-08-08T06:33:04.000+05:45
10059,505647,149,88.45,NP,2024-06-27T07:52:25.000+05:45
10039,509779,432,55.29,BR,2025-08-22T15:42:01.000+05:45
10152,510960,419,162.08,NP,2025-02-19T05:02:36.000+05:45
10218,512754,77,74.25,NP,2026-04-30T18:42:55.000+05:45
10431,514282,309,81.13,NP,2023-02-01T01:27:13.000+05:45
10141,514538,485,249.38,AU,2023-05-23T02:27:37.000+05:45
10265,515498,387,60.34,NP,2026-03-26T03:31:41.000+05:45
10099,517503,79,147.98,NP,2024-11-10T02:25:14.000+05:45
10276,518493,82,93.43,NP,2024-06-21T01:36:13.000+05:45
10205,519835,306,70.49,JP,2025-12-19T19:06:10.000+05:45
10117,521735,498,35.13,NP,2023-01-31T04:56:10.000+05:45
10087,523441,164,12.51,NP,2024-01-27T01:16:41.000+05:45
10274,523501,278,311.62,NP,2024-06-07T12:08:42.000+05:45
10281,524670,367,63.3,NP,2026-02-16T21:06:05.000+05:45
10288,525511,408,33.3,US,2025-11-24T10:56:08.000+05:45
10180,526882,466,5.56,NP,2026-04-10T13:34:35.000+05:45
10321,527032,220,37.48,US,2025-04-10T04:25:22.000+05:45
10440,528257,82,80.62,NP,2025-07-19T02:44:55.000+05:45
10030,530496,284,142.72,US,2023-09-22T02:19:46.000+05:45
10028,530545,477,125.95,NP,2026-03-18T01:26:23.000+05:45
10415,530582,188,18.28,NP,2026-02-02T13:13:45.000+05:45
10223,531041,218,46.72,US,2024-04-13T05:37:41.000+05:45
10148,532193,250,38.62,NP,2025-10-30T07:59:02.000+05:45
10188,532326,487,196.1,GB,2024-11-22T11:41:07.000+05:45
10428,532582,57,272.29,JP,2024-12-15T19:32:07.000+05:45
10150,534516,29,8.26,NP,2025-11-19T13:02:50.000+05:45
10241,536417,211,26.33,NP,2024-11-20T13:21:02.000+05:45
10179,537275,428,76.26,NP,2023-09-20T21:30:59.000+05:45
10097,538331,410,116.87,US,2023-04-20T21:25:15.000+05:45
10414,538701,359,2.54,US,2023-03-16T06:12:46.000+05:45
10305,541108,288,13.59,NP,2025-02-03T15:55:02.000+05:45
10211,543271,361,8.6,GB,2024-07-21T11:11:12.000+05:45
10314,544527,268,42.22,NP,2024-07-03T02:42:06.000+05:45
10294,544847,364,35.73,US,2023-09-21T16:27:28.000+05:45
10252,546285,367,29.93,NP,2023-03-16T14:30:22.000+05:45
10176,549373,218,98.95,NP,2023-05-25T01:04:19.000+05:45
10450,550397,443,91.48,NP,2024-11-27T06:09:43.000+05:45
10149,550844,302,27.44,US,2025-02-28T16:30:17.000+05:45
10350,551453,443,106.62,NP,2024-02-29T12:22:04.000+05:45
10443,554224,352,171.56,NP,2024-12-30T21:04:13.000+05:45
10426,555007,47,37.14,AU,2023-12-04T09:32:28.000+05:45
10362,555334,46,23.82,NP,2024-06-12T05:39:17.000+05:45
10393,556796,218,76.03,BR,2026-05-25T13:51:58.000+05:45
10255,557444,160,12.33,NP,2024-03-19T02:37:21.000+05:45
10277,558471,288,10.72,NP,2024-02-29T04:29:22.000+05:45
10054,558707,7,254.24,NP,2024-11-30T03:00:06.000+05:45
10360,560875,417,1.7,IN,2025-05-30T23:08:00.000+05:45
10006,562366,116,25.07,NP,2023-04-01T02:43:42.000+05:45
10325,563342,242,44.35,JP,2026-03-08T04:57:50.000+05:45
10452,564440,401,7.9,NP,2025-12-21T08:26:26.000+05:45
10360,564558,250,9.85,NP,2023-11-10T10:54:19.000+05:45
10210,566408,181,10.54,GB,2023-05-16T17:46:48.000+05:45
10491,568087,367,156.81,NP,2026-02-14T07:27:11.000+05:45
10292,568551,247,24.53,NP,2024-09-11T08:37:39.000+05:45
10246,569498,314,505.58,NP,2025-05-30T12:20:45.000+05:45
10439,570162,121,29.61,NP,2025-04-18T16:36:46.000+05:45
10197,570584,499,17.37,NP,2026-01-13T10:23:35.000+05:45
10492,570633,485,371.21,NP,2025-09-10T19:30:33.000+05:45
10458,570792,143,68.73,JP,2024-12-07T11:55:21.000+05:45
10311,571612,234,177.91,NP,2024-03-06T12:45:51.000+05:45
10455,572933,269,141.31,NP,2024-10-04T08:56:38.000+05:45
10265,573253,161,170.12,NP,2023-12-15T21:11:39.000+05:45
10254,573325,110,170.39,DE,2026-04-03T06:06:45.000+05:45
10020,574175,14,1.26,NP,2024-09-30T20:54:12.000+05:45
10385,574736,71,7.44,AU,2025-06-14T09:27:02.000+05:45
10330,575962,362,1.81,NP,2025-08-01T15:13:52.000+05:45
10360,577074,495,14.19,NP,2024-03-20T10:16:06.000+05:45
10136,577643,271,8.62,NP,2024-05-13T00:44:23.000+05:45
10348,578724,54,261.58,JP,2026-01-31T08:12:07.000+05:45
10365,578750,421,66.54,US,2025-08-04T21:41:08.000+05:45
10184,578772,94,386.64,US,2023-02-15T06:58:29.000+05:45
10016,579291,486,132.82,NP,2023-12-07T22:22:47.000+05:45
10067,581330,112,56.96,DE,2025-05-27T02:12:51.000+05:45
10400,582794,377,104.26,NP,2026-02-27T03:51:39.000+05:45
10124,583034,342,27.99,NP,2023-11-09T06:32:30.000+05:45
10221,586311,323,75.8,NP,2026-06-19T00:26:17.000+05:45
10445,587806,425,34.66,NP,2024-01-28T00:45:49.000+05:45
10077,588137,137,21.47,GB,2025-08-08T19:29:11.000+05:45
10024,589318,154,122.16,JP,2023-03-24T11:15:24.000+05:45
10147,589809,458,40.15,US,2024-01-28T00:57:19.000+05:45
10428,591506,95,49.71,NP,2025-08-05T22:50:05.000+05:45
10262,591549,327,67.79,IN,2026-05-30T20:04:50.000+05:45
10244,591697,179,15.33,JP,2024-11-04T05:37:39.000+05:45
10133,592585,352,189.47,NP,2024-11-20T17:36:44.000+05:45
10358,593188,219,144.91,AU,2024-10-30T22:27:58.000+05:45
10105,595116,464,106.97,NP,2024-06-04T18:07:11.000+05:45
10218,595184,320,48.33,NP,2025-10-29T21:36:41.000+05:45
10008,595253,391,211.62,JP,2024-10-18T07:12:52.000+05:45
10161,598537,165,70.6,NP,2025-07-07T00:03:32.000+05:45
10194,599398,146,46.7,NP,2024-02-04T17:15:01.000+05:45
10245,600157,283,71.33,US,2026-03-27T09:19:08.000+05:45
10296,600351,253,117.06,IN,2025-09-08T05:39:48.000+05:45
10141,601540,445,27.14,NP,2025-09-06T18:06:34.000+05:45
10453,602073,472,3.02,IN,2023-10-16T20:49:52.000+05:45
10097,602524,25,145.61,AU,2025-01-10T16:33:26.000+05:45
10139,606159,327,6.99,NP,2025-12-14T15:01:47.000+05:45
10296,609258,146,1.67,US,2025-09-16T12:39:21.000+05:45
10323,609806,439,35.65,NP,2023-08-22T03:41:18.000+05:45
10277,613589,439,39.3,NP,2023-02-05T17:01:58.000+05:45
10464,616126,64,18.57,NP,2024-02-25T07:39:55.000+05:45
10383,616611,207,41.67,NP,2025-03-01T21:53:20.000+05:45
10249,617580,257,29.26,NP,2023-11-28T12:39:53.000+05:45
10274,617604,1,26.72,NP,2023-09-10T22:42:43.000+05:45
10204,617988,483,13.47,NP,2024-07-03T19:55:46.000+05:45
10347,618368,177,101.84,NP,2025-06-06T05:01:16.000+05:45
10042,618973,378,2.12,NP,2026-06-22T08:08:24.000+05:45
10443,619227,449,132.42,NP,2026-06-03T08:57:55.000+05:45
10274,619847,391,59.65,JP,2024-12-17T17:06:26.000+05:45
10335,620193,248,111.93,JP,2024-10-23T01:12:58.000+05:45
10239,620488,288,47.11,NP,2024-08-09T22:05:20.000+05:45
10387,621580,317,136.62,JP,2026-05-08T06:40:53.000+05:45
10097,622071,87,158.83,US,2023-03-23T00:01:55.000+05:45
10204,622123,451,80.88,NP,2023-03-02T03:25:00.000+05:45
10166,622284,3,5.0,NP,2024-06-01T04:42:58.000+05:45
10312,625572,281,81.57,NP,2023-05-09T19:59:51.000+05:45
10326,626991,175,196.45,IN,2025-03-31T22:08:41.000+05:45
10222,627344,167,6.55,AU,2024-07-27T12:19:45.000+05:45
10142,628590,336,98.54,AU,2024-04-27T10:53:17.000+05:45
10156,628708,289,100.14,JP,2023-08-22T11:23:50.000+05:45
10472,629468,219,55.31,GB,2023-12-26T14:36:54.000+05:45
10012,633625,103,185.76,IN,2023-12-25T23:37:01.000+05:45
10002,634780,63,3.15,NP,2024-10-22T16:33:27.000+05:45
10447,634850,298,3.59,JP,2024-11-04T14:09:47.000+05:45
10176,634899,46,55.73,NP,2023-04-13T03:02:47.000+05:45
10322,635708,322,49.13,JP,2024-08-16T05:24:54.000+05:45
10115,635841,2,10.32,NP,2025-02-22T14:44:12.000+05:45
10357,636209,61,81.19,NP,2023-10-10T06:15:43.000+05:45
10088,636554,152,210.65,IN,2026-05-08T01:01:00.000+05:45
10058,637726,124,88.33,DE,2026-03-10T20:08:23.000+05:45
10319,638219,399,126.24,DE,2024-07-02T01:23:02.000+05:45
10393,639163,118,74.64,NP,2023-11-22T01:09:26.000+05:45
10380,640907,359,166.49,NP,2024-09-02T05:33:40.000+05:45
10488,642291,366,101.31,DE,2026-03-27T08:09:15.000+05:45
10147,642306,285,44.57,NP,2024-09-29T13:16:38.000+05:45
10354,643303,119,37.18,US,2025-10-03T21:13:49.000+05:45
10303,643715,302,66.46,BR,2026-05-07T15:21:10.000+05:45
10400,645578,162,23.43,NP,2023-11-23T10:08:56.000+05:45
10255,645659,303,20.95,GB,2025-11-19T12:53:24.000+05:45
10022,647392,75,167.28,NP,2023-01-03T00:35:09.000+05:45
10149,648647,24,38.3,NP,2024-11-29T19:17:02.000+05:45
10226,649603,28,39.2,GB,2024-05-11T12:56:59.000+05:45
10121,649714,233,7.9,DE,2023-07-08T21:18:28.000+05:45
10339,651910,491,86.29,NP,2024-01-08T21:37:59.000+05:45
10327,653242,363,34.48,AU,2024-08-14T12:11:07.000+05:45
10050,654490,474,210.57,IN,2024-12-18T01:43:01.000+05:45
10351,655452,271,145.2,NP,2024-08-18T04:37:23.000+05:45
10228,656092,483,1.56,NP,2025-12-18T19:41:31.000+05:45
10117,656711,77,71.54,NP,2025-03-30T07:43:56.000+05:45
10420,657190,292,3.3,NP,2024-01-14T16:24:49.000+05:45
10314,657271,154,294.63,JP,2023-08-17T10:54:16.000+05:45
10162,657408,261,17.66,NP,2024-09-28T15:53:43.000+05:45
10250,657942,206,38.11,IN,2023-03-09T10:38:48.000+05:45
10199,658061,65,145.66,US,2024-07-21T19:17:41.000+05:45
10354,659474,201,200.93,NP,2023-01-16T10:40:26.000+05:45
10446,661034,57,113.74,BR,2024-07-03T05:15:28.000+05:45
10279,661663,324,88.98,NP,2025-02-02T13:19:17.000+05:45
10294,665045,407,66.15,NP,2025-03-21T06:07:04.000+05:45
10402,665764,437,62.02,NP,2025-02-19T15:28:50.000+05:45
10007,666617,78,18.47,DE,2024-01-21T08:59:47.000+05:45
10089,667981,382,62.9,NP,2025-06-12T18:44:39.000+05:45
10149,667994,196,112.51,NP,2025-05-30T07:53:44.000+05:45
10368,668858,361,40.02,NP,2025-09-06T10:13:05.000+05:45
10358,668996,299,5.98,NP,2025-01-25T08:33:53.000+05:45
10241,671439,459,49.5,NP,2025-10-14T19:12:31.000+05:45
10494,672270,135,107.65,US,2024-02-09T12:03:20.000+05:45
10116,675605,257,96.95,BR,2025-07-14T05:30:34.000+05:45
10268,677601,94,117.03,IN,2026-02-03T13:34:28.000+05:45
10113,678687,119,31.71,US,2026-05-10T05:41:12.000+05:45
10254,679175,159,45.8,NP,2025-03-18T01:20:08.000+05:45
10113,679212,172,63.9,NP,2023-03-25T15:31:52.000+05:45
10078,679465,310,13.13,AU,2026-02-08T23:21:22.000+05:45
10370,681198,439,68.4,JP,2025-05-12T11:23:27.000+05:45
10495,682297,233,178.18,NP,2023-08-28T10:25:42.000+05:45
10041,683045,210,280.29,NP,2025-11-29T19:48:35.000+05:45
10403,688955,272,19.06,US,2025-07-10T19:35:12.000+05:45
10500,689699,125,150.99,GB,2026-03-29T03:14:10.000+05:45
10049,690299,55,65.54,NP,2025-05-01T06:10:11.000+05:45
10479,693399,202,100.74,NP,2025-03-25T16:55:01.000+05:45
10447,695723,110,17.06,JP,2023-11-15T18:08:50.000+05:45
10479,697806,45,5.83,NP,2024-12-08T05:00:27.000+05:45
10080,699459,207,236.98,NP,2025-10-13T02:37:25.000+05:45
10109,699921,346,114.59,NP,2025-11-08T20:59:04.000+05:45
10231,700557,48,13.21,NP,2023-03-19T10:00:38.000+05:45
10264,706146,329,208.82,NP,2025-07-13T13:30:47.000+05:45
10129,706596,115,13.89,IN,2023-10-04T17:19:49.000+05:45
10107,707256,60,14.32,NP,2026-01-02T06:49:02.000+05:45
10460,707941,206,115.51,NP,2024-02-28T01:53:51.000+05:45
10215,709262,237,12.23,NP,2024-01-23T08:34:20.000+05:45
10210,709690,55,62.94,GB,2025-09-10T01:01:51.000+05:45
10081,709838,371,8.07,NP,2023-01-09T06:10:08.000+05:45
10404,710010,129,6.81,NP,2026-01-30T21:37:01.000+05:45
10183,710821,432,31.29,DE,2026-03-02T14:41:40.000+05:45
10305,711721,467,9.36,DE,2024-08-19T02:10:01.000+05:45
10441,712365,494,49.45,GB,2023-05-13T17:34:21.000+05:45
10132,712368,409,6.1,NP,2025-09-12T07:51:50.000+05:45
10416,713427,8,74.14,NP,2025-09-02T17:50:40.000+05:45
10119,715086,346,55.87,AU,2023-05-22T21:24:51.000+05:45
10227,715286,196,37.0,DE,2026-01-19T05:17:43.000+05:45
10141,716144,382,5.31,BR,2024-05-23T20:13:41.000+05:45
10215,718159,185,99.79,NP,2024-10-21T22:57:17.000+05:45
10310,719978,313,21.96,NP,2023-08-24T14:00:17.000+05:45
10404,720951,445,21.2,DE,2023-02-18T01:26:44.000+05:45
10319,728475,97,76.96,JP,2024-12-12T04:05:44.000+05:45
10204,728618,357,35.02,NP,2025-03-23T03:43:22.000+05:45
10392,729091,166,83.16,NP,2023-03-20T23:30:06.000+05:45
10258,729303,281,74.99,NP,2026-03-03T16:35:03.000+05:45
10410,729673,85,73.61,AU,2023-01-13T05:41:15.000+05:45
10089,729741,241,60.59,NP,2024-08-20T15:03:43.000+05:45
10484,730879,283,4.98,NP,2023-06-13T09:03:43.000+05:45
10476,731784,422,73.27,IN,2023-12-31T02:50:54.000+05:45
10272,732213,469,70.25,NP,2025-01-26T16:08:20.000+05:45
10290,732222,200,36.41,US,2024-06-10T12:49:33.000+05:45
10190,732499,209,52.59,IN,2025-02-03T08:40:24.000+05:45
10062,732791,413,85.46,NP,2023-06-15T09:04:13.000+05:45
10452,734014,320,80.3,AU,2026-06-06T13:50:45.000+05:45
10275,738847,177,6.08,NP,2024-06-27T13:18:04.000+05:45
10114,739120,315,546.6,BR,2025-06-06T21:31:08.000+05:45
10017,739555,395,23.28,NP,2023-12-03T08:45:36.000+05:45
10086,739824,49,97.09,NP,2024-10-05T13:35:33.000+05:45
10438,740319,185,272.09,NP,2024-05-06T17:29:26.000+05:45
10302,740447,402,75.62,NP,2024-07-11T14:04:04.000+05:45
10381,740666,133,25.9,US,2024-05-18T23:43:25.000+05:45
10264,741076,320,4.52,DE,2024-01-07T03:16:35.000+05:45
10051,741134,205,159.7,AU,2026-02-26T08:18:00.000+05:45
10089,743654,83,20.93,NP,2026-02-17T08:02:50.000+05:45
10126,745786,272,91.27,NP,2023-08-03T10:04:30.000+05:45
10116,746657,464,14.11,US,2026-05-07T23:10:21.000+05:45
10241,747846,117,8.75,DE,2024-11-28T23:02:25.000+05:45
10195,750137,129,51.92,NP,2024-03-23T19:11:43.000+05:45
10313,750399,92,6.64,NP,2025-09-17T09:54:03.000+05:45
10257,751156,259,6.44,NP,2023-12-16T15:23:25.000+05:45
10095,752034,227,50.13,NP,2023-11-12T08:31:58.000+05:45
10037,758516,489,116.1,NP,2026-05-31T20:08:47.000+05:45
10063,758659,491,204.66,NP,2024-01-29T03:03:43.000+05:45
10094,763017,464,80.84,NP,2024-02-14T01:03:53.000+05:45
10396,763573,447,131.39,NP,2023-12-14T02:19:32.000+05:45
10471,766964,12,19.22,NP,2026-02-04T02:20:50.000+05:45
10287,767104,269,76.69,NP,2026-06-19T05:26:16.000+05:45
10095,767166,84,63.17,BR,2025-04-05T14:36:18.000+05:45
10162,768109,76,113.23,NP,2024-04-09T07:57:20.000+05:45
10424,768447,89,72.39,GB,2023-01-29T00:43:40.000+05:45
10241,768841,203,384.83,NP,2025-03-15T14:24:10.000+05:45
10194,769455,161,28.53,NP,2023-04-27T12:25:25.000+05:45
10244,771256,370,29.32,AU,2023-07-02T21:34:31.000+05:45
10451,772026,76,1.36,NP,2024-03-06T07:05:35.000+05:45
10384,772634,111,9.99,NP,2023-08-26T03:16:19.000+05:45
10253,772980,276,22.64,NP,2024-04-22T19:08:34.000+05:45
10490,775194,428,20.81,JP,2024-08-18T20:43:39.000+05:45
10200,775674,395,48.12,IN,2025-11-18T22:43:29.000+05:45
10181,776292,354,69.7,NP,2023-04-19T04:06:16.000+05:45
10217,777307,308,42.44,BR,2026-02-25T08:24:15.000+05:45
10157,777667,465,158.03,NP,2024-09-17T23:34:26.000+05:45
10305,778595,312,12.04,US,2025-08-13T09:00:55.000+05:45
10075,778723,475,4.57,NP,2024-02-26T20:03:47.000+05:45
10427,778917,480,56.97,US,2025-02-14T09:34:33.000+05:45
10370,781556,186,13.83,NP,2023-12-14T23:07:03.000+05:45
10372,782225,26,15.1,NP,2023-06-27T10:40:23.000+05:45
10227,784329,193,45.43,NP,2026-05-04T08:34:55.000+05:45
10312,784549,120,157.54,NP,2025-04-07T01:31:58.000+05:45
10069,786168,36,17.49,BR,2025-10-30T17:20:32.000+05:45
10319,787422,313,27.92,NP,2023-01-10T05:35:59.000+05:45
10349,787904,157,52.41,IN,2025-07-25T22:28:18.000+05:45
10046,790757,414,105.99,BR,2025-06-12T14:16:04.000+05:45
10104,791392,147,189.82,NP,2025-05-23T11:45:05.000+05:45
10012,792675,91,154.44,US,2025-05-10T20:33:39.000+05:45
10083,792786,289,62.44,IN,2023-12-16T20:23:39.000+05:45
10450,795590,324,75.01,NP,2025-06-13T13:30:51.000+05:45
10260,796448,360,31.04,NP,2024-11-01T20:35:29.000+05:45
10481,796558,119,41.8,NP,2025-05-13T19:04:55.000+05:45
10460,796559,78,18.59,NP,2023-12-16T22:53:46.000+05:45
10184,797845,303,61.48,US,2023-01-12T12:05:33.000+05:45
10181,800561,361,236.33,DE,2024-12-02T01:43:57.000+05:45
10433,802494,297,238.1,IN,2025-04-17T09:36:51.000+05:45
10434,803932,238,90.29,NP,2026-02-12T01:45:56.000+05:45
10488,806228,389,123.55,IN,2023-06-16T13:28:30.000+05:45
10438,806359,350,92.73,NP,2025-01-01T17:17:26.000+05:45
10160,806387,132,12.85,BR,2026-03-22T11:49:51.000+05:45
10493,807881,448,11.6,NP,2025-10-25T22:44:43.000+05:45
10019,808773,353,33.83,IN,2025-02-17T12:57:20.000+05:45
10134,809255,324,153.99,NP,2025-05-01T17:39:13.000+05:45
10215,809945,298,63.14,JP,2023-01-12T00:04:52.000+05:45
10278,810042,443,24.07,NP,2025-09-27T05:36:45.000+05:45
10495,811010,466,178.42,JP,2023-03-13T16:39:20.000+05:45
10438,811152,485,49.79,JP,2023-12-22T06:40:20.000+05:45
10052,811362,416,19.9,JP,2023-06-06T14:43:54.000+05:45
10345,811606,160,188.87,GB,2024-07-06T06:43:55.000+05:45
10369,812003,500,16.56,NP,2024-12-25T01:23:45.000+05:45
10315,813995,296,8.38,DE,2025-06-29T11:18:17.000+05:45
10377,815121,191,26.35,NP,2024-12-29T08:09:58.000+05:45
10019,818666,481,101.51,BR,2024-09-17T10:25:42.000+05:45
10063,819810,90,203.11,NP,2024-10-03T21:31:16.000+05:45
10051,820631,412,207.09,NP,2023-05-28T18:09:58.000+05:45
10493,821595,122,56.04,NP,2024-08-06T03:00:42.000+05:45
10355,825008,484,80.46,US,2024-02-02T11:41:21.000+05:45
10015,826922,329,316.58,US,2024-09-18T04:19:07.000+05:45
10049,827264,282,7.0,NP,2023-12-17T01:52:52.000+05:45
10290,827843,43,12.05,NP,2026-01-17T08:52:54.000+05:45
10468,830806,220,116.26,NP,2024-01-04T15:21:06.000+05:45
10159,834024,239,45.95,DE,2025-11-09T18:47:07.000+05:45
10364,834210,404,79.21,NP,2026-06-12T10:04:09.000+05:45
10096,836203,307,77.76,NP,2026-01-10T16:12:01.000+05:45
10371,836440,111,30.54,NP,2025-04-21T22:00:29.000+05:45
10222,836659,380,399.74,US,2025-05-25T12:07:21.000+05:45
10007,836717,253,32.4,NP,2024-11-15T09:58:00.000+05:45
10266,837068,12,26.42,IN,2023-02-10T17:10:10.000+05:45
10267,839001,185,167.61,IN,2024-11-08T08:01:45.000+05:45
10483,839781,448,15.78,DE,2024-01-11T03:35:26.000+05:45
10375,840308,189,92.84,NP,2023-09-13T03:58:10.000+05:45
10169,841255,275,46.4,NP,2024-05-26T22:49:38.000+05:45
10108,843113,498,112.71,NP,2026-03-12T17:28:26.000+05:45
10131,844541,110,67.4,NP,2023-12-01T22:08:21.000+05:45
10226,844650,140,74.01,DE,2026-05-26T19:02:28.000+05:45
10208,845386,37,34.01,JP,2024-03-25T19:01:42.000+05:45
10198,845698,115,47.49,DE,2025-05-05T09:52:00.000+05:45
10013,847689,350,375.15,NP,2026-04-10T19:27:17.000+05:45
10092,849930,411,46.97,NP,2023-11-27T13:48:28.000+05:45
10406,850016,257,72.96,IN,2024-04-20T11:21:09.000+05:45
10242,850450,155,113.51,IN,2023-05-11T17:00:36.000+05:45
10161,850702,38,220.85,NP,2023-08-29T14:38:29.000+05:45
10038,851812,439,8.52,NP,2024-08-27T06:27:46.000+05:45
10303,851860,245,88.42,IN,2023-12-19T15:30:25.000+05:45
10395,852503,263,111.53,NP,2026-02-05T08:15:09.000+05:45
10131,852530,290,8.48,GB,2025-09-04T12:55:38.000+05:45
10151,854743,62,126.99,NP,2024-03-23T12:56:43.000+05:45
10212,857707,315,41.64,NP,2025-03-28T18:12:00.000+05:45
10169,857812,26,50.48,IN,2023-10-23T01:53:54.000+05:45
10163,861925,401,24.87,NP,2025-07-22T16:04:55.000+05:45
10421,861958,135,118.31,US,2026-04-04T06:26:02.000+05:45
10072,863614,126,68.8,NP,2023-02-25T15:01:39.000+05:45
10215,865522,352,63.13,NP,2025-12-29T08:17:57.000+05:45
10383,868045,488,33.17,NP,2023-01-19T05:55:59.000+05:45
10065,869867,486,74.53,NP,2024-10-18T03:47:42.000+05:45
10429,871306,83,30.69,US,2025-06-30T02:45:42.000+05:45
10007,875594,67,52.05,NP,2023-05-11T03:32:37.000+05:45
10288,876381,241,30.51,AU,2025-11-12T16:53:49.000+05:45
10309,876520,328,76.16,NP,2023-06-01T04:51:52.000+05:45
10449,877347,327,60.14,NP,2025-08-11T18:00:39.000+05:45
10107,879046,295,64.44,NP,2024-07-18T18:46:01.000+05:45
10005,879790,351,81.32,NP,2023-12-10T21:15:33.000+05:45
10290,880417,405,8.78,NP,2023-09-21T15:38:04.000+05:45
10324,881305,321,157.06,NP,2024-06-30T09:29:46.000+05:45
10083,881385,52,49.2,NP,2025-03-30T15:57:19.000+05:45
10068,881829,456,204.44,NP,2024-10-03T00:43:28.000+05:45
10483,883210,74,18.29,DE,2026-03-27T22:15:29.000+05:45
10078,886531,160,31.41,IN,2023-12-01T02:22:18.000+05:45
10285,888166,280,38.79,US,2024-04-14T12:00:35.000+05:45
10336,888225,105,224.67,US,2025-02-28T08:02:16.000+05:45
10319,888669,177,14.79,IN,2024-06-16T03:38:28.000+05:45
10451,888831,296,53.87,NP,2024-02-02T07:30:36.000+05:45
10024,888928,485,154.15,NP,2024-06-25T02:12:54.000+05:45
10085,890870,248,42.8,NP,2025-08-10T11:56:24.000+05:45
10417,891187,3,75.22,NP,2025-09-22T15:27:24.000+05:45
10317,892152,308,8.74,AU,2025-03-16T13:24:48.000+05:45
10206,892967,33,22.8,NP,2023-01-26T14:43:56.000+05:45
10181,894456,490,76.54,DE,2025-09-07T11:54:35.000+05:45
10497,895952,417,87.79,GB,2025-12-10T13:28:19.000+05:45
10408,897366,37,1.44,IN,2025-05-09T04:41:11.000+05:45
10369,899838,239,23.43,JP,2023-01-24T05:00:38.000+05:45
10097,905596,186,47.8,NP,2023-08-20T09:24:42.000+05:45
10178,906791,384,259.46,NP,2025-07-05T21:15:41.000+05:45
10445,907007,499,5.42,NP,2023-10-27T12:55:42.000+05:45
10415,907734,17,218.39,NP,2026-01-27T16:59:02.000+05:45
10201,907848,385,1.73,NP,2025-10-21T15:31:41.000+05:45
10393,909557,239,114.74,NP,2023-05-05T03:03:40.000+05:45
10203,911495,104,19.3,IN,2023-05-14T15:33:52.000+05:45
10051,914158,190,38.24,NP,2025-11-07T10:27:34.000+05:45
10361,914685,338,16.58,NP,2023-05-07T10:07:33.000+05:45
10231,916000,32,267.29,NP,2023-10-24T21:45:24.000+05:45
10341,916121,354,18.32,NP,2023-04-18T08:42:36.000+05:45
10429,917545,147,65.05,NP,2024-03-26T11:58:33.000+05:45
10385,920190,164,363.35,IN,2024-05-05T16:06:05.000+05:45
10113,922900,93,95.8,NP,2025-07-17T16:17:57.000+05:45
10035,924824,417,232.99,NP,2023-11-16T15:29:39.000+05:45
10011,927081,407,75.62,NP,2023-10-03T21:34:57.000+05:45
10001,927543,366,125.17,BR,2024-02-17T00:29:07.000+05:45
10093,928118,361,19.92,IN,2023-12-25T10:07:39.000+05:45
10199,929583,147,32.28,NP,2025-12-13T13:44:35.000+05:45
10147,930102,291,29.8,JP,2023-11-13T05:57:05.000+05:45
10369,932355,364,44.79,IN,2023-12-24T07:46:56.000+05:45
10354,933279,368,98.04,JP,2025-12-18T12:40:35.000+05:45
10199,933563,475,10.31,NP,2024-09-26T11:04:00.000+05:45
10416,933783,220,3.21,GB,2025-01-03T14:19:41.000+05:45
10406,933931,181,14.33,NP,2025-10-15T06:41:14.000+05:45
10216,934782,347,32.63,IN,2025-04-26T05:40:14.000+05:45
10430,934787,126,183.8,IN,2026-01-05T14:34:12.000+05:45
10184,935285,217,33.5,NP,2023-11-19T01:08:33.000+05:45
10466,936521,466,311.48,NP,2024-10-24T06:00:26.000+05:45
10483,937382,330,413.24,IN,2024-11-08T17:22:20.000+05:45
10432,941824,109,108.77,NP,2024-04-18T19:16:08.000+05:45
10009,942360,56,67.68,IN,2023-02-24T06:58:36.000+05:45
10315,942577,464,45.21,NP,2023-12-30T17:25:17.000+05:45
10198,943435,26,6.17,NP,2024-09-16T23:23:05.000+05:45
10139,943454,132,24.22,US,2026-04-26T03:55:45.000+05:45
10112,943529,336,213.67,GB,2024-07-01T20:23:01.000+05:45
10308,945335,235,25.54,NP,2023-08-09T12:52:28.000+05:45
10326,946843,479,43.99,NP,2026-01-19T22:48:43.000+05:45
10314,947801,8,176.11,NP,2026-03-23T18:00:17.000+05:45
10085,948260,428,135.63,NP,2025-02-20T20:18:30.000+05:45
10080,950724,380,4.83,NP,2023-10-25T09:34:39.000+05:45
10071,950923,260,29.85,IN,2023-04-07T21:38:04.000+05:45
10143,951118,368,87.87,NP,2023-12-17T08:01:11.000+05:45
10171,951302,225,34.18,NP,2026-04-10T13:21:54.000+05:45
10307,951432,327,55.27,IN,2025-06-02T09:48:00.000+05:45
10257,951925,87,55.41,NP,2023-01-02T13:25:57.000+05:45
10382,957289,54,10.45,NP,2025-04-22T04:48:04.000+05:45
10345,958538,289,42.54,NP,2023-06-16T00:28:57.000+05:45
10110,958757,92,226.99,NP,2025-10-27T08:58:18.000+05:45
10399,959827,189,10.99,US,2025-01-04T07:00:53.000+05:45
10017,960237,296,11.18,US,2023-04-05T17:32:13.000+05:45
10345,963583,54,27.01,NP,2023-03-07T05:32:49.000+05:45
10045,964268,341,61.01,AU,2024-05-23T11:03:15.000+05:45
10061,964688,181,95.87,NP,2026-05-13T20:59:25.000+05:45
10030,968326,131,9.96,AU,2023-08-14T21:48:18.000+05:45
10337,969937,266,32.85,NP,2025-09-19T16:23:33.000+05:45
10009,973170,493,47.74,DE,2023-10-31T13:26:04.000+05:45
10084,975425,89,36.8,US,2023-03-01T13:17:57.000+05:45
10137,975444,230,95.13,US,2025-02-24T20:36:26.000+05:45
10009,976637,42,17.63,NP,2025-10-18T08:22:40.000+05:45
10352,977064,488,17.72,NP,2025-12-20T13:54:01.000+05:45
10494,977829,191,92.69,NP,2023-01-08T23:29:28.000+05:45
10198,978228,252,79.96,NP,2026-04-20T03:10:39.000+05:45
10464,978464,396,100.2,BR,2023-12-26T10:46:58.000+05:45
10066,979085,301,40.38,AU,2024-04-07T16:56:47.000+05:45
10126,979231,439,27.02,US,2024-12-18T08:04:56.000+05:45
10245,979338,490,10.74,NP,2025-01-05T23:24:29.000+05:45
10500,981569,400,1.05,NP,2026-03-22T04:18:07.000+05:45
10364,982809,183,223.93,NP,2023-04-10T19:22:38.000+05:45
10127,983446,1,114.46,DE,2026-01-15T00:11:01.000+05:45
10377,983946,80,17.46,DE,2023-05-21T01:41:09.000+05:45
10263,984100,388,104.5,NP,2025-09-12T02:09:03.000+05:45
10386,985081,142,89.67,US,2023-02-16T09:38:05.000+05:45
10005,986491,259,109.63,NP,2025-01-15T19:19:01.000+05:45
10423,987716,482,36.89,NP,2026-01-02T09:04:29.000+05:45
10394,989131,481,118.95,IN,2023-11-08T18:38:43.000+05:45
10141,990388,225,93.4,IN,2023-11-04T08:29:24.000+05:45
10276,996716,179,4.9,NP,2025-11-15T21:04:52.000+05:45
10044,997001,53,26.65,US,2023-01-05T08:11:06.000+05:45
10232,1260,38,110.55,GB,2024-03-23T10:39:45.000+05:45
10380,3010,33,39.97,NP,2025-02-26T23:45:16.000+05:45
10443,3184,368,81.63,NP,2024-01-08T15:20:46.000+05:45
10160,5160,349,9.81,US,2025-04-12T21:24:50.000+05:45
10421,5480,8,35.52,JP,2024-01-28T19:29:14.000+05:45
10287,5756,340,210.77,DE,2024-10-17T19:14:17.000+05:45
10392,6024,21,50.99,NP,2023-06-01T17:02:52.000+05:45
10475,6028,173,42.9,IN,2025-05-22T17:59:18.000+05:45
10375,6887,246,4.72,NP,2023-09-07T04:02:22.000+05:45
10420,7311,269,341.04,NP,2025-04-21T03:57:33.000+05:45
10492,7418,243,101.4,NP,2023-01-04T01:39:29.000+05:45
10236,8902,153,175.39,NP,2023-03-24T22:10:13.000+05:45
10040,14128,304,127.95,NP,2024-06-24T04:53:50.000+05:45
10454,14328,4,10.13,DE,2025-09-21T23:04:34.000+05:45
10317,14860,52,77.27,AU,2023-05-01T06:03:17.000+05:45
10417,15940,204,90.74,NP,2024-12-27T15:09:42.000+05:45
10089,17504,294,15.94,NP,2025-07-13T02:55:04.000+05:45
10038,18496,312,81.54,NP,2023-06-25T15:42:57.000+05:45
10317,20210,49,48.72,NP,2024-03-30T13:06:12.000+05:45
10225,21564,81,79.02,NP,2023-04-15T01:55:57.000+05:45
10481,21585,445,66.94,NP,2025-06-11T20:36:34.000+05:45
10024,23807,481,7.09,DE,2024-03-19T00:11:02.000+05:45
10349,23854,131,204.67,NP,2023-12-10T18:28:30.000+05:45
10064,24106,482,13.81,US,2025-05-21T03:29:05.000+05:45
10098,24479,226,150.92,NP,2025-04-22T09:50:01.000+05:45
10481,24734,125,64.59,NP,2024-07-07T05:54:31.000+05:45
10049,24818,352,39.94,US,2024-01-21T07:42:51.000+05:45
10118,25155,422,98.4,AU,2025-04-29T21:09:38.000+05:45
10118,25571,396,62.1,NP,2025-08-23T18:17:21.000+05:45
10357,25874,8,126.35,NP,2025-04-17T17:42:11.000+05:45
10256,26071,262,170.08,US,2024-09-10T15:03:24.000+05:45
10014,27823,184,33.49,AU,2025-06-27T01:13:43.000+05:45
10233,27994,488,19.13,NP,2024-01-08T06:31:19.000+05:45
10252,29952,339,54.78,NP,2024-05-23T13:05:04.000+05:45
10394,30268,425,11.22,NP,2025-05-16T20:39:01.000+05:45
10035,30730,426,141.09,US,2023-09-15T12:36:38.000+05:45
10315,32299,279,15.8,IN,2024-10-27T10:57:49.000+05:45
10323,33242,376,4.19,GB,2024-01-17T10:21:28.000+05:45
10446,34440,49,58.33,NP,2023-06-04T16:46:07.000+05:45
10336,34655,40,25.14,NP,2025-03-12T12:33:31.000+05:45
10282,38897,258,10.43,NP,2023-11-24T02:09:11.000+05:45
10116,38920,410,158.95,NP,2024-01-30T01:21:12.000+05:45
10329,39819,285,66.62,NP,2026-06-16T10:08:34.000+05:45
10420,41518,374,171.85,NP,2023-02-02T15:29:18.000+05:45
10477,44364,289,102.08,NP,2026-03-17T22:05:03.000+05:45
10483,45641,482,126.97,BR,2023-05-16T07:22:59.000+05:45
10256,46425,53,5.19,JP,2025-10-10T12:57:47.000+05:45
10187,48602,137,39.95,AU,2023-03-19T16:45:20.000+05:45
10194,50200,140,63.92,NP,2026-03-29T10:49:55.000+05:45
10058,50680,218,41.95,NP,2025-11-17T19:33:01.000+05:45
10282,51219,158,34.39,NP,2023-03-19T08:32:15.000+05:45
10105,53538,406,137.6,NP,2025-12-08T11:24:56.000+05:45
10410,53601,347,16.53,US,2023-06-09T02:24:53.000+05:45
10291,53873,145,237.18,NP,2024-09-22T22:31:31.000+05:45
10143,56178,492,172.95,NP,2023-09-18T08:49:26.000+05:45
10151,57259,313,486.57,NP,2025-09-27T12:44:08.000+05:45
10225,58565,197,26.27,NP,2024-09-28T21:00:06.000+05:45
10222,59829,297,36.9,NP,2026-02-15T02:40:58.000+05:45
10422,60993,243,93.75,NP,2023-03-07T14:13:54.000+05:45
10063,61210,198,45.16,IN,2024-05-28T13:53:26.000+05:45
10274,61977,254,99.2,NP,2025-03-10T13:15:21.000+05:45
10321,63407,472,30.58,NP,2023-09-22T02:25:39.000+05:45
10306,63485,238,26.98,NP,2025-06-15T15:12:09.000+05:45
10479,64182,336,190.23,BR,2024-10-05T13:19:05.000+05:45
10054,65066,55,47.95,US,2025-04-04T07:07:02.000+05:45
10064,65400,493,3.23,GB,2024-11-03T04:24:32.000+05:45
10086,66304,500,179.56,NP,2023-04-10T03:52:14.000+05:45
10405,67680,331,1.99,NP,2026-02-11T05:55:13.000+05:45
10185,68457,383,154.78,NP,2023-09-11T20:04:08.000+05:45
10153,69914,277,69.04,NP,2025-03-31T03:54:42.000+05:45
10424,71182,63,21.7,NP,2025-02-07T06:00:27.000+05:45
10201,72949,443,43.08,NP,2024-09-19T14:19:44.000+05:45
10456,73319,457,93.57,GB,2023-09-18T04:28:53.000+05:45
10325,73445,269,111.82,AU,2024-01-31T13:00:51.000+05:45
10176,74119,250,246.97,NP,2026-02-26T07:55:19.000+05:45
10212,76691,322,19.12,NP,2023-03-07T09:13:15.000+05:45
10090,77645,340,93.53,NP,2023-09-28T06:51:19.000+05:45
10271,80393,163,136.05,US,2024-04-21T13:18:03.000+05:45
10393,81839,327,148.65,NP,2024-06-28T08:11:59.000+05:45
10075,82950,326,23.98,NP,2025-06-13T09:09:47.000+05:45
10433,83158,247,92.71,NP,2024-03-15T11:41:46.000+05:45
10022,83393,154,47.82,NP,2026-04-25T21:17:26.000+05:45
10498,83394,199,141.69,AU,2026-06-06T01:13:21.000+05:45
10228,86609,259,318.7,GB,2023-10-21T21:02:28.000+05:45
10396,86796,132,145.31,US,2026-01-15T17:19:51.000+05:45
10450,87075,138,24.38,JP,2025-04-03T23:43:03.000+05:45
10107,87578,92,6.2,DE,2025-09-21T22:56:05.000+05:45
10121,90227,414,33.09,DE,2025-02-13T19:00:24.000+05:45
10048,90918,119,1.5,DE,2025-12-22T19:23:07.000+05:45
10423,91522,307,6.29,NP,2024-01-12T18:05:09.000+05:45
10006,93871,366,3.31,BR,2024-05-12T07:23:28.000+05:45
10361,94112,4,102.61,US,2024-03-30T11:21:22.000+05:45
10160,94866,82,70.97,NP,2023-05-12T10:53:34.000+05:45
10401,95008,31,32.52,JP,2024-10-26T02:45:46.000+05:45
10393,95803,94,52.66,NP,2026-03-08T04:43:25.000+05:45
10344,96595,487,177.66,NP,2025-10-03T05:08:30.000+05:45
10284,97634,83,61.03,JP,2024-10-23T12:11:22.000+05:45
10382,97642,176,330.89,NP,2024-12-13T23:27:25.000+05:45
10450,100113,153,16.79,NP,2026-04-14T09:35:24.000+05:45
10333,100118,431,118.67,AU,2023-10-29T13:51:44.000+05:45
10146,100891,171,14.21,NP,2023-09-12T19:52:53.000+05:45
10381,103558,76,47.68,IN,2024-01-20T11:08:11.000+05:45
10300,103561,283,27.09,NP,2023-11-22T14:50:07.000+05:45
10139,104302,119,127.48,DE,2026-03-03T19:38:28.000+05:45
10476,105589,199,76.27,NP,2023-12-01T10:37:50.000+05:45
10037,106478,296,33.24,NP,2025-12-04T20:51:56.000+05:45
10040,108371,112,22.1,NP,2023-07-18T19:28:42.000+05:45
10244,111394,239,37.76,NP,2024-12-27T13:28:55.000+05:45
10478,112027,478,13.6,NP,2024-09-25T22:54:50.000+05:45
10166,112352,230,107.23,NP,2025-01-17T05:18:43.000+05:45
10216,112671,68,3.84,NP,2024-09-30T22:41:14.000+05:45
10287,115730,315,75.67,JP,2025-11-27T04:28:06.000+05:45
10260,116378,76,28.92,JP,2023-08-31T05:54:10.000+05:45
10285,117576,397,72.46,AU,2025-04-13T23:17:31.000+05:45
10207,117737,355,66.15,NP,2024-09-21T19:23:00.000+05:45
10271,117902,374,152.5,NP,2025-02-07T10:40:19.000+05:45
10191,119287,220,69.95,DE,2025-04-09T03:49:16.000+05:45
10085,119873,383,58.09,JP,2026-06-22T04:03:49.000+05:45
10480,120118,218,58.12,US,2024-06-12T11:16:42.000+05:45
10026,120612,207,17.41,GB,2024-09-06T23:54:33.000+05:45
10230,120675,56,9.16,NP,2023-03-27T20:56:55.000+05:45
10439,123322,396,37.88,NP,2026-06-16T08:05:39.000+05:45
10123,123622,246,127.82,DE,2026-03-29T11:07:01.000+05:45
10042,125389,261,125.08,NP,2023-03-23T19:33:32.000+05:45
10315,126705,229,18.12,NP,2024-08-28T10:25:46.000+05:45
10004,127074,452,65.01,JP,2023-02-18T05:12:01.000+05:45
10416,127511,388,11.44,DE,2023-11-28T07:27:35.000+05:45
10137,128856,400,19.35,NP,2025-12-16T19:39:46.000+05:45
10408,130066,476,85.12,GB,2023-10-25T23:08:53.000+05:45
10088,130330,103,117.47,NP,2025-05-12T05:21:32.000+05:45
10422,130690,152,58.93,NP,2025-06-17T06:21:02.000+05:45
10131,131755,394,32.11,NP,2026-01-24T16:50:04.000+05:45
10108,132134,95,5.46,US,2026-01-12T05:59:00.000+05:45
10272,133254,387,68.78,AU,2024-11-26T15:30:04.000+05:45
10031,136149,83,26.96,NP,2026-05-10T23:22:13.000+05:45
10132,138438,127,27.58,JP,2025-10-24T02:29:09.000+05:45
10341,138982,135,29.82,US,2024-09-30T08:14:02.000+05:45
10311,139545,237,165.09,NP,2023-09-21T01:02:46.000+05:45
10244,139884,25,122.04,NP,2026-03-20T05:24:25.000+05:45
10417,141640,389,82.21,AU,2025-05-09T11:14:11.000+05:45
10159,145349,216,27.36,US,2023-03-21T11:50:49.000+05:45
10243,146842,109,16.6,GB,2024-05-05T04:31:47.000+05:45
10215,147003,451,23.62,IN,2024-08-09T20:12:31.000+05:45
10172,152119,401,29.62,NP,2025-11-21T01:24:01.000+05:45
10488,152460,200,26.75,BR,2026-05-18T14:15:46.000+05:45
10452,154702,174,63.31,NP,2024-12-18T18:25:21.000+05:45
10405,155788,87,119.78,NP,2023-09-14T02:44:29.000+05:45
10412,163357,470,10.35,NP,2023-04-06T22:45:10.000+05:45
10304,163382,491,17.33,NP,2024-08-02T10:01:17.000+05:45
10131,163606,84,69.17,US,2025-05-07T18:36:36.000+05:45
10500,164193,65,31.84,NP,2025-03-23T10:27:56.000+05:45
10018,164480,153,131.04,BR,2023-03-03T14:45:32.000+05:45
10479,164752,344,24.29,US,2023-10-24T03:27:40.000+05:45
10277,168024,47,14.79,GB,2026-01-26T05:47:57.000+05:45
10077,168046,172,68.99,NP,2024-02-03T17:38:58.000+05:45
10091,169333,239,75.77,NP,2023-09-06T18:29:56.000+05:45
10273,169744,107,3.68,NP,2026-03-17T15:15:51.000+05:45
10421,171814,318,59.84,DE,2023-03-09T09:37:15.000+05:45
10314,174974,129,14.77,NP,2026-04-02T20:31:28.000+05:45
10445,175311,181,61.68,US,2023-03-28T12:32:50.000+05:45
10026,175453,488,258.25,NP,2023-11-17T00:17:10.000+05:45
10081,177543,172,25.33,NP,2025-01-07T01:13:56.000+05:45
10329,178737,331,285.64,NP,2026-02-08T09:14:24.000+05:45
10314,179392,496,26.54,NP,2023-09-16T08:19:09.000+05:45
10261,179552,49,57.41,NP,2024-03-29T14:05:22.000+05:45
10329,180274,123,9.75,NP,2023-02-28T17:10:23.000+05:45
10321,181094,35,62.98,IN,2023-03-06T08:22:37.000+05:45
10387,184960,41,32.48,NP,2025-01-18T11:17:15.000+05:45
10365,185086,213,19.8,US,2023-04-09T22:21:01.000+05:45
10407,185262,337,9.7,NP,2023-12-07T09:05:09.000+05:45
10298,185634,335,101.91,NP,2025-04-06T16:48:07.000+05:45
10424,186200,163,21.0,BR,2023-09-07T01:11:56.000+05:45
10081,187481,221,100.39,IN,2023-09-13T11:13:08.000+05:45
10243,187974,472,55.11,NP,2023-12-19T17:01:12.000+05:45
10493,188688,357,57.56,NP,2025-02-15T22:23:34.000+05:45
10435,188735,423,94.42,DE,2025-02-14T10:18:51.000+05:45
10430,192584,147,58.3,NP,2024-03-06T13:46:23.000+05:45
10407,195695,265,18.57,NP,2023-12-24T07:17:30.000+05:45
10229,196708,21,16.11,NP,2026-05-04T01:50:44.000+05:45
10363,197982,382,21.68,AU,2024-10-04T02:25:40.000+05:45
10055,198535,183,186.89,NP,2026-06-07T01:05:32.000+05:45
10288,200811,58,48.4,NP,2023-02-02T02:38:38.000+05:45
10485,200993,125,64.54,BR,2024-02-10T05:30:08.000+05:45
10479,202719,343,39.06,US,2024-03-08T21:38:22.000+05:45
10395,203518,202,53.18,NP,2023-08-17T00:14:23.000+05:45
10048,204964,264,17.29,AU,2023-05-25T22:17:08.000+05:45
10098,205710,47,24.08,BR,2025-06-26T06:25:12.000+05:45
10471,205872,212,116.95,NP,2023-02-21T20:07:43.000+05:45
10344,206158,311,7.55,DE,2024-09-09T04:17:25.000+05:45
10168,208491,457,31.67,NP,2024-10-26T11:38:28.000+05:45
10301,208509,40,29.3,US,2024-05-19T22:06:13.000+05:45
10095,209401,37,180.9,NP,2024-11-18T15:27:59.000+05:45
10040,209750,213,39.52,US,2024-06-10T05:07:53.000+05:45
10351,211433,236,25.47,NP,2023-03-28T17:36:35.000+05:45
10185,212308,65,11.47,US,2024-01-08T00:13:51.000+05:45
10244,212328,439,91.32,NP,2024-01-07T17:57:03.000+05:45
10321,213157,427,25.21,NP,2025-12-30T10:03:03.000+05:45
10158,213644,308,28.81,NP,2026-05-28T05:16:35.000+05:45
10346,214280,204,38.76,NP,2023-06-27T01:02:31.000+05:45
10431,214574,481,19.53,NP,2026-04-05T23:48:40.000+05:45
10320,215516,110,61.77,NP,2025-06-06T17:58:09.000+05:45
10234,217630,221,11.54,NP,2023-10-23T00:53:26.000+05:45
10071,218951,371,35.38,NP,2025-02-14T06:01:24.000+05:45
10008,222671,110,65.94,NP,2023-02-12T01:54:45.000+05:45
10005,224357,261,65.62,IN,2025-03-18T05:02:53.000+05:45
10286,225956,479,52.48,NP,2024-03-17T00:53:29.000+05:45
10335,228831,27,8.98,NP,2026-06-12T01:27:31.000+05:45
10327,232517,470,36.24,NP,2025-08-14T07:48:09.000+05:45
10151,232537,92,84.13,IN,2023-02-26T16:23:47.000+05:45
10293,233413,69,3.43,NP,2026-04-21T14:36:50.000+05:45
10194,234294,34,159.56,NP,2023-08-09T08:23:29.000+05:45
10064,234854,438,58.11,NP,2023-06-04T14:57:37.000+05:45
10383,235065,275,32.0,NP,2025-01-28T11:30:01.000+05:45
10497,235383,419,67.55,NP,2023-01-06T20:15:11.000+05:45
10271,235618,126,216.59,GB,2025-11-04T17:36:23.000+05:45
10311,236376,281,81.32,GB,2024-05-22T18:31:50.000+05:45
10012,236777,212,36.23,US,2023-09-12T17:55:58.000+05:45
10037,237054,233,67.98,BR,2024-12-10T09:03:43.000+05:45
10003,237303,111,2.1,NP,2025-04-17T06:36:19.000+05:45
10089,238828,294,36.56,NP,2026-04-19T16:59:57.000+05:45
10318,239149,475,35.57,NP,2025-03-21T16:42:29.000+05:45
10407,239951,419,219.67,BR,2023-02-28T10:37:45.000+05:45
10455,241302,416,5.34,NP,2025-09-15T22:19:11.000+05:45
10195,241411,1,9.57,NP,2025-04-01T02:40:53.000+05:45
10093,242490,51,23.39,NP,2024-12-16T03:17:50.000+05:45
10053,243206,406,2.25,NP,2024-05-23T09:16:28.000+05:45
10044,243222,366,13.17,IN,2023-05-22T00:11:56.000+05:45
10010,244378,393,16.65,NP,2026-05-23T17:18:50.000+05:45
10333,245582,499,46.85,US,2025-02-08T14:39:30.000+05:45
10259,246038,286,11.26,NP,2024-08-07T03:51:10.000+05:45
10062,246731,387,99.81,NP,2024-05-07T03:15:46.000+05:45
10339,247355,25,227.65,NP,2023-08-31T07:53:31.000+05:45
10129,248914,19,111.32,GB,2025-08-17T22:51:02.000+05:45
10041,250016,85,43.85,US,2024-05-31T17:26:30.000+05:45
10167,250425,286,31.24,NP,2024-04-28T07:55:32.000+05:45
10156,254596,386,22.15,NP,2023-05-25T04:28:54.000+05:45
10343,257193,278,106.18,NP,2023-12-04T05:24:18.000+05:45
10374,258360,32,14.54,NP,2024-11-30T19:40:28.000+05:45
10275,264172,398,309.89,JP,2026-05-07T21:55:12.000+05:45
10247,264290,437,54.98,NP,2023-09-06T22:39:27.000+05:45
10338,264930,424,8.83,IN,2023-10-02T04:14:48.000+05:45
10468,265317,42,27.3,IN,2024-11-11T19:44:16.000+05:45
10284,266606,28,130.04,NP,2023-05-15T19:46:06.000+05:45
10176,267011,168,3.08,NP,2023-10-31T14:10:38.000+05:45
10061,268375,131,13.98,NP,2024-03-03T00:35:47.000+05:45
10028,268942,452,20.17,IN,2023-01-12T00:11:55.000+05:45
10490,270127,191,27.32,NP,2024-03-02T20:25:31.000+05:45
10480,271294,471,2.96,NP,2025-09-25T10:45:30.000+05:45
10200,274559,229,29.48,NP,2026-02-21T15:36:41.000+05:45
10301,283746,166,53.76,NP,2024-08-18T03:54:44.000+05:45
10101,285267,331,105.63,NP,2024-02-16T06:12:02.000+05:45
10440,286379,431,58.15,AU,2026-01-04T12:48:43.000+05:45
10300,286601,86,104.76,NP,2026-06-10T23:11:28.000+05:45
10281,287636,303,88.88,NP,2023-01-31T09:09:31.000+05:45
10090,287671,69,39.04,NP,2026-01-12T13:10:43.000+05:45
10311,289023,360,72.21,NP,2024-04-19T07:28:43.000+05:45
10099,289448,247,11.71,NP,2023-02-26T18:11:17.000+05:45
10059,290470,442,164.37,IN,2024-05-21T08:02:49.000+05:45
10122,290657,335,25.15,NP,2026-05-20T15:22:42.000+05:45
10253,290683,426,22.94,NP,2024-09-23T18:41:21.000+05:45
10390,291481,477,152.93,NP,2025-04-15T17:09:35.000+05:45
10185,292261,462,19.78,NP,2023-04-18T09:30:22.000+05:45
10451,293788,467,56.11,NP,2024-12-23T04:01:00.000+05:45
10263,294103,314,43.77,AU,2023-02-19T15:04:49.000+05:45
10449,294225,411,287.32,NP,2024-12-30T11:45:16.000+05:45
10101,295628,204,154.98,NP,2025-08-24T17:40:53.000+05:45
10151,297072,342,267.71,GB,2026-05-31T23:34:02.000+05:45
10294,298500,329,86.9,AU,2023-08-14T22:46:48.000+05:45
10394,300547,29,19.18,NP,2024-07-27T06:20:19.000+05:45
10026,300833,439,6.73,NP,2023-12-04T20:57:19.000+05:45
10207,302329,10,11.78,NP,2025-09-11T17:47:32.000+05:45
10090,302435,121,92.73,BR,2023-06-24T22:04:36.000+05:45
10371,305620,27,28.84,IN,2025-05-31T20:03:36.000+05:45
10287,306213,406,268.93,NP,2023-04-13T09:49:09.000+05:45
10454,306478,87,4.02,DE,2023-10-27T01:06:42.000+05:45
10029,307500,437,10.58,IN,2023-04-06T16:58:32.000+05:45
10064,311433,7,225.31,NP,2026-04-24T05:39:24.000+05:45
10091,311787,423,58.63,NP,2025-07-18T05:18:12.000+05:45
10160,312495,92,12.36,BR,2023-02-05T15:18:54.000+05:45
10112,312680,128,92.6,IN,2023-04-21T19:28:39.000+05:45
10379,313006,400,116.61,AU,2024-04-15T07:48:22.000+05:45
10419,314734,267,88.63,NP,2024-05-20T03:34:39.000+05:45
10133,314757,177,213.79,NP,2025-02-13T14:58:02.000+05:45
10175,315090,90,123.94,GB,2023-11-13T19:58:34.000+05:45
10468,317380,273,10.35,JP,2025-07-14T16:16:55.000+05:45
10154,324147,25,13.72,IN,2025-07-13T16:28:47.000+05:45
10477,324806,253,16.91,NP,2023-05-22T10:17:54.000+05:45
10054,326827,279,50.31,GB,2026-01-20T22:09:49.000+05:45
10149,326900,121,9.16,NP,2023-04-23T06:45:21.000+05:45
10076,327624,337,126.64,NP,2023-12-24T22:06:26.000+05:45
10232,327913,83,71.09,NP,2023-02-26T08:52:02.000+05:45
10313,329571,354,107.38,NP,2026-04-03T09:05:55.000+05:45
10425,332591,131,168.61,NP,2023-07-03T06:04:15.000+05:45
10176,332758,263,96.98,NP,2025-04-25T02:03:27.000+05:45
10454,333649,314,211.61,IN,2026-03-16T09:49:38.000+05:45
10034,335849,266,123.28,NP,2024-08-14T10:47:36.000+05:45
10073,338946,163,9.69,IN,2023-07-29T21:16:11.000+05:45
10252,339207,498,18.02,DE,2026-05-13T02:21:19.000+05:45
10362,342187,72,91.54,JP,2025-03-28T06:38:21.000+05:45
10098,344513,48,91.84,NP,2024-12-18T10:12:24.000+05:45
10380,345944,55,49.21,BR,2024-09-04T13:35:29.000+05:45
10006,347380,412,47.25,US,2023-12-27T03:40:22.000+05:45
10105,350447,237,67.51,NP,2023-04-24T22:21:15.000+05:45
10167,350896,138,44.17,NP,2025-08-19T20:23:54.000+05:45
10434,351292,40,13.89,JP,2023-03-19T03:32:02.000+05:45
10332,352008,75,113.91,NP,2024-09-25T16:38:40.000+05:45
10118,352714,406,72.07,NP,2025-06-12T17:07:40.000+05:45
10285,354493,9,78.16,NP,2026-06-17T00:27:56.000+05:45
10366,356143,392,34.52,NP,2024-06-01T23:41:16.000+05:45
10083,356528,351,33.03,AU,2023-12-25T22:29:47.000+05:45
10460,356701,51,88.94,AU,2025-04-17T11:29:43.000+05:45
10415,358279,302,54.07,AU,2026-02-25T16:54:40.000+05:45
10464,358834,427,2.1,AU,2025-11-30T22:14:41.000+05:45
10246,359791,489,44.69,DE,2026-01-22T15:09:12.000+05:45
10111,361029,296,31.98,NP,2025-05-12T10:19:27.000+05:45
10385,361172,338,74.73,NP,2023-03-06T15:51:39.000+05:45
10004,361512,87,118.8,JP,2024-11-01T23:04:37.000+05:45
10457,361549,118,120.14,NP,2024-04-21T03:08:34.000+05:45
10445,362586,118,241.2,BR,2024-06-27T14:05:47.000+05:45
10037,363146,313,19.13,IN,2024-12-17T13:15:08.000+05:45
10169,363829,101,176.57,NP,2024-04-27T23:21:57.000+05:45
10442,363940,17,4.61,IN,2024-12-31T02:59:39.000+05:45
10007,366796,233,63.74,NP,2025-12-10T18:26:11.000+05:45
10159,367501,490,4.6,NP,2024-04-27T10:04:13.000+05:45
10121,369140,220,31.19,NP,2024-12-22T09:50:23.000+05:45
10007,369942,123,2.92,NP,2024-11-21T10:10:49.000+05:45
10054,370734,98,74.23,NP,2023-02-17T05:42:01.000+05:45
10053,371947,241,7.6,US,2023-08-28T01:09:30.000+05:45
10304,372331,39,56.62,JP,2025-06-17T21:12:58.000+05:45
10317,373464,367,26.73,NP,2023-02-19T01:26:57.000+05:45
10483,373542,62,89.85,NP,2023-01-14T18:45:29.000+05:45
10004,374916,336,54.57,DE,2024-01-02T13:36:02.000+05:45
10499,375724,203,35.67,IN,2024-12-16T19:36:48.000+05:45
10098,377597,386,17.67,NP,2024-04-11T19:03:24.000+05:45
10300,377998,202,42.72,JP,2024-09-22T03:23:44.000+05:45
10496,378305,412,77.21,US,2025-04-16T11:19:47.000+05:45
10142,380263,360,210.83,IN,2024-08-24T06:25:40.000+05:45
10198,383417,470,11.89,GB,2023-09-15T09:14:50.000+05:45
10170,383521,129,14.85,NP,2026-03-17T17:06:04.000+05:45
10255,383977,240,67.27,NP,2024-12-10T00:32:16.000+05:45
10146,385346,85,224.94,GB,2023-12-13T20:22:35.000+05:45
10359,385993,499,112.08,NP,2024-06-15T16:04:55.000+05:45
10372,386277,87,17.72,IN,2025-04-12T22:41:23.000+05:45
10105,386691,89,18.06,NP,2024-12-25T16:42:12.000+05:45
10245,387193,47,125.47,NP,2026-05-09T16:32:57.000+05:45
10486,387437,100,59.63,US,2023-10-05T20:04:12.000+05:45
10308,388812,495,253.77,AU,2024-12-09T01:08:35.000+05:45
10416,390390,245,58.99,NP,2024-11-24T14:21:24.000+05:45
10053,390915,341,108.0,NP,2025-01-07T12:10:25.000+05:45
10203,391709,112,31.02,NP,2026-05-30T10:34:11.000+05:45
10495,393781,440,14.97,NP,2025-11-23T08:04:58.000+05:45
10072,394087,489,6.65,NP,2026-06-24T08:39:52.000+05:45
10002,397478,351,180.34,AU,2024-09-04T23:06:02.000+05:45
10027,398786,34,41.44,NP,2023-01-16T13:18:16.000+05:45
10106,399461,450,62.65,GB,2024-08-07T10:03:06.000+05:45
10151,403164,184,28.68,GB,2024-06-23T06:50:19.000+05:45
10092,403834,315,122.55,NP,2024-09-14T19:46:16.000+05:45
10005,405286,425,29.92,NP,2023-10-24T20:31:22.000+05:45
10125,406402,58,9.96,BR,2024-05-01T03:29:09.000+05:45
10287,407058,189,105.89,AU,2026-01-02T18:24:39.000+05:45
10252,411311,172,33.38,NP,2026-04-07T20:04:05.000+05:45
10333,414001,407,16.71,US,2024-11-08T13:08:10.000+05:45
10225,414384,176,295.36,NP,2025-09-10T00:03:56.000+05:45
10298,414615,179,145.61,GB,2026-06-16T14:41:59.000+05:45
10185,416016,246,199.28,NP,2024-03-29T10:57:27.000+05:45
10164,417026,403,124.79,US,2024-03-16T11:32:21.000+05:45
10446,417329,63,65.95,NP,2023-02-08T11:08:37.000+05:45
10002,418408,494,40.68,US,2025-09-11T04:14:02.000+05:45
10397,420509,187,32.02,JP,2024-10-06T00:52:08.000+05:45
10399,423475,471,62.28,NP,2024-09-05T00:03:06.000+05:45
10312,424607,175,21.82,NP,2024-06-28T04:45:57.000+05:45
10277,425215,194,28.82,NP,2025-03-17T03:10:36.000+05:45
10041,427068,241,20.1,US,2024-03-01T01:39:56.000+05:45
10113,427791,453,35.97,DE,2025-03-28T03:07:38.000+05:45
10342,428193,466,16.14,NP,2024-05-31T21:31:38.000+05:45
10483,431079,180,33.44,NP,2026-06-29T16:15:59.000+05:45
10471,431712,309,426.14,NP,2025-01-22T01:28:59.000+05:45
10134,432414,498,94.32,AU,2023-11-05T20:31:43.000+05:45
10372,432603,378,43.56,NP,2025-07-15T04:59:24.000+05:45
10117,433161,42,49.52,US,2026-01-24T02:18:45.000+05:45
10025,434173,173,9.3,IN,2025-11-13T15:17:12.000+05:45
10444,436550,80,281.69,US,2025-04-12T05:43:08.000+05:45
10423,437314,171,29.18,NP,2024-07-06T08:42:51.000+05:45
10189,437727,291,203.82,IN,2023-03-12T21:31:41.000+05:45
10243,439005,58,194.27,AU,2023-03-26T19:42:42.000+05:45
10431,439134,138,30.22,NP,2025-03-05T21:52:09.000+05:45
10465,439806,68,4.49,AU,2023-02-04T09:25:39.000+05:45
10103,440916,163,54.93,IN,2024-10-15T11:09:53.000+05:45
10329,441143,484,12.69,NP,2026-03-17T06:29:33.000+05:45
10327,441422,225,158.89,IN,2025-09-22T20:47:16.000+05:45
10091,444535,464,117.53,NP,2026-02-08T13:32:33.000+05:45
10424,445135,145,53.69,GB,2025-01-28T23:48:14.000+05:45
10067,446612,197,47.45,NP,2025-08-04T17:49:34.000+05:45
10116,446797,384,32.74,NP,2023-03-03T07:55:16.000+05:45
10386,447191,114,140.77,IN,2026-04-26T01:51:10.000+05:45
10449,448393,129,26.94,IN,2023-12-01T17:50:44.000+05:45
10415,449330,278,106.87,US,2025-06-26T12:34:45.000+05:45
10080,450783,197,88.47,NP,2025-09-09T23:37:22.000+05:45
10416,451162,87,20.45,BR,2025-08-06T22:51:06.000+05:45
10163,451358,69,4.2,NP,2023-10-16T20:32:40.000+05:45
10022,452379,428,73.16,NP,2025-10-07T16:01:49.000+05:45
10061,453920,217,131.73,GB,2023-03-08T02:58:49.000+05:45
10246,455205,428,36.08,NP,2025-05-26T17:56:49.000+05:45
10080,455483,493,7.24,JP,2024-04-04T22:15:01.000+05:45
10314,457646,92,92.7,BR,2025-03-05T07:01:02.000+05:45
10309,457923,352,91.66,NP,2024-01-09T05:16:56.000+05:45
10003,458253,416,52.07,AU,2023-11-10T16:12:55.000+05:45
10319,458661,389,2.88,NP,2025-06-23T09:31:07.000+05:45
10092,460748,53,150.06,NP,2026-03-21T07:05:03.000+05:45
10267,460976,51,38.76,NP,2024-08-13T16:18:03.000+05:45
10396,462283,133,7.59,DE,2023-10-27T08:02:18.000+05:45
10149,462573,377,33.08,NP,2023-02-25T08:44:29.000+05:45
10248,463085,400,34.72,JP,2023-04-22T23:28:08.000+05:45
10243,463555,162,48.59,NP,2025-01-04T06:57:13.000+05:45
10394,468393,391,102.66,IN,2023-03-16T06:36:55.000+05:45
10020,469093,134,61.74,AU,2024-09-27T09:25:31.000+05:45
10274,469875,394,56.3,NP,2024-01-21T23:50:09.000+05:45
10017,470225,412,100.48,GB,2023-09-30T00:47:57.000+05:45
10154,470797,370,29.2,NP,2025-06-05T16:55:58.000+05:45
10165,470853,485,183.82,NP,2026-03-02T20:55:16.000+05:45
10050,471350,291,98.29,IN,2024-03-04T00:51:13.000+05:45
10414,471748,172,20.17,NP,2025-12-27T04:58:02.000+05:45
10043,472735,394,229.92,BR,2025-12-04T12:34:12.000+05:45
10195,472844,370,15.12,IN,2023-04-08T00:05:41.000+05:45
10262,474360,81,9.37,US,2025-04-21T12:41:36.000+05:45
10028,475655,302,111.83,NP,2024-04-01T22:04:05.000+05:45
10389,478872,23,135.38,IN,2025-02-25T01:21:46.000+05:45
10263,479745,296,104.53,NP,2025-07-09T17:34:02.000+05:45
10499,479896,187,62.29,NP,2023-01-22T19:49:23.000+05:45
10111,481927,349,17.45,NP,2026-05-02T14:11:15.000+05:45
10466,481953,123,12.85,NP,2024-05-10T15:49:54.000+05:45
10268,482030,443,70.34,DE,2024-08-07T21:46:06.000+05:45
10286,484268,129,102.38,IN,2023-01-03T19:46:18.000+05:45
10486,484711,21,81.41,NP,2024-06-19T22:35:03.000+05:45
10430,484769,410,62.93,NP,2026-03-28T02:38:40.000+05:45
10461,485323,209,165.11,GB,2023-09-02T15:56:44.000+05:45
10040,486451,488,37.77,NP,2024-11-05T09:29:13.000+05:45
10342,486855,258,2.34,IN,2023-04-17T17:47:17.000+05:45
10140,487761,119,17.93,AU,2023-05-09T05:20:00.000+05:45
10496,488897,296,171.2,NP,2024-05-01T18:21:48.000+05:45
10070,489808,481,181.31,US,2024-10-18T21:57:14.000+05:45
10168,491058,438,45.06,NP,2023-05-03T04:08:17.000+05:45
10334,494228,354,1.09,US,2024-03-04T00:47:45.000+05:45
10383,494491,265,65.33,DE,2025-12-02T07:35:05.000+05:45
10075,495011,168,59.21,BR,2025-01-29T20:16:53.000+05:45
10106,495552,16,132.94,IN,2023-03-08T01:08:43.000+05:45
10125,496141,90,58.39,NP,2024-05-02T07:52:45.000+05:45
10329,498829,231,137.86,NP,2026-01-07T11:54:57.000+05:45
10289,499368,176,254.44,US,2024-06-03T06:52:50.000+05:45
10498,499511,276,135.48,US,2026-04-16T07:25:17.000+05:45
10021,500729,280,44.63,IN,2024-08-02T08:04:51.000+05:45
10005,501405,438,226.43,NP,2025-12-31T10:43:39.000+05:45
10013,502029,477,100.79,NP,2023-02-17T02:03:12.000+05:45
10362,503466,98,14.41,US,2023-03-31T19:33:33.000+05:45
10378,504445,68,32.41,NP,2026-05-20T14:45:19.000+05:45
10491,505259,381,86.09,NP,2025-10-01T19:58:51.000+05:45
10304,507904,183,73.11,NP,2024-09-06T23:56:21.000+05:45
10227,509684,481,175.52,NP,2026-05-27T08:40:24.000+05:45
10276,510751,90,251.61,NP,2023-05-15T10:36:50.000+05:45
10154,517345,90,31.85,DE,2023-03-08T14:13:41.000+05:45
10308,517986,435,15.43,US,2025-03-21T12:34:46.000+05:45
10417,519580,127,47.32,JP,2025-02-11T15:30:31.000+05:45
10289,521090,245,81.57,NP,2023-10-30T13:01:12.000+05:45
10300,523212,82,78.44,NP,2023-02-11T02:48:04.000+05:45
10237,523369,155,5.18,NP,2024-06-11T09:08:09.000+05:45
10480,524664,346,103.47,NP,2024-07-08T18:29:17.000+05:45
10143,524941,392,48.99,NP,2024-10-14T11:12:02.000+05:45
10471,525040,420,47.28,NP,2026-01-12T11:46:26.000+05:45
10120,525114,190,51.46,NP,2025-06-27T16:02:56.000+05:45
10423,525324,498,41.83,NP,2026-05-26T06:57:32.000+05:45
10220,525616,441,37.92,NP,2023-12-18T04:27:05.000+05:45
10453,525690,454,3.72,NP,2024-03-16T15:03:16.000+05:45
10247,525821,287,29.01,NP,2025-09-08T03:15:15.000+05:45
10032,526169,157,278.09,NP,2025-08-30T19:43:45.000+05:45
10194,526202,102,49.48,NP,2026-05-06T08:01:25.000+05:45
10021,527671,239,51.26,NP,2025-06-21T21:58:09.000+05:45
10131,527681,252,181.18,JP,2026-05-13T22:20:13.000+05:45
10391,529366,86,98.91,NP,2025-08-24T15:52:03.000+05:45
10439,529902,470,46.71,JP,2025-03-05T14:23:44.000+05:45
10331,532662,194,28.95,BR,2026-05-24T07:21:28.000+05:45
10194,533263,310,78.93,BR,2026-01-01T19:52:30.000+05:45
10248,533698,42,113.28,NP,2025-10-14T15:23:37.000+05:45
10271,533913,373,57.36,JP,2024-11-03T09:08:34.000+05:45
10224,534399,99,34.33,IN,2025-02-10T05:27:32.000+05:45
10422,535443,223,58.61,NP,2026-02-12T07:16:26.000+05:45
10360,535621,76,319.1,GB,2023-04-11T08:44:44.000+05:45
10128,535784,252,82.55,NP,2024-04-01T01:33:22.000+05:45
10487,537113,13,6.25,NP,2023-10-07T05:58:53.000+05:45
10082,537461,149,51.25,NP,2023-08-17T18:52:02.000+05:45
10405,539327,256,106.69,NP,2024-08-26T13:03:34.000+05:45
10267,539573,410,87.3,NP,2026-06-19T13:17:43.000+05:45
10149,541204,304,75.03,NP,2024-09-05T18:15:13.000+05:45
10012,541592,128,30.99,NP,2024-03-09T19:08:15.000+05:45
10057,542285,137,158.65,IN,2023-01-14T20:11:34.000+05:45
10269,542895,317,120.81,NP,2024-10-07T07:52:58.000+05:45
10099,543264,241,23.11,AU,2024-04-22T22:29:37.000+05:45
10449,543532,448,55.05,NP,2023-11-23T22:10:23.000+05:45
10133,543664,139,141.82,NP,2024-02-16T17:21:21.000+05:45
10170,544553,38,13.48,DE,2023-09-07T11:39:20.000+05:45
10431,547182,76,83.69,JP,2024-10-31T21:55:14.000+05:45
10458,547184,467,4.5,AU,2023-07-26T23:20:01.000+05:45
10433,548159,111,24.91,NP,2025-11-02T11:46:19.000+05:45
10219,548596,52,27.88,JP,2023-02-01T07:38:08.000+05:45
10330,549767,455,18.51,NP,2026-05-05T17:58:59.000+05:45
10443,554439,278,22.06,NP,2024-04-20T12:24:29.000+05:45
10029,556263,355,15.67,IN,2024-08-28T05:12:10.000+05:45
10074,556477,287,223.39,NP,2023-08-01T18:56:44.000+05:45
10346,558487,133,138.3,NP,2023-06-16T12:38:01.000+05:45
10250,560654,421,102.03,IN,2023-08-16T19:41:39.000+05:45
10214,561072,451,2.39,NP,2025-10-04T05:03:26.000+05:45
10382,562361,318,48.37,NP,2026-05-10T16:04:32.000+05:45
10021,563016,188,1.7,NP,2024-04-19T15:34:56.000+05:45
10108,566468,288,23.49,NP,2025-05-11T19:43:02.000+05:45
10341,566617,81,130.14,AU,2023-05-22T01:00:44.000+05:45
10379,567719,81,118.25,NP,2024-02-05T14:23:32.000+05:45
10278,568117,385,163.77,NP,2023-12-25T07:14:29.000+05:45
10274,568732,249,3.88,US,2026-03-18T20:04:57.000+05:45
10286,569260,337,302.45,IN,2025-02-23T00:36:44.000+05:45
10315,569292,438,33.06,NP,2026-01-01T19:48:49.000+05:45
10109,569540,140,142.78,NP,2026-06-11T20:39:52.000+05:45
10296,569574,349,11.02,NP,2024-01-19T09:01:53.000+05:45
10273,570180,127,94.53,NP,2026-04-20T06:19:54.000+05:45
10318,570994,61,24.98,NP,2025-08-14T19:26:18.000+05:45
10229,572452,83,38.26,NP,2023-06-09T16:56:27.000+05:45
10359,572857,92,116.83,NP,2024-10-23T18:03:34.000+05:45
10289,574678,498,243.43,NP,2024-05-02T05:16:39.000+05:45
10167,575987,357,41.33,JP,2025-02-09T17:25:45.000+05:45
10247,576105,97,28.89,GB,2023-02-24T17:46:24.000+05:45
10324,576630,458,52.04,NP,2024-08-27T13:48:42.000+05:45
10421,578745,470,88.52,NP,2025-02-10T22:01:50.000+05:45
10162,578775,486,23.79,NP,2024-10-31T16:59:09.000+05:45
10210,579630,189,30.83,NP,2024-01-31T08:17:04.000+05:45
10201,579923,232,33.22,JP,2026-01-24T17:23:04.000+05:45
10252,580623,404,154.7,IN,2026-03-26T17:27:50.000+05:45
10266,580714,202,30.96,NP,2025-05-16T16:53:27.000+05:45
10029,582248,472,58.68,NP,2024-03-04T15:42:10.000+05:45
10197,583568,109,21.96,US,2025-11-19T10:45:41.000+05:45
10370,583868,78,17.19,AU,2024-01-15T07:34:52.000+05:45
10089,583907,359,69.04,NP,2026-01-11T19:15:16.000+05:45
10174,584030,282,65.06,NP,2026-02-06T00:17:50.000+05:45
10122,584317,147,82.82,NP,2025-08-06T17:16:48.000+05:45
10364,584512,414,7.44,NP,2023-10-03T14:06:20.000+05:45
10469,584758,274,309.64,NP,2026-01-07T19:59:22.000+05:45
10065,584934,314,236.47,NP,2025-11-24T04:57:05.000+05:45
10267,585350,186,6.88,DE,2026-03-06T21:44:34.000+05:45
10050,585399,217,20.03,NP,2026-04-20T23:45:26.000+05:45
10472,586113,471,6.6,JP,2024-06-05T10:05:48.000+05:45
10150,586723,233,20.85,NP,2023-08-06T21:30:00.000+05:45
10184,588381,251,131.69,AU,2023-07-09T02:39:34.000+05:45
10139,590283,398,34.43,NP,2023-12-31T19:29:27.000+05:45
10487,591501,431,46.96,NP,2026-04-21T11:11:22.000+05:45
10286,592494,296,16.79,NP,2024-09-02T20:47:15.000+05:45
10056,592776,54,85.26,US,2026-02-21T09:42:29.000+05:45
10074,594854,402,58.97,US,2024-08-29T12:04:51.000+05:45
10297,598895,378,125.17,NP,2025-02-09T02:40:42.000+05:45
10281,599558,145,42.54,DE,2025-09-27T16:43:11.000+05:45
10117,599622,500,18.05,NP,2026-01-25T02:56:46.000+05:45
10273,601199,228,62.49,NP,2025-03-13T15:29:26.000+05:45
10486,601226,91,87.96,NP,2023-04-01T05:23:03.000+05:45
10464,601457,348,98.35,NP,2025-03-11T05:47:15.000+05:45
10200,601869,499,26.87,NP,2023-11-22T10:26:15.000+05:45
10236,602158,375,48.68,NP,2024-03-27T06:35:56.000+05:45
10457,602255,330,30.98,NP,2025-10-25T19:17:56.000+05:45
10497,605908,378,27.3,AU,2024-01-03T16:31:46.000+05:45
10284,606113,167,42.03,NP,2024-08-20T02:36:29.000+05:45
10403,606204,215,89.13,NP,2025-05-01T10:53:52.000+05:45
10294,608432,131,41.73,GB,2023-12-04T02:31:45.000+05:45
10135,609282,236,21.57,JP,2026-05-17T16:38:58.000+05:45
10201,609768,294,8.21,IN,2024-12-31T06:11:04.000+05:45
10154,611829,250,230.76,NP,2023-12-13T08:21:26.000+05:45
10234,614088,219,111.01,IN,2023-04-01T17:33:13.000+05:45
10479,616069,452,244.13,US,2023-08-23T04:53:57.000+05:45
10064,616963,260,35.68,IN,2025-05-04T00:23:25.000+05:45
10424,617360,402,205.04,NP,2025-06-02T08:39:45.000+05:45
10239,618071,476,28.37,NP,2025-02-16T21:58:23.000+05:45
10442,618288,109,8.78,NP,2026-01-06T20:35:30.000+05:45
10090,619701,377,8.5,NP,2023-02-15T06:53:19.000+05:45
10026,620273,82,40.45,NP,2023-09-23T01:04:03.000+05:45
10060,621289,377,146.86,NP,2025-01-04T18:31:29.000+05:45
10382,622189,49,135.95,AU,2023-11-25T19:32:37.000+05:45
10126,622666,97,114.77,NP,2024-06-07T03:54:01.000+05:45
10416,624192,313,150.34,NP,2025-07-31T19:38:55.000+05:45
10479,624897,499,24.07,NP,2023-03-07T16:42:37.000+05:45
10021,625439,175,260.61,NP,2025-05-13T09:16:09.000+05:45
10049,625998,78,11.49,NP,2023-02-14T11:25:45.000+05:45
10002,626327,339,102.68,BR,2025-09-27T05:18:39.000+05:45
10136,626494,251,84.4,GB,2024-04-20T03:20:15.000+05:45
10310,628170,151,2.0,NP,2023-10-31T13:06:42.000+05:45
10276,628290,234,6.77,NP,2025-10-07T16:43:02.000+05:45
10080,629229,214,106.39,NP,2026-03-10T22:43:34.000+05:45
10097,629457,1,50.22,NP,2025-02-02T02:26:10.000+05:45
10210,631991,137,106.74,JP,2023-04-03T02:25:27.000+05:45
10003,633368,470,42.44,AU,2024-11-17T23:44:56.000+05:45
10495,634137,377,23.37,NP,2023-04-14T07:32:01.000+05:45
10481,634728,159,9.75,IN,2024-10-07T06:03:14.000+05:45
10209,635904,361,75.41,NP,2023-03-17T11:50:49.000+05:45
10330,636069,405,50.44,IN,2025-04-07T12:24:09.000+05:45
10123,636585,491,186.99,NP,2023-07-13T07:12:43.000+05:45
10112,638314,497,115.38,NP,2024-06-12T14:26:40.000+05:45
10350,639456,367,14.55,NP,2023-03-14T17:14:14.000+05:45
10391,639724,95,172.89,NP,2024-03-11T07:39:17.000+05:45
10069,642146,239,96.25,NP,2024-02-17T06:45:24.000+05:45
10071,642405,260,70.98,NP,2025-11-03T06:58:03.000+05:45
10296,644567,132,107.9,NP,2025-09-22T19:23:09.000+05:45
10365,646389,469,100.73,US,2024-10-20T07:59:44.000+05:45
10353,648456,244,94.57,JP,2023-12-24T18:34:59.000+05:45
10393,648501,239,46.72,GB,2024-04-06T01:16:09.000+05:45
10092,649983,251,35.46,NP,2024-05-10T02:04:03.000+05:45
10297,650609,162,49.04,IN,2025-01-14T00:10:37.000+05:45
10407,650912,225,18.42,NP,2025-07-26T11:02:48.000+05:45
10290,651707,13,36.79,JP,2025-01-08T05:06:44.000+05:45
10192,652569,192,71.35,IN,2023-12-21T16:14:54.000+05:45
10379,652999,191,123.19,US,2024-02-11T16:50:58.000+05:45
10132,656874,477,122.46,AU,2024-06-19T11:20:00.000+05:45
10132,656895,457,59.82,NP,2024-10-05T21:14:40.000+05:45
10234,657530,267,59.06,NP,2024-07-04T09:23:31.000+05:45
10001,658582,376,69.07,AU,2024-12-31T01:53:14.000+05:45
10020,659264,342,35.22,NP,2023-02-24T08:37:21.000+05:45
10036,659590,121,59.3,US,2025-02-13T05:44:20.000+05:45
10489,660717,461,62.74,NP,2023-01-10T20:42:19.000+05:45
10318,661804,490,103.61,NP,2024-08-07T13:54:57.000+05:45
10218,662671,52,287.56,US,2025-04-18T03:49:19.000+05:45
10317,664000,376,57.32,IN,2024-07-18T07:42:47.000+05:45
10318,664264,405,19.69,NP,2023-09-16T07:51:21.000+05:45
10483,665488,63,9.44,DE,2026-03-23T01:59:31.000+05:45
10293,666234,342,37.2,NP,2025-07-03T21:21:03.000+05:45
10190,666299,376,90.73,IN,2024-07-08T12:01:16.000+05:45
10062,668160,115,66.65,AU,2023-06-06T05:09:10.000+05:45
10359,673798,278,155.56,NP,2023-10-04T01:17:31.000+05:45
10119,674580,232,455.87,NP,2025-10-01T21:04:11.000+05:45
10349,674949,5,70.51,AU,2023-04-19T02:58:28.000+05:45
10303,677498,332,45.2,NP,2023-06-13T00:07:51.000+05:45
10488,677658,349,128.14,NP,2025-05-08T08:31:47.000+05:45
10396,678408,19,44.28,NP,2026-04-30T02:18:17.000+05:45
10487,678693,264,281.84,NP,2026-02-27T20:08:26.000+05:45
10016,679627,429,15.82,IN,2024-04-28T15:32:23.000+05:45
10348,679701,447,32.36,NP,2024-08-08T23:41:58.000+05:45
10459,681237,359,239.82,JP,2024-01-12T19:09:37.000+05:45
10350,687056,236,149.37,GB,2025-04-02T23:34:10.000+05:45
10354,688293,286,135.45,JP,2024-05-24T12:37:06.000+05:45
10470,690407,368,6.47,NP,2024-01-14T22:05:32.000+05:45
10500,692470,449,181.61,NP,2023-09-06T04:27:59.000+05:45
10217,692749,421,293.79,NP,2026-02-06T07:23:24.000+05:45
10425,693294,482,18.59,US,2023-01-23T23:32:59.000+05:45
10351,693508,417,130.12,NP,2025-10-13T00:34:43.000+05:45
10001,694092,324,41.16,NP,2025-12-09T13:10:07.000+05:45
10072,694602,356,2.37,IN,2026-01-18T04:11:00.000+05:45
10311,696162,379,20.39,NP,2025-08-21T17:20:32.000+05:45
10341,696949,470,70.26,NP,2023-09-24T18:49:02.000+05:45
10118,697417,435,47.72,IN,2025-02-10T05:01:11.000+05:45
10261,697429,280,32.0,US,2024-02-26T21:06:48.000+05:45
10092,697838,483,86.63,NP,2025-01-24T17:56:22.000+05:45
10151,698612,373,92.69,US,2024-09-17T17:25:52.000+05:45
10299,699359,439,14.5,US,2025-02-18T06:25:12.000+05:45
10414,699454,341,25.93,BR,2024-09-26T20:52:15.000+05:45
10080,700192,35,3.05,NP,2023-06-18T05:32:09.000+05:45
10242,701741,10,55.96,NP,2025-04-12T06:10:53.000+05:45
10018,702273,415,69.61,NP,2025-08-10T16:01:45.000+05:45
10480,705547,171,97.06,NP,2025-04-12T04:52:13.000+05:45
10282,706271,353,164.08,NP,2023-11-14T01:48:56.000+05:45
10464,707961,438,31.7,NP,2024-10-05T08:03:58.000+05:45
10053,708084,179,26.92,BR,2026-01-12T20:06:32.000+05:45
10208,708414,347,13.61,JP,2026-05-14T11:27:09.000+05:45
10207,708756,184,73.9,NP,2026-06-09T10:00:34.000+05:45
10059,710259,304,5.51,GB,2023-07-23T19:56:11.000+05:45
10474,711679,75,6.85,NP,2023-09-11T10:31:50.000+05:45
10443,714427,139,60.18,NP,2026-06-04T09:34:47.000+05:45
10256,715515,100,10.81,NP,2024-02-01T09:04:32.000+05:45
10427,717753,447,4.74,AU,2023-03-02T06:17:45.000+05:45
10351,718439,165,12.57,JP,2026-02-08T10:12:45.000+05:45
10018,724363,295,163.4,US,2025-02-09T17:46:13.000+05:45
10397,726856,480,200.34,NP,2023-07-20T00:08:40.000+05:45
10372,728818,360,120.04,IN,2023-05-28T11:22:01.000+05:45
10161,729161,380,60.45,AU,2025-10-24T09:13:03.000+05:45
10430,729358,135,151.16,IN,2025-10-14T01:35:54.000+05:45
10271,730664,364,87.01,NP,2024-07-07T02:35:39.000+05:45
10134,730692,413,113.29,NP,2026-06-24T09:21:36.000+05:45
10103,731067,142,40.3,GB,2025-08-22T10:40:40.000+05:45
10463,734339,237,114.56,NP,2025-01-08T23:44:16.000+05:45
10200,735514,266,47.38,NP,2024-06-17T19:00:45.000+05:45
10328,738094,50,15.4,JP,2024-08-13T02:49:09.000+05:45
10322,739400,22,123.52,GB,2023-01-19T10:11:58.000+05:45
10280,740780,14,114.34,NP,2026-06-13T06:46:31.000+05:45
10459,743091,482,49.94,DE,2025-03-22T15:09:04.000+05:45
10319,743732,427,10.5,AU,2023-01-10T02:08:42.000+05:45
10462,744618,476,17.4,DE,2024-11-28T22:18:49.000+05:45
10292,744656,340,27.24,NP,2024-12-30T13:33:10.000+05:45
10002,744990,130,267.28,NP,2023-08-18T09:01:05.000+05:45
10279,746046,404,41.58,NP,2025-03-06T05:51:40.000+05:45
10177,747417,113,14.13,NP,2026-04-13T16:58:46.000+05:45
10322,747488,255,102.38,NP,2024-12-22T20:13:11.000+05:45
10322,748188,244,2.49,NP,2025-04-18T18:28:10.000+05:45
10323,749502,350,266.0,IN,2023-06-08T10:49:21.000+05:45
10079,750858,385,42.24,US,2025-11-20T08:06:31.000+05:45
10277,751942,72,103.16,NP,2024-09-23T19:32:17.000+05:45
10358,752594,27,56.22,NP,2024-03-15T06:50:36.000+05:45
10164,753401,65,232.94,DE,2023-04-24T00:13:21.000+05:45
10154,753498,45,28.18,NP,2025-10-16T11:14:45.000+05:45
10028,754179,59,93.86,US,2026-06-17T09:35:48.000+05:45
10174,754826,1,187.5,IN,2023-12-08T09:17:04.000+05:45
10150,754913,205,88.0,NP,2026-06-09T10:07:35.000+05:45
10131,756683,348,25.36,DE,2023-10-26T04:14:31.000+05:45
10298,757078,259,1.56,NP,2026-04-22T20:47:35.000+05:45
10283,757548,208,101.66,NP,2026-01-23T09:51:15.000+05:45
10408,757829,421,63.11,US,2023-12-07T15:06:31.000+05:45
10411,757874,373,63.84,NP,2023-01-23T10:48:58.000+05:45
10245,758048,116,63.35,NP,2025-04-15T16:22:06.000+05:45
10287,763271,325,13.24,NP,2026-01-24T07:44:09.000+05:45
10122,764052,311,30.15,NP,2026-02-16T10:19:04.000+05:45
10140,764742,53,69.95,NP,2023-11-19T09:07:55.000+05:45
10245,764825,489,10.27,NP,2024-12-27T22:57:37.000+05:45
10402,765384,273,5.43,NP,2023-09-29T04:46:24.000+05:45
10135,765982,393,45.76,NP,2024-08-02T00:10:39.000+05:45
10445,766248,383,32.71,JP,2023-11-21T03:53:51.000+05:45
10176,766641,489,56.02,NP,2024-02-11T06:53:25.000+05:45
10375,767379,97,88.07,NP,2026-02-05T00:39:08.000+05:45
10324,768009,30,8.35,NP,2025-12-26T07:51:19.000+05:45
10499,768018,326,174.49,NP,2024-08-19T20:46:53.000+05:45
10486,769974,186,30.59,NP,2025-08-01T10:44:49.000+05:45
10010,773859,267,41.34,NP,2026-02-15T14:15:58.000+05:45
10470,774324,291,60.66,NP,2023-10-27T13:05:01.000+05:45
10116,775415,120,48.83,NP,2023-11-18T07:57:48.000+05:45
10474,777324,306,312.92,NP,2025-08-24T11:26:30.000+05:45
10275,778248,262,36.1,JP,2023-03-11T21:41:18.000+05:45
10073,778808,407,12.03,US,2024-01-16T04:16:35.000+05:45
10027,780495,177,10.56,NP,2023-10-31T22:38:15.000+05:45
10369,781639,166,85.1,IN,2024-08-07T07:24:18.000+05:45
10272,781766,237,21.94,NP,2026-04-09T11:10:13.000+05:45
10114,782729,21,147.73,NP,2025-07-23T10:49:04.000+05:45
10172,785041,10,121.41,NP,2023-12-04T06:10:49.000+05:45
10214,785921,319,26.87,IN,2024-11-03T23:58:55.000+05:45
10440,786017,251,135.92,NP,2026-05-26T06:11:35.000+05:45
10086,786289,53,32.39,NP,2023-07-12T18:52:02.000+05:45
10171,787451,145,70.7,NP,2023-08-10T12:35:18.000+05:45
10047,787835,145,45.82,NP,2026-06-23T11:31:21.000+05:45
10064,787866,489,30.95,IN,2024-02-10T11:28:51.000+05:45
10496,789002,458,127.95,NP,2025-06-20T01:37:27.000+05:45
10052,790248,393,30.24,IN,2023-06-27T23:25:51.000+05:45
10158,790307,423,85.6,NP,2025-03-02T22:18:39.000+05:45
10026,791080,414,22.46,JP,2025-11-25T04:04:06.000+05:45
10324,797189,42,244.03,NP,2023-12-30T19:19:27.000+05:45
10054,797195,34,14.64,NP,2025-01-20T14:00:43.000+05:45
10334,797545,357,35.93,NP,2025-06-23T05:02:16.000+05:45
10082,798828,256,130.29,NP,2024-04-27T23:26:27.000+05:45
10278,799715,247,69.94,NP,2024-05-30T14:13:20.000+05:45
10385,800158,489,62.14,NP,2026-04-18T06:36:28.000+05:45
10050,803638,283,54.16,DE,2024-05-19T21:41:01.000+05:45
10439,804418,96,22.92,US,2023-10-17T21:02:09.000+05:45
10010,804486,259,17.25,NP,2026-01-07T14:19:38.000+05:45
10200,805615,492,8.39,DE,2023-08-08T18:37:07.000+05:45
10426,805754,347,63.84,NP,2023-07-31T04:41:31.000+05:45
10462,805805,108,71.55,NP,2026-01-08T16:22:11.000+05:45
10396,805987,135,96.34,NP,2025-04-29T06:53:20.000+05:45
10421,806601,53,216.42,NP,2025-02-23T15:55:01.000+05:45
10064,806898,44,40.09,AU,2024-08-09T20:55:09.000+05:45
10166,807638,239,317.85,NP,2026-06-22T23:50:52.000+05:45
10049,807805,175,182.8,NP,2023-07-01T11:01:04.000+05:45
10276,808720,443,40.75,NP,2025-08-04T12:21:36.000+05:45
10371,809374,135,2.35,JP,2024-07-22T12:17:31.000+05:45
10178,811186,378,24.21,NP,2025-07-04T21:04:45.000+05:45
10487,815945,76,178.92,IN,2023-05-17T15:54:39.000+05:45
10481,817131,234,74.39,NP,2024-12-12T06:36:28.000+05:45
10348,819019,427,42.93,NP,2024-02-17T00:11:36.000+05:45
10366,819026,399,58.27,IN,2023-02-14T22:51:49.000+05:45
10125,820850,164,24.35,JP,2025-08-08T07:32:04.000+05:45
10183,823078,444,200.52,NP,2025-03-09T00:32:38.000+05:45
10051,823654,202,49.78,NP,2024-04-06T01:15:17.000+05:45
10253,824102,45,2.29,BR,2026-02-23T05:24:07.000+05:45
10358,826473,322,101.66,NP,2023-10-20T17:07:24.000+05:45
10388,830083,336,224.81,DE,2024-11-01T15:55:21.000+05:45
10272,830897,391,33.82,JP,2025-12-07T05:03:19.000+05:45
10295,832351,423,26.61,NP,2025-12-09T11:09:29.000+05:45
10164,835009,320,326.78,NP,2025-07-13T21:47:55.000+05:45
10031,835191,419,18.08,US,2025-04-15T10:54:02.000+05:45
10328,836607,186,40.11,DE,2023-06-28T07:51:17.000+05:45
10147,837575,292,76.0,JP,2023-01-22T11:53:11.000+05:45
10468,840723,288,44.75,US,2024-12-03T17:53:31.000+05:45
10229,841227,490,1.52,NP,2026-04-28T04:33:42.000+05:45
10357,841289,493,23.05,NP,2026-01-14T21:23:29.000+05:45
10393,841548,4,74.07,NP,2026-01-28T15:01:53.000+05:45
10102,843235,363,75.42,GB,2024-10-24T20:28:20.000+05:45
10473,843643,377,152.26,US,2023-03-23T16:12:19.000+05:45
10385,845353,25,15.98,US,2023-04-12T12:40:44.000+05:45
10289,845889,441,21.78,NP,2025-11-04T04:51:08.000+05:45
10349,846794,52,35.53,IN,2023-06-19T20:59:41.000+05:45
10350,848585,318,22.57,US,2024-11-01T17:18:06.000+05:45
10015,848668,398,207.31,NP,2024-06-02T08:41:00.000+05:45
10189,849015,352,1.47,NP,2024-03-13T08:21:20.000+05:45
10464,849561,425,126.34,NP,2024-08-13T10:19:01.000+05:45
10014,849907,266,87.29,NP,2023-05-19T03:19:16.000+05:45
10232,850148,24,22.61,GB,2024-03-22T18:07:42.000+05:45
10243,850611,273,121.96,GB,2025-10-28T04:40:14.000+05:45
10278,852793,86,131.35,NP,2025-09-20T22:25:41.000+05:45
10414,853510,194,158.83,BR,2024-08-14T14:30:43.000+05:45
10088,853615,258,22.39,NP,2023-11-08T20:00:36.000+05:45
10045,853624,102,18.99,DE,2026-01-27T16:59:53.000+05:45
10272,855531,491,60.23,NP,2025-06-15T09:18:52.000+05:45
10492,857052,406,10.21,NP,2025-10-24T01:10:32.000+05:45
10342,858075,251,8.93,GB,2023-12-17T10:22:59.000+05:45
10426,861392,31,26.83,JP,2025-11-02T02:13:45.000+05:45
10313,862066,146,47.51,NP,2024-12-04T03:40:55.000+05:45
10202,862756,398,31.64,AU,2025-02-19T21:10:31.000+05:45
10256,863559,332,30.94,NP,2024-09-12T15:32:14.000+05:45
10353,864199,499,56.69,NP,2026-03-18T14:30:47.000+05:45
10111,864241,89,77.46,NP,2024-04-13T04:06:18.000+05:45
10345,867123,367,74.9,NP,2024-10-19T11:16:06.000+05:45
10384,867333,196,5.25,NP,2026-06-20T12:33:55.000+05:45
10254,867538,367,40.23,NP,2024-11-06T15:48:45.000+05:45
10243,870567,2,99.99,NP,2023-01-23T00:04:32.000+05:45
10449,870836,455,51.7,NP,2025-10-19T11:33:42.000+05:45
10175,871253,125,36.95,US,2023-01-05T09:58:59.000+05:45
10003,871570,349,139.39,NP,2026-03-25T02:54:43.000+05:45
10101,871667,264,114.14,NP,2025-07-19T12:54:57.000+05:45
10296,871842,420,148.22,NP,2023-12-22T09:51:50.000+05:45
10432,873746,462,33.0,BR,2025-12-30T12:23:33.000+05:45
10092,875639,447,121.55,NP,2024-11-11T08:27:22.000+05:45
10119,876470,402,28.39,NP,2025-10-09T20:43:29.000+05:45
10419,877312,69,63.24,JP,2024-08-18T14:26:12.000+05:45
10128,878619,118,32.23,JP,2023-09-29T20:03:23.000+05:45
10422,880399,482,78.57,NP,2024-03-29T16:30:46.000+05:45
10081,880637,241,68.52,NP,2026-01-20T19:38:45.000+05:45
10142,881006,66,277.0,NP,2026-05-16T15:42:19.000+05:45
10275,882666,474,114.95,NP,2024-04-11T13:13:18.000+05:45
10212,882944,146,168.02,NP,2025-04-28T17:06:14.000+05:45
10184,883344,85,47.61,DE,2026-05-24T07:47:59.000+05:45
10466,883573,275,53.68,NP,2025-07-13T08:50:05.000+05:45
10359,883876,190,12.79,NP,2023-06-20T20:12:35.000+05:45
10454,884888,478,51.99,NP,2025-04-25T05:46:49.000+05:45
10430,886447,97,48.64,NP,2023-04-13T16:37:59.000+05:45
10489,886987,447,21.66,NP,2024-11-12T17:05:21.000+05:45
10500,890707,204,105.72,NP,2025-05-12T22:22:15.000+05:45
10088,892418,274,132.03,NP,2025-11-15T00:11:41.000+05:45
10495,892492,323,28.99,NP,2024-02-04T10:49:57.000+05:45
10413,892852,157,9.83,NP,2024-07-17T10:00:47.000+05:45
10318,894158,62,54.11,NP,2023-03-24T16:41:46.000+05:45
10499,895339,253,13.48,US,2025-11-28T13:59:48.000+05:45
10207,895396,71,1.23,NP,2026-03-22T16:16:32.000+05:45
10179,897531,82,28.75,US,2024-02-07T23:39:24.000+05:45
10119,899917,365,96.9,NP,2026-06-05T17:37:33.000+05:45
10413,900199,390,78.27,NP,2024-11-25T11:11:33.000+05:45
10038,900342,49,166.4,JP,2024-11-16T23:17:35.000+05:45
10294,901514,422,18.9,US,2026-02-11T05:22:06.000+05:45
10094,902637,190,294.26,IN,2026-02-21T05:40:40.000+05:45
10127,903667,289,78.13,DE,2025-10-10T22:43:01.000+05:45
10481,905162,418,131.58,NP,2023-02-21T03:07:11.000+05:45
10189,905322,70,9.98,NP,2025-06-26T02:53:47.000+05:45
10384,906878,119,27.2,JP,2024-07-08T00:08:32.000+05:45
10203,907138,18,73.57,IN,2024-08-11T08:29:42.000+05:45
10090,909768,123,37.91,NP,2024-12-09T06:11:02.000+05:45
10245,910459,427,126.33,NP,2025-08-03T17:55:28.000+05:45
10481,912960,485,82.0,NP,2025-06-13T14:15:48.000+05:45
10439,913846,461,111.15,NP,2023-08-08T11:48:01.000+05:45
10296,914668,73,159.67,NP,2026-04-29T21:05:27.000+05:45
10086,915101,142,58.45,GB,2024-03-25T16:42:12.000+05:45
10290,915658,97,114.19,NP,2024-01-25T06:12:35.000+05:45
10254,917583,70,20.91,JP,2025-01-29T12:57:41.000+05:45
10372,918398,163,120.87,JP,2024-04-07T11:12:38.000+05:45
10188,920273,345,109.14,AU,2025-10-20T11:49:20.000+05:45
10487,920491,482,374.69,NP,2024-11-02T18:04:05.000+05:45
10384,920906,389,37.47,NP,2025-04-23T07:51:21.000+05:45
10241,923308,78,256.67,NP,2024-07-15T22:21:34.000+05:45
10007,926203,103,118.48,NP,2023-11-16T03:29:08.000+05:45
10467,926325,98,6.52,NP,2023-07-06T11:46:26.000+05:45
10427,926588,4,76.87,JP,2023-06-04T16:41:40.000+05:45
10383,926695,322,180.19,NP,2025-11-14T05:25:27.000+05:45
10005,927593,230,6.33,BR,2025-06-28T16:58:11.000+05:45
10094,928488,86,76.41,NP,2025-09-27T23:54:29.000+05:45
10143,928624,87,15.77,JP,2025-01-01T14:35:26.000+05:45
10083,930674,25,79.7,NP,2025-07-03T21:32:28.000+05:45
10260,931634,124,25.02,DE,2024-07-26T16:17:58.000+05:45
10360,932882,231,38.41,IN,2025-03-26T18:38:46.000+05:45
10057,934220,94,28.3,AU,2025-07-08T06:12:44.000+05:45
10101,936226,63,12.65,NP,2023-10-27T15:35:30.000+05:45
10004,937049,109,7.95,AU,2024-01-16T12:11:29.000+05:45
10430,937209,416,25.47,NP,2023-08-14T02:15:57.000+05:45
10109,939007,203,80.54,NP,2025-04-14T11:37:05.000+05:45
10184,941344,91,34.67,AU,2024-01-16T09:22:58.000+05:45
10126,942197,353,194.06,IN,2023-03-24T00:01:15.000+05:45
10048,944771,64,206.79,NP,2025-11-13T11:41:21.000+05:45
10318,946046,393,40.42,NP,2025-09-29T06:03:20.000+05:45
10295,946697,52,58.82,NP,2024-09-29T17:44:51.000+05:45
10477,948167,355,86.73,NP,2025-05-07T11:34:19.000+05:45
10389,950110,72,47.21,NP,2025-09-11T00:13:14.000+05:45
10138,951641,332,53.92,NP,2026-04-04T03:26:45.000+05:45
10391,952017,336,122.92,DE,2026-06-02T20:14:54.000+05:45
10475,956222,364,56.15,JP,2026-02-12T05:05:36.000+05:45
10294,956449,98,29.28,JP,2025-11-29T09:01:08.000+05:45
10269,956565,316,210.08,IN,2023-11-30T01:19:46.000+05:45
10229,957131,48,14.53,IN,2023-09-10T19:08:44.000+05:45
10170,958667,398,68.41,IN,2025-02-05T09:54:19.000+05:45
10389,959665,350,143.95,JP,2024-11-27T16:48:32.000+05:45
10022,959944,374,343.01,NP,2023-11-28T11:58:39.000+05:45
10258,962163,371,8.36,AU,2024-11-16T17:10:39.000+05:45
10020,964087,199,4.88,DE,2023-07-07T02:00:24.000+05:45
10032,964877,172,51.31,NP,2025-04-11T20:08:20.000+05:45
10480,971031,35,67.84,NP,2026-03-28T13:52:13.000+05:45
10202,971993,362,38.02,NP,2023-09-06T06:20:21.000+05:45
10497,972097,486,59.24,NP,2023-04-17T10:53:13.000+05:45
10233,973899,424,302.09,NP,2025-04-04T02:53:59.000+05:45
10195,974217,360,63.68,US,2026-06-04T03:53:44.000+05:45
10315,974794,434,12.47,IN,2023-03-05T10:30:09.000+05:45
10433,977374,51,3.78,US,2024-08-22T07:18:19.000+05:45
10449,977978,454,44.6,AU,2026-01-13T13:58:34.000+05:45
10084,979073,97,30.06,GB,2025-12-17T14:28:03.000+05:45
10129,979445,420,215.6,NP,2023-07-12T19:00:56.000+05:45
10376,979860,299,20.27,NP,2024-12-21T15:28:18.000+05:45
10302,980788,84,10.56,NP,2023-06-15T02:08:49.000+05:45
10176,981136,149,61.59,NP,2023-06-21T08:13:39.000+05:45
10173,985599,356,191.88,US,2024-12-12T17:52:44.000+05:45
10457,987165,460,51.63,DE,2023-01-16T06:21:16.000+05:45
10077,987408,101,85.15,NP,2023-06-04T23:22:53.000+05:45
10442,987593,153,115.61,IN,2023-04-12T16:10:41.000+05:45
10109,988180,450,3.29,IN,2024-09-11T04:50:00.000+05:45
10271,989767,32,17.05,NP,2025-04-09T21:20:04.000+05:45
10275,992314,72,16.92,NP,2023-12-15T05:17:06.000+05:45
10476,992700,13,11.48,JP,2025-09-16T01:53:58.000+05:45
10124,994183,498,135.72,NP,2025-02-04T07:43:42.000+05:45
10452,994897,486,3.39,NP,2026-01-17T16:08:39.000+05:45
10234,995149,119,31.3,NP,2024-01-25T13:29:17.000+05:45
10276,995368,19,225.66,NP,2026-06-14T12:16:43.000+05:45
10095,997217,30,65.73,NP,2024-08-06T21:11:38.000+05:45
10451,440,88,277.34,NP,2023-08-03T20:52:59.000+05:45
10477,1304,296,18.16,NP,2024-01-02T13:20:21.000+05:45
10303,3413,451,66.58,NP,2024-01-12T12:44:10.000+05:45
10100,3700,144,38.84,NP,2026-04-19T05:08:13.000+05:45
10316,4041,376,50.9,NP,2024-08-06T23:29:42.000+05:45
10248,4645,422,170.33,JP,2023-09-04T14:49:06.000+05:45
10406,5763,158,224.97,GB,2023-07-01T06:50:47.000+05:45
10227,6759,55,125.11,NP,2026-02-27T10:20:25.000+05:45
10248,7519,343,66.64,NP,2024-07-10T12:38:23.000+05:45
10356,8191,174,68.54,NP,2023-07-24T05:50:18.000+05:45
10126,9164,164,425.77,AU,2026-04-20T17:10:59.000+05:45
10244,9707,381,157.32,DE,2023-04-27T09:10:42.000+05:45
10344,10396,252,89.11,AU,2026-01-02T09:01:54.000+05:45
10397,11709,64,11.39,DE,2023-05-10T02:27:41.000+05:45
10062,12671,300,44.56,NP,2025-06-26T19:12:24.000+05:45
10040,13342,422,3.58,IN,2023-04-17T01:01:00.000+05:45
10215,13689,67,55.11,NP,2023-01-29T21:53:56.000+05:45
10481,13757,401,87.81,IN,2023-09-27T22:18:31.000+05:45
10453,14282,224,217.22,NP,2024-09-09T07:33:24.000+05:45
10313,14389,315,209.87,IN,2026-06-15T22:01:29.000+05:45
10214,15582,186,113.82,AU,2025-08-27T05:14:29.000+05:45
10344,16576,421,11.8,NP,2024-07-17T19:32:25.000+05:45
10198,17609,36,17.44,NP,2023-04-21T04:01:02.000+05:45
10157,21429,113,44.58,NP,2024-04-12T11:23:49.000+05:45
10388,22295,156,10.55,GB,2023-07-16T00:20:46.000+05:45
10332,23091,208,148.02,AU,2024-08-29T01:00:20.000+05:45
10145,25003,478,330.48,NP,2023-05-03T05:50:08.000+05:45
10367,25337,436,60.16,NP,2024-05-02T14:53:42.000+05:45
10385,25343,447,82.13,AU,2025-06-28T02:01:41.000+05:45
10005,25932,175,158.34,NP,2026-05-23T01:08:06.000+05:45
10195,26143,155,30.59,JP,2025-03-07T00:54:46.000+05:45
10247,27099,294,98.93,BR,2024-04-30T10:09:55.000+05:45
10240,28030,362,367.94,NP,2023-05-21T07:06:52.000+05:45
10208,29069,11,23.91,NP,2024-05-29T12:38:55.000+05:45
10102,29252,94,142.8,GB,2023-03-07T11:44:49.000+05:45
10223,29292,73,236.94,IN,2026-01-20T22:34:55.000+05:45
10437,30938,236,14.53,NP,2023-04-27T13:32:14.000+05:45
10418,31784,55,18.98,JP,2024-02-01T12:31:46.000+05:45
10196,34331,253,24.16,NP,2023-10-18T09:31:43.000+05:45
10135,35290,118,127.51,AU,2024-01-20T23:56:28.000+05:45
10246,35411,197,59.21,NP,2025-09-29T07:44:43.000+05:45
10058,36127,85,23.29,NP,2025-02-07T00:41:46.000+05:45
10097,38291,434,14.73,IN,2023-07-24T01:09:30.000+05:45
10436,38509,497,53.19,US,2023-02-20T01:27:48.000+05:45
10061,40433,496,81.14,NP,2026-02-16T04:24:26.000+05:45
10145,42000,370,198.03,US,2023-06-09T18:06:07.000+05:45
10143,42029,69,20.15,JP,2024-03-30T03:34:14.000+05:45
10144,42215,86,46.05,JP,2023-07-11T10:16:22.000+05:45
10439,42781,455,105.93,US,2025-07-26T12:36:10.000+05:45
10107,44662,362,6.35,NP,2026-01-02T07:18:55.000+05:45
10358,46132,267,127.5,BR,2026-06-14T22:23:03.000+05:45
10146,46593,447,2.28,NP,2023-04-27T17:59:22.000+05:45
10169,49432,143,22.31,BR,2024-06-13T09:38:55.000+05:45
10362,49922,390,157.94,NP,2024-05-23T11:22:18.000+05:45
10226,50775,386,40.34,NP,2025-07-29T18:24:30.000+05:45
10020,51529,347,4.84,US,2023-11-04T07:18:47.000+05:45
10158,52920,210,88.55,NP,2024-06-21T03:57:11.000+05:45
10409,54760,66,48.71,DE,2023-12-01T10:00:18.000+05:45
10496,57256,300,37.2,AU,2026-06-21T05:19:11.000+05:45
10425,58612,33,9.91,BR,2026-03-25T16:00:31.000+05:45
10315,61116,37,81.99,NP,2025-04-17T18:04:38.000+05:45
10379,62408,208,75.36,NP,2026-02-10T03:43:13.000+05:45
10334,62567,47,357.48,AU,2023-03-18T18:26:52.000+05:45
10143,63488,216,27.14,NP,2024-06-23T23:55:02.000+05:45
10339,65320,191,5.63,NP,2025-05-07T03:24:45.000+05:45
10129,65395,46,56.11,NP,2023-11-10T01:35:34.000+05:45
10293,66346,302,16.63,NP,2024-01-30T11:09:26.000+05:45
10106,67908,282,107.41,US,2024-12-24T11:33:45.000+05:45
10275,68034,349,29.89,NP,2024-08-17T18:15:06.000+05:45
10398,69571,117,96.23,GB,2023-10-08T23:03:19.000+05:45
10335,70368,436,76.02,NP,2024-03-19T11:29:54.000+05:45
10221,70841,383,67.97,NP,2023-01-16T11:46:35.000+05:45
10318,70861,462,493.65,NP,2024-11-02T05:19:59.000+05:45
10211,71223,424,32.56,BR,2023-10-26T11:03:23.000+05:45
10469,71466,382,108.24,JP,2023-11-02T10:02:29.000+05:45
10244,71581,475,188.2,DE,2024-05-03T01:30:57.000+05:45
10481,71916,194,36.89,NP,2023-04-24T14:36:01.000+05:45
10276,73397,338,170.55,NP,2025-01-22T05:13:38.000+05:45
10254,75902,193,3.16,IN,2025-01-05T04:15:01.000+05:45
10171,76377,45,11.3,GB,2023-02-26T18:35:46.000+05:45
10345,77838,180,316.01,NP,2026-02-03T04:48:18.000+05:45
10462,77865,308,40.24,IN,2023-09-20T13:13:29.000+05:45
10012,79284,85,9.32,NP,2023-04-03T21:19:02.000+05:45
10368,81585,392,77.23,NP,2025-07-31T06:29:34.000+05:45
10195,82018,391,16.01,NP,2023-01-31T04:20:20.000+05:45
10338,85801,296,159.51,JP,2026-03-19T17:09:28.000+05:45
10005,86056,386,68.92,NP,2026-04-28T16:05:56.000+05:45
10219,86918,288,30.05,NP,2026-01-09T17:29:28.000+05:45
10364,87991,369,2.64,NP,2025-05-17T17:51:38.000+05:45
10210,88251,349,5.02,JP,2024-11-27T08:37:04.000+05:45
10251,88841,122,171.99,NP,2023-11-15T15:04:33.000+05:45
10358,89153,379,39.51,NP,2025-10-29T05:53:40.000+05:45
10132,89342,423,2.56,AU,2023-10-18T17:49:44.000+05:45
10281,89748,302,146.69,NP,2025-01-06T09:28:48.000+05:45
10450,90056,468,5.21,NP,2025-08-18T09:01:18.000+05:45
10139,92521,196,66.17,DE,2023-10-19T02:24:16.000+05:45
10033,94420,188,85.65,NP,2025-01-25T22:52:43.000+05:45
10419,96508,287,54.58,IN,2025-10-18T00:15:31.000+05:45
10374,99100,421,5.65,NP,2026-03-06T23:32:46.000+05:45
10127,99415,108,153.72,JP,2026-04-13T14:44:15.000+05:45
10079,99835,189,100.08,DE,2023-12-29T09:34:38.000+05:45
10305,100024,60,269.59,US,2024-01-12T13:30:59.000+05:45
10211,105905,333,69.56,NP,2023-09-23T21:39:52.000+05:45
10160,107749,149,17.94,NP,2024-07-23T22:21:14.000+05:45
10006,108480,223,31.18,NP,2025-07-12T20:47:57.000+05:45
10283,108793,13,135.51,AU,2025-12-24T03:03:31.000+05:45
10060,109920,42,81.0,AU,2023-09-07T05:57:13.000+05:45
10079,110472,468,155.21,DE,2025-08-22T09:17:54.000+05:45
10115,111322,234,49.91,AU,2026-03-18T16:01:27.000+05:45
10400,114184,65,7.2,NP,2025-11-10T05:04:24.000+05:45
10266,116305,78,28.06,GB,2023-12-04T09:45:50.000+05:45
10240,116492,328,46.42,NP,2023-03-09T02:56:36.000+05:45
10416,117614,223,112.65,JP,2023-09-04T20:36:38.000+05:45
10288,118829,251,24.53,NP,2025-06-06T15:25:53.000+05:45
10097,119539,435,4.07,NP,2024-11-10T11:50:41.000+05:45
10322,119882,75,211.17,JP,2024-07-07T22:28:20.000+05:45
10379,120676,441,18.43,US,2025-06-22T20:51:34.000+05:45
10428,121360,346,50.29,NP,2024-07-26T02:54:38.000+05:45
10081,123471,72,12.88,NP,2023-02-12T18:32:02.000+05:45
10304,125272,281,72.74,NP,2026-01-12T07:29:24.000+05:45
10484,125749,394,3.72,AU,2026-02-21T06:41:39.000+05:45
10406,126026,412,39.38,IN,2023-09-14T06:31:02.000+05:45
10140,129201,463,134.52,NP,2024-10-25T07:15:31.000+05:45
10045,130152,6,92.89,BR,2023-01-07T02:11:56.000+05:45
10412,132444,172,43.39,DE,2026-02-01T20:28:31.000+05:45
10079,135715,116,43.58,NP,2024-11-19T02:37:20.000+05:45
10071,137014,301,325.91,NP,2024-06-17T00:53:43.000+05:45
10027,137164,14,14.47,US,2026-02-15T17:28:54.000+05:45
10407,137737,326,302.03,NP,2023-12-25T18:36:26.000+05:45
10350,137950,494,119.53,IN,2023-04-29T00:44:31.000+05:45
10481,139330,182,48.93,GB,2025-07-13T09:48:41.000+05:45
10116,140940,248,37.2,NP,2023-09-01T21:44:03.000+05:45
10163,142151,91,96.73,NP,2026-02-03T09:54:58.000+05:45
10345,143105,335,57.49,US,2023-03-15T03:32:53.000+05:45
10280,144030,215,33.84,BR,2025-02-24T08:44:55.000+05:45
10326,145611,123,16.36,NP,2024-12-15T06:51:56.000+05:45
10341,146427,404,2.49,NP,2026-02-02T13:27:28.000+05:45
10160,147674,296,22.93,NP,2024-03-18T02:07:08.000+05:45
10037,148640,143,13.45,JP,2025-06-30T20:46:54.000+05:45
10491,148702,305,94.77,BR,2024-04-08T17:23:03.000+05:45
10471,149200,68,109.66,NP,2025-12-14T09:39:04.000+05:45
10384,150813,389,10.24,NP,2024-06-20T17:46:24.000+05:45
10345,152450,96,15.83,US,2024-07-11T17:13:38.000+05:45
10169,153603,160,97.32,NP,2023-04-25T19:12:49.000+05:45
10033,155489,422,115.19,JP,2023-01-30T18:05:37.000+05:45
10435,156250,225,29.28,NP,2024-04-13T11:20:43.000+05:45
10455,158439,213,152.1,NP,2023-01-10T09:12:38.000+05:45
10198,158634,60,64.3,NP,2025-12-10T07:19:56.000+05:45
10160,160233,53,99.35,IN,2023-10-26T07:27:39.000+05:45
10403,161178,499,207.05,NP,2024-03-18T22:34:55.000+05:45
10036,161337,293,91.59,NP,2024-08-09T12:26:51.000+05:45
10368,161798,126,35.11,NP,2023-07-20T17:09:31.000+05:45
10032,161924,332,41.7,NP,2024-04-13T13:31:29.000+05:45
10016,163700,214,443.16,DE,2026-02-13T01:28:56.000+05:45
10116,164059,469,100.31,NP,2025-08-16T21:42:34.000+05:45
10330,165578,270,67.39,NP,2024-12-17T16:19:48.000+05:45
10419,165681,285,56.47,GB,2023-01-25T16:55:25.000+05:45
10041,166508,141,31.05,NP,2024-04-09T09:07:47.000+05:45
10236,167661,144,91.61,NP,2023-08-22T13:33:10.000+05:45
10288,168762,78,130.38,IN,2023-10-08T20:06:36.000+05:45
10156,170361,23,45.27,GB,2025-06-11T19:44:45.000+05:45
10004,170784,238,174.42,NP,2026-01-28T07:42:43.000+05:45
10245,170903,158,372.52,BR,2024-12-20T07:05:54.000+05:45
10372,172890,223,98.28,IN,2025-02-06T09:20:49.000+05:45
10299,173385,478,4.67,NP,2023-08-06T01:27:20.000+05:45
10450,173520,321,19.15,GB,2024-12-11T06:15:48.000+05:45
10015,175067,187,29.42,NP,2026-06-25T11:01:26.000+05:45
10186,175090,313,67.87,NP,2024-10-27T04:39:39.000+05:45
10285,176004,207,68.54,NP,2023-01-26T16:57:21.000+05:45
10464,176476,204,52.49,NP,2025-10-03T06:37:49.000+05:45
10290,179493,394,101.34,NP,2025-08-18T18:10:20.000+05:45
10139,180273,355,19.77,NP,2023-05-14T06:22:17.000+05:45
10139,181014,39,282.67,NP,2023-09-21T09:51:06.000+05:45
10327,181159,175,90.29,BR,2024-03-30T12:04:19.000+05:45
10169,182336,441,97.47,DE,2024-10-17T02:15:27.000+05:45
10075,185133,468,103.63,AU,2023-06-07T06:16:24.000+05:45
10161,187513,475,5.41,US,2025-12-07T21:39:58.000+05:45
10117,187575,281,42.8,BR,2025-06-03T17:53:21.000+05:45
10351,189008,286,23.88,NP,2023-10-22T17:57:39.000+05:45
10499,189726,92,7.89,AU,2024-01-23T12:53:23.000+05:45
10262,190154,431,55.83,NP,2024-03-08T08:17:34.000+05:45
10038,192549,479,22.83,US,2026-06-06T17:23:22.000+05:45
10172,192616,233,6.69,NP,2023-01-04T02:31:08.000+05:45
10239,192668,370,27.88,AU,2025-12-17T14:15:45.000+05:45
10395,193172,500,149.35,NP,2024-03-27T22:16:49.000+05:45
10144,194200,211,42.99,NP,2025-11-10T05:20:05.000+05:45
10372,194894,464,162.55,NP,2023-04-18T22:17:23.000+05:45
10442,194906,30,3.67,NP,2026-02-21T10:56:42.000+05:45
10078,195629,213,17.16,IN,2026-05-24T16:41:03.000+05:45
10118,196442,46,17.71,NP,2025-02-10T12:03:27.000+05:45
10004,197362,416,21.8,DE,2026-01-12T15:56:42.000+05:45
10466,197811,89,137.36,IN,2023-01-03T20:31:15.000+05:45
10154,200688,17,57.82,NP,2023-03-27T06:19:30.000+05:45
10019,201208,200,6.91,IN,2024-12-11T22:04:05.000+05:45
10096,201809,133,130.2,IN,2025-11-15T15:36:26.000+05:45
10151,201837,70,10.17,NP,2026-03-11T23:24:09.000+05:45
10481,204785,460,1.31,NP,2024-02-18T09:21:06.000+05:45
10296,208214,151,89.98,NP,2023-09-04T05:17:20.000+05:45
10222,209575,438,21.58,DE,2024-08-20T02:46:32.000+05:45
10393,209930,108,18.56,NP,2026-06-20T20:50:44.000+05:45
10240,210600,399,54.09,IN,2024-01-13T11:32:42.000+05:45
10280,212282,289,32.22,IN,2025-03-12T05:25:57.000+05:45
10152,212802,30,29.19,NP,2025-11-18T18:13:33.000+05:45
10003,213396,262,56.66,NP,2024-05-05T19:54:37.000+05:45
10429,213434,452,64.77,AU,2026-03-17T21:11:06.000+05:45
10449,215282,395,153.59,NP,2023-04-16T03:43:41.000+05:45
10086,216682,261,29.5,NP,2023-01-10T17:50:33.000+05:45
10332,217898,437,123.86,NP,2025-05-01T08:01:26.000+05:45
10074,220748,476,15.66,NP,2024-01-07T00:40:47.000+05:45
10205,221983,221,338.9,NP,2023-12-08T10:55:48.000+05:45
10287,222058,326,32.22,NP,2025-08-02T08:06:06.000+05:45
10221,223364,317,214.97,AU,2025-05-04T22:07:57.000+05:45
10335,225278,287,51.11,NP,2024-08-06T13:37:57.000+05:45
10363,225418,440,66.06,AU,2023-07-17T13:41:24.000+05:45
10380,226833,313,215.57,DE,2025-09-28T15:05:40.000+05:45
10394,229977,192,128.0,JP,2025-06-12T03:52:51.000+05:45
10265,231204,80,130.68,NP,2023-06-27T21:40:24.000+05:45
10092,234271,421,38.52,NP,2025-03-15T07:03:59.000+05:45
10050,234696,239,2.68,NP,2025-10-12T10:03:48.000+05:45
10221,238444,446,29.74,NP,2025-10-06T13:52:42.000+05:45
10291,239113,329,6.18,JP,2024-01-08T03:47:37.000+05:45
10077,239301,262,28.71,US,2025-12-01T04:42:45.000+05:45
10261,240461,396,50.7,IN,2023-06-25T14:13:55.000+05:45
10430,240844,10,74.63,NP,2026-03-04T19:13:10.000+05:45
10495,243765,177,203.99,NP,2025-11-17T01:55:34.000+05:45
10017,243909,496,271.18,US,2023-02-20T00:43:56.000+05:45
10374,244307,105,8.48,NP,2026-06-23T17:42:03.000+05:45
10404,244682,360,89.76,DE,2024-09-17T09:13:11.000+05:45
10245,244896,255,65.62,NP,2024-06-15T08:24:08.000+05:45
10117,244897,167,68.63,NP,2024-02-08T22:38:47.000+05:45
10080,245349,372,3.31,US,2024-09-19T13:51:31.000+05:45
10129,246242,128,133.49,NP,2024-05-09T07:22:07.000+05:45
10009,250125,377,48.11,IN,2023-05-06T15:08:34.000+05:45
10241,250158,147,6.03,NP,2025-06-20T23:59:49.000+05:45
10289,252878,388,129.24,NP,2025-01-28T20:45:03.000+05:45
10380,253433,211,120.41,NP,2024-03-12T07:27:58.000+05:45
10500,254346,56,31.45,US,2025-02-21T15:33:24.000+05:45
10297,254955,373,22.23,IN,2023-11-28T23:39:26.000+05:45
10173,256665,467,1.55,NP,2023-07-23T20:54:02.000+05:45
10005,260171,28,64.06,NP,2026-01-17T05:58:12.000+05:45
10316,261219,315,291.65,US,2026-02-17T17:27:04.000+05:45
10252,261354,314,64.34,NP,2026-05-29T01:41:25.000+05:45
10189,261749,459,113.63,NP,2025-11-11T11:02:27.000+05:45
10208,262043,11,73.31,NP,2023-09-06T02:29:59.000+05:45
10358,263106,378,85.82,AU,2025-05-29T10:07:45.000+05:45
10126,264624,178,151.94,NP,2024-11-15T15:56:53.000+05:45
10005,265428,227,4.9,NP,2023-06-04T14:58:08.000+05:45
10011,265450,485,48.26,NP,2025-06-05T08:17:31.000+05:45
10459,267197,431,139.57,JP,2025-08-18T05:48:54.000+05:45
10391,270318,140,341.73,JP,2026-03-25T01:10:18.000+05:45
10030,270641,190,65.01,NP,2024-01-27T04:28:18.000+05:45
10308,271711,6,16.31,NP,2026-04-27T06:37:43.000+05:45
10048,272188,194,92.47,US,2023-03-17T16:20:56.000+05:45
10230,272223,105,39.25,JP,2023-09-09T21:21:47.000+05:45
10271,273148,133,58.56,NP,2026-05-04T14:05:43.000+05:45
10402,273191,464,72.26,IN,2025-07-06T00:46:29.000+05:45
10353,274757,25,155.84,AU,2026-03-26T13:42:29.000+05:45
10006,275191,3,17.94,NP,2023-11-06T18:59:46.000+05:45
10374,275511,372,123.68,NP,2023-03-02T11:11:56.000+05:45
10027,276929,373,46.75,IN,2025-05-26T22:03:43.000+05:45
10496,277282,194,140.78,US,2024-04-02T05:50:48.000+05:45
10234,277504,1,48.74,IN,2024-05-28T18:17:51.000+05:45
10117,278981,276,67.61,GB,2023-08-04T05:36:43.000+05:45
10121,278985,250,143.44,GB,2025-05-26T04:20:26.000+05:45
10019,279688,184,47.04,DE,2023-09-25T08:23:44.000+05:45
10075,280926,66,94.33,JP,2025-07-22T19:42:35.000+05:45
10067,286560,200,104.69,IN,2025-05-23T23:15:00.000+05:45
10046,286684,39,316.79,JP,2023-03-25T10:19:15.000+05:45
10214,288703,493,226.19,IN,2023-12-26T06:54:13.000+05:45
10332,290045,113,48.11,NP,2026-05-05T06:03:43.000+05:45
10154,291491,339,84.6,NP,2024-10-27T11:50:56.000+05:45
10287,293779,142,294.78,DE,2024-02-05T15:43:49.000+05:45
10139,294289,397,30.12,NP,2023-07-20T04:39:13.000+05:45
10363,297221,315,9.82,NP,2025-09-04T21:59:51.000+05:45
10420,297844,124,30.6,NP,2024-08-28T00:26:03.000+05:45
10117,297972,468,34.83,NP,2024-07-25T23:42:00.000+05:45
10191,301708,500,98.64,NP,2025-01-17T13:52:32.000+05:45
10072,302689,228,30.27,NP,2023-10-25T08:40:16.000+05:45
10459,303092,386,13.17,NP,2023-07-04T06:03:09.000+05:45
10157,303645,308,3.61,IN,2024-11-24T23:40:35.000+05:45
10032,303735,266,333.76,NP,2023-06-13T20:29:28.000+05:45
10388,304309,227,4.59,IN,2025-02-12T20:54:24.000+05:45
10279,305169,203,63.74,AU,2024-08-05T06:39:55.000+05:45
10083,306023,303,99.76,NP,2024-07-04T11:34:36.000+05:45
10199,306304,500,151.4,JP,2026-04-18T03:59:09.000+05:45
10102,309023,213,143.54,JP,2025-11-05T08:11:10.000+05:45
10095,311279,79,46.89,JP,2023-08-07T18:42:24.000+05:45
10077,311280,256,48.54,BR,2025-03-22T17:21:09.000+05:45
10438,312957,113,38.24,US,2024-12-29T10:53:29.000+05:45
10261,313591,165,75.87,NP,2023-11-20T12:32:25.000+05:45
10201,313915,338,4.16,NP,2024-01-25T08:23:51.000+05:45
10072,314873,389,7.11,NP,2023-05-25T15:48:08.000+05:45
10113,316054,1,3.32,NP,2024-09-25T17:30:55.000+05:45
10377,316655,26,76.36,NP,2025-11-28T17:25:04.000+05:45
10444,317607,269,21.79,NP,2026-05-01T12:32:29.000+05:45
10282,319163,347,216.97,NP,2024-04-10T09:30:34.000+05:45
10359,320280,34,79.19,NP,2025-08-11T04:56:10.000+05:45
10429,323256,106,23.76,NP,2024-11-10T05:39:11.000+05:45
10371,324120,99,39.36,JP,2023-09-11T06:05:39.000+05:45
10447,326411,103,126.27,NP,2025-10-31T19:03:14.000+05:45
10145,327416,491,97.05,NP,2023-10-24T03:36:22.000+05:45
10039,327768,34,24.44,DE,2024-05-22T23:10:25.000+05:45
10343,331055,496,100.72,AU,2024-06-21T17:13:44.000+05:45
10266,331351,24,3.1,NP,2023-05-15T19:18:00.000+05:45
10344,337831,271,85.71,NP,2025-08-24T09:23:16.000+05:45
10485,338495,395,247.24,NP,2023-10-11T05:26:17.000+05:45
10488,340834,265,10.92,AU,2025-12-10T13:21:16.000+05:45
10474,342105,196,380.18,NP,2025-09-17T23:56:16.000+05:45
10368,343676,91,189.1,NP,2023-05-02T17:20:54.000+05:45
10285,345539,216,8.11,NP,2025-06-03T13:29:51.000+05:45
10128,347757,398,111.57,GB,2023-04-28T19:37:14.000+05:45
10198,348196,146,28.26,NP,2025-04-05T21:52:29.000+05:45
10218,349109,34,6.51,NP,2026-06-14T04:21:21.000+05:45
10009,350376,418,167.22,US,2026-03-11T00:35:56.000+05:45
10474,350893,323,43.85,NP,2023-12-14T05:22:18.000+05:45
10110,350963,172,36.55,NP,2025-04-08T10:39:01.000+05:45
10394,352530,162,18.43,NP,2024-09-01T12:26:21.000+05:45
10449,353122,288,57.27,DE,2024-03-27T06:26:08.000+05:45
10313,354029,107,116.38,US,2023-11-13T20:04:41.000+05:45
10127,354543,399,51.37,GB,2025-01-22T01:52:32.000+05:45
10179,354644,25,136.75,NP,2025-07-16T18:29:56.000+05:45
10498,355113,472,128.12,NP,2025-06-10T23:01:06.000+05:45
10313,355728,166,25.02,NP,2025-11-26T03:43:22.000+05:45
10157,355954,262,212.84,NP,2023-11-13T13:55:31.000+05:45
10436,359304,314,77.97,NP,2024-03-17T17:53:36.000+05:45
10041,359333,141,58.79,IN,2025-10-04T16:42:11.000+05:45
10347,360153,156,40.23,NP,2024-03-29T16:15:57.000+05:45
10056,360366,464,58.23,NP,2025-02-08T04:54:56.000+05:45
10373,360429,149,4.74,NP,2023-11-22T18:35:13.000+05:45
10305,360844,39,43.62,NP,2025-07-30T18:37:22.000+05:45
10355,361750,216,24.14,NP,2025-12-07T09:49:17.000+05:45
10079,362470,436,144.58,NP,2025-07-15T09:00:22.000+05:45
10131,362593,298,6.7,NP,2025-11-02T01:37:58.000+05:45
10448,363193,225,51.22,NP,2024-01-29T11:32:38.000+05:45
10189,364027,444,9.16,US,2025-09-06T20:50:13.000+05:45
10147,364389,439,195.86,NP,2025-06-05T07:39:48.000+05:45
10219,364716,87,25.62,NP,2026-05-23T12:02:10.000+05:45
10155,368604,159,211.87,NP,2024-03-25T11:31:50.000+05:45
10433,371443,206,67.0,GB,2023-11-03T21:14:06.000+05:45
10190,372461,339,70.48,NP,2023-09-30T12:54:44.000+05:45
10039,372527,47,33.87,NP,2023-07-16T07:00:32.000+05:45
10245,372989,34,2.53,NP,2025-08-24T15:57:19.000+05:45
10212,373222,300,51.44,NP,2024-10-19T20:13:37.000+05:45
10494,374274,250,11.72,NP,2026-05-01T08:27:29.000+05:45
10050,375065,271,46.61,NP,2023-06-11T12:07:07.000+05:45
10496,375637,143,12.11,NP,2023-11-20T10:01:46.000+05:45
10330,376003,263,3.43,NP,2025-04-21T18:24:33.000+05:45
10425,377915,13,38.78,NP,2025-02-06T16:51:26.000+05:45
10310,378067,220,9.31,JP,2025-12-30T06:48:50.000+05:45
10326,378436,61,138.29,IN,2023-05-24T06:09:20.000+05:45
10465,381119,408,26.09,JP,2023-01-15T08:34:36.000+05:45
10166,381884,200,39.41,GB,2023-10-30T01:00:41.000+05:45
10387,383902,433,21.42,BR,2023-03-28T05:02:25.000+05:45
10288,384144,162,9.73,JP,2023-12-14T16:22:37.000+05:45
10142,384243,74,48.72,NP,2026-01-31T10:16:32.000+05:45
10288,384272,320,7.12,IN,2023-04-27T02:51:43.000+05:45
10168,385294,135,42.15,JP,2025-07-07T00:54:30.000+05:45
10148,385781,4,70.66,NP,2024-11-08T07:21:36.000+05:45
10371,385788,233,65.35,IN,2023-06-16T18:51:58.000+05:45
10050,387415,160,142.72,NP,2023-04-13T22:03:34.000+05:45
10165,390377,348,85.86,BR,2023-11-06T11:27:05.000+05:45
10174,391234,129,45.99,NP,2024-07-30T17:01:32.000+05:45
10113,396068,379,18.37,NP,2026-02-07T22:37:54.000+05:45
10142,398014,354,56.64,US,2024-02-28T09:27:36.000+05:45
10092,400050,468,101.93,NP,2025-09-27T14:20:04.000+05:45
10362,401236,382,65.24,US,2023-05-13T23:49:03.000+05:45
10386,402316,171,60.5,NP,2024-04-24T03:28:45.000+05:45
10323,409102,154,11.01,NP,2023-02-02T14:59:14.000+05:45
10283,409551,160,156.48,GB,2023-11-06T18:43:24.000+05:45
10329,412809,61,17.38,DE,2024-01-09T18:40:56.000+05:45
10135,416079,180,80.77,NP,2025-01-14T10:16:10.000+05:45
10147,416884,395,108.95,NP,2023-03-27T19:21:05.000+05:45
10339,417862,394,43.9,NP,2023-08-08T02:24:21.000+05:45
10019,419233,115,39.49,NP,2023-08-29T13:21:06.000+05:45
10032,420197,5,30.1,US,2024-07-15T16:15:29.000+05:45
10412,420741,359,103.58,AU,2026-05-13T15:14:34.000+05:45
10494,421407,7,197.2,NP,2025-09-20T16:13:32.000+05:45
10419,421413,348,71.32,NP,2024-04-08T18:18:28.000+05:45
10409,422277,15,273.58,NP,2026-03-28T14:06:26.000+05:45
10178,423114,225,188.1,IN,2025-02-01T15:37:49.000+05:45
10285,424833,327,167.12,NP,2023-04-02T00:02:54.000+05:45
10036,426720,316,58.5,US,2024-04-19T21:31:33.000+05:45
10047,427537,303,64.83,US,2024-11-04T16:12:11.000+05:45
10011,432505,160,12.96,NP,2025-10-29T19:02:43.000+05:45
10165,432680,196,57.21,NP,2025-11-21T08:20:58.000+05:45
10005,433552,308,21.56,NP,2025-08-08T03:17:52.000+05:45
10307,435890,334,41.66,AU,2023-09-02T07:44:13.000+05:45
10368,436556,40,41.94,IN,2023-01-23T15:24:45.000+05:45
10491,436673,58,28.94,NP,2023-08-11T15:39:34.000+05:45
10346,436891,495,383.98,NP,2025-09-25T04:40:16.000+05:45
10455,437708,48,86.86,NP,2024-04-22T09:12:56.000+05:45
10461,437768,216,80.12,NP,2025-12-15T04:22:51.000+05:45
10086,437787,173,4.31,DE,2024-05-16T17:23:47.000+05:45
10367,437879,363,91.7,BR,2024-05-09T14:55:26.000+05:45
10315,438153,458,15.62,NP,2024-10-29T22:24:47.000+05:45
10003,439353,51,17.44,NP,2024-02-07T14:21:40.000+05:45
10096,443782,146,132.43,NP,2024-07-28T14:37:12.000+05:45
10305,444765,174,88.75,NP,2023-04-22T07:38:30.000+05:45
10360,444939,460,53.08,NP,2023-12-25T21:06:39.000+05:45
10311,445142,332,5.43,JP,2024-12-15T02:25:41.000+05:45
10445,445178,13,18.15,NP,2025-12-06T13:08:47.000+05:45
10027,445233,131,63.73,NP,2025-04-25T14:57:33.000+05:45
10090,446038,175,131.82,NP,2023-01-04T17:45:37.000+05:45
10405,447396,428,30.13,NP,2023-02-07T09:20:47.000+05:45
10352,447915,87,20.13,US,2023-05-02T02:18:16.000+05:45
10053,448086,122,17.7,NP,2024-01-22T02:25:29.000+05:45
10291,452915,78,4.82,NP,2024-01-27T17:05:01.000+05:45
10084,453175,409,26.84,NP,2025-06-12T01:06:00.000+05:45
10362,453999,236,6.49,NP,2023-04-23T03:18:38.000+05:45
10115,455340,67,84.77,NP,2024-03-04T19:11:39.000+05:45
10093,455921,146,135.23,NP,2023-05-27T19:08:21.000+05:45
10498,456026,277,51.48,NP,2024-11-30T05:57:36.000+05:45
10241,456270,268,16.81,NP,2023-03-09T11:22:43.000+05:45
10477,456327,238,12.34,US,2023-07-09T18:58:46.000+05:45
10310,456921,237,26.49,AU,2023-03-08T17:52:11.000+05:45
10343,458297,370,75.09,NP,2023-08-09T10:15:21.000+05:45
10073,458539,75,36.08,NP,2024-05-16T20:52:48.000+05:45
10378,459569,113,225.9,NP,2025-08-03T10:00:54.000+05:45
10268,460359,90,13.35,IN,2023-01-01T01:34:40.000+05:45
10091,461568,106,1.66,NP,2025-12-19T23:38:51.000+05:45
10450,461669,368,49.18,NP,2024-03-14T14:39:32.000+05:45
10002,467799,66,44.49,NP,2024-07-01T20:20:38.000+05:45
10160,467913,296,39.81,NP,2025-03-19T17:26:51.000+05:45
10434,469146,413,285.6,NP,2025-11-28T11:40:31.000+05:45
10120,469705,268,72.4,NP,2025-08-14T12:29:49.000+05:45
10444,470624,351,128.7,NP,2025-09-27T22:17:04.000+05:45
10164,470647,51,30.07,NP,2024-07-25T20:22:41.000+05:45
10189,471762,28,20.44,NP,2024-04-20T01:57:33.000+05:45
10448,472094,39,10.01,US,2025-06-14T20:28:13.000+05:45
10086,472582,98,52.58,NP,2024-12-17T22:58:11.000+05:45
10396,473391,413,62.47,NP,2024-01-14T09:53:25.000+05:45
10020,473515,436,7.1,NP,2026-05-12T04:52:43.000+05:45
10446,474167,39,45.28,US,2025-04-16T15:32:49.000+05:45
10033,475056,411,13.52,NP,2024-10-04T23:30:26.000+05:45
10345,476083,452,29.93,IN,2024-06-04T02:44:32.000+05:45
10163,476286,62,127.79,NP,2024-08-27T18:09:00.000+05:45
10247,477086,385,94.43,NP,2023-07-25T15:50:49.000+05:45
10391,478516,377,24.45,JP,2025-12-30T05:17:57.000+05:45
10498,481616,313,62.92,BR,2024-05-07T07:14:19.000+05:45
10098,482748,354,19.33,NP,2023-02-25T02:09:17.000+05:45
10196,485458,492,46.55,BR,2023-05-04T18:15:21.000+05:45
10337,485491,126,8.51,NP,2023-02-13T17:36:14.000+05:45
10092,486959,351,116.28,GB,2023-06-25T12:29:46.000+05:45
10410,488106,145,100.69,JP,2023-01-16T10:12:32.000+05:45
10331,488307,329,71.12,IN,2025-11-16T09:01:34.000+05:45
10333,488890,412,44.05,NP,2023-11-14T19:25:01.000+05:45
10204,489660,302,83.37,US,2025-11-02T03:30:58.000+05:45
10291,490511,266,147.33,NP,2025-05-16T06:42:18.000+05:45
10111,491173,121,34.49,NP,2026-06-11T15:50:06.000+05:45
10233,491523,478,65.25,GB,2023-03-10T14:02:41.000+05:45
10429,493168,480,272.4,DE,2024-10-27T09:02:25.000+05:45
10226,493326,21,81.04,GB,2025-10-29T07:31:11.000+05:45
10451,493812,40,33.99,DE,2023-02-22T01:29:47.000+05:45
10212,494779,237,102.93,NP,2026-03-05T17:14:20.000+05:45
10215,494960,309,52.66,NP,2025-02-05T16:01:37.000+05:45
10370,495187,465,40.49,NP,2023-06-25T01:20:17.000+05:45
10016,496835,210,7.55,US,2024-02-21T11:10:25.000+05:45
10446,499407,347,49.08,BR,2025-07-12T08:12:40.000+05:45
10364,501961,479,34.82,DE,2023-07-30T01:23:28.000+05:45
10321,503613,237,36.1,BR,2024-10-25T08:41:40.000+05:45
10269,505254,113,20.41,GB,2025-08-25T22:46:44.000+05:45
10269,507249,365,82.76,NP,2025-09-30T20:12:09.000+05:45
10154,509458,70,22.93,BR,2024-11-13T01:31:18.000+05:45
10191,509908,333,88.35,NP,2024-10-29T10:33:13.000+05:45
10495,510512,338,26.11,AU,2023-05-02T13:32:29.000+05:45
10093,513087,274,38.63,NP,2024-07-18T04:03:39.000+05:45
10100,513670,165,238.98,NP,2025-11-29T16:23:22.000+05:45
10174,515560,296,157.89,NP,2025-04-29T18:22:40.000+05:45
10141,516272,7,84.67,NP,2023-09-19T19:44:27.000+05:45
10163,516820,353,8.52,NP,2024-03-27T20:14:30.000+05:45
10304,518138,66,70.6,BR,2023-09-07T08:12:15.000+05:45
10143,518420,290,125.53,US,2023-07-10T14:50:02.000+05:45
10299,519365,188,391.1,BR,2023-12-29T08:03:33.000+05:45
10243,519664,455,267.1,GB,2026-04-19T16:12:17.000+05:45
10236,520135,376,27.2,NP,2024-05-15T16:44:56.000+05:45
10398,520357,268,148.57,IN,2023-06-13T12:34:58.000+05:45
10470,523024,183,62.63,JP,2023-05-21T00:29:21.000+05:45
10077,524098,71,45.49,JP,2025-03-08T00:52:01.000+05:45
10209,524951,237,104.89,NP,2024-07-09T13:18:27.000+05:45
10496,525696,463,43.27,NP,2024-01-21T22:28:03.000+05:45
10495,526490,477,40.17,NP,2025-04-12T16:51:54.000+05:45
10042,529729,370,115.72,NP,2025-01-07T01:34:17.000+05:45
10176,530225,175,204.49,NP,2024-01-06T00:55:21.000+05:45
10057,532155,230,120.2,BR,2024-02-04T02:36:40.000+05:45
10065,535386,485,38.16,IN,2023-03-30T22:17:13.000+05:45
10139,537641,409,54.62,IN,2023-03-20T06:44:31.000+05:45
10498,538584,413,344.92,IN,2024-04-22T19:55:37.000+05:45
10009,538687,51,61.5,NP,2024-08-27T07:04:44.000+05:45
10282,540442,398,20.4,IN,2026-03-29T02:00:39.000+05:45
10322,540515,467,32.81,AU,2025-03-05T02:33:40.000+05:45
10498,540805,49,81.34,NP,2025-02-05T14:42:49.000+05:45
10346,541944,445,83.47,IN,2024-01-12T17:13:49.000+05:45
10098,543516,61,27.37,NP,2024-04-06T21:20:17.000+05:45
10294,546008,493,76.11,JP,2025-10-03T04:09:55.000+05:45
10023,546371,204,10.28,GB,2024-12-21T00:16:54.000+05:45
10360,546741,159,41.94,JP,2025-07-28T17:25:30.000+05:45
10440,547509,209,42.74,NP,2024-03-17T16:32:36.000+05:45
10078,548118,327,317.79,IN,2023-10-30T02:49:18.000+05:45
10101,548612,49,7.69,NP,2025-03-08T02:56:53.000+05:45
10045,551880,156,5.25,NP,2024-05-15T21:18:07.000+05:45
10134,554572,403,150.64,NP,2026-06-07T17:14:07.000+05:45
10077,555248,457,30.32,NP,2025-12-13T11:34:33.000+05:45
10121,555423,194,3.13,DE,2025-08-25T02:34:56.000+05:45
10290,555693,341,9.01,BR,2023-06-12T02:30:35.000+05:45
10369,556741,396,92.65,US,2023-06-03T03:25:13.000+05:45
10035,557207,390,187.35,JP,2024-07-12T05:53:57.000+05:45
10199,557283,114,124.81,DE,2026-03-20T23:17:23.000+05:45
10228,557855,154,21.36,NP,2025-06-28T23:56:43.000+05:45
10255,558305,252,113.21,NP,2023-05-14T03:18:15.000+05:45
10196,558846,182,49.66,NP,2024-08-31T12:47:51.000+05:45
10302,559256,480,127.29,JP,2024-02-26T23:21:51.000+05:45
10086,559604,29,598.98,NP,2026-04-15T10:51:25.000+05:45
10313,560903,380,15.76,JP,2026-02-07T20:30:06.000+05:45
10355,566616,18,72.3,NP,2025-08-31T21:10:37.000+05:45
10374,570843,31,121.53,JP,2026-03-05T20:51:05.000+05:45
10317,571743,430,53.44,NP,2023-10-11T07:59:41.000+05:45
10277,572229,247,20.54,NP,2023-01-21T15:09:35.000+05:45
10129,572478,6,39.3,NP,2024-05-23T16:23:03.000+05:45
10350,573389,432,136.1,NP,2024-09-12T14:53:13.000+05:45
10396,574110,91,27.19,AU,2023-07-30T06:05:16.000+05:45
10380,579596,389,12.11,NP,2023-07-19T08:11:00.000+05:45
10271,580031,80,115.59,NP,2025-01-20T00:26:54.000+05:45
10302,580429,183,5.47,NP,2026-04-08T09:18:47.000+05:45
10466,580622,211,302.93,NP,2024-10-10T07:28:38.000+05:45
10310,580674,259,52.35,AU,2026-03-17T15:36:57.000+05:45
10300,581264,294,66.58,IN,2024-02-02T14:43:20.000+05:45
10110,583382,461,77.21,NP,2023-11-17T20:28:22.000+05:45
10460,583651,487,52.14,NP,2024-12-03T09:03:47.000+05:45
10258,586765,190,131.39,AU,2023-02-17T19:01:43.000+05:45
10171,590149,28,203.59,NP,2025-03-05T03:04:42.000+05:45
10327,590573,267,56.0,NP,2025-04-20T13:42:14.000+05:45
10204,592638,364,16.61,NP,2026-02-06T15:20:13.000+05:45
10179,593345,291,399.82,NP,2023-04-14T20:28:04.000+05:45
10434,593793,167,17.76,NP,2024-04-01T22:33:51.000+05:45
10428,596664,293,38.07,GB,2023-03-27T06:04:42.000+05:45
10321,598166,467,77.6,IN,2025-12-22T05:13:49.000+05:45
10374,598368,355,15.52,AU,2024-09-28T21:36:12.000+05:45
10491,598462,90,55.94,AU,2025-12-19T22:59:28.000+05:45
10191,598603,288,51.46,NP,2023-11-22T10:43:32.000+05:45
10250,599508,417,20.27,US,2025-06-16T02:44:28.000+05:45
10037,599837,41,7.16,BR,2024-10-28T01:13:41.000+05:45
10203,600071,387,265.51,BR,2023-05-24T01:54:35.000+05:45
10289,600313,75,56.47,NP,2024-07-06T03:45:18.000+05:45
10313,601009,93,41.49,NP,2024-04-27T13:07:32.000+05:45
10266,601841,198,46.72,JP,2024-03-05T01:06:48.000+05:45
10082,603741,266,3.3,JP,2026-03-31T08:27:05.000+05:45
10230,604110,334,71.19,GB,2024-08-02T11:27:47.000+05:45
10421,604746,124,43.06,BR,2023-08-27T22:33:24.000+05:45
10446,605230,251,132.88,NP,2023-10-16T08:24:21.000+05:45
10061,607199,390,119.48,NP,2023-09-04T10:21:53.000+05:45
10381,609978,417,283.49,NP,2024-02-23T07:02:45.000+05:45
10264,610321,370,20.23,NP,2025-03-23T12:01:45.000+05:45
10016,610370,17,158.64,NP,2025-01-19T18:16:09.000+05:45
10088,610807,305,40.82,NP,2025-08-06T08:26:03.000+05:45
10067,611138,296,175.6,JP,2024-08-17T05:05:35.000+05:45
10275,611752,334,151.58,US,2024-04-25T04:48:24.000+05:45
10160,612807,382,78.01,NP,2025-11-04T03:09:02.000+05:45
10206,613351,479,68.0,NP,2026-01-31T08:05:59.000+05:45
10458,615252,453,44.53,NP,2026-05-20T16:40:54.000+05:45
10205,615966,408,5.1,NP,2025-04-02T16:46:34.000+05:45
10192,617792,450,127.37,NP,2026-01-26T20:26:57.000+05:45
10108,618675,270,86.29,NP,2025-07-03T02:20:46.000+05:45
10120,618986,325,146.28,DE,2024-06-20T15:47:24.000+05:45
10113,619669,200,1.1,US,2025-07-31T23:47:57.000+05:45
10227,620710,63,73.75,NP,2023-01-08T05:05:20.000+05:45
10106,621402,194,275.11,NP,2024-08-20T04:06:47.000+05:45
10052,621498,450,21.84,NP,2025-06-24T00:04:53.000+05:45
10049,621702,414,69.63,NP,2025-08-02T23:08:27.000+05:45
10192,621780,297,34.0,GB,2023-07-19T00:05:04.000+05:45
10126,622419,299,174.82,NP,2026-02-16T14:57:19.000+05:45
10412,623026,149,54.77,NP,2023-03-24T10:16:55.000+05:45
10289,623332,15,208.55,BR,2025-08-13T13:12:48.000+05:45
10015,626268,202,69.69,NP,2024-08-25T14:06:18.000+05:45
10410,627021,338,91.65,NP,2026-04-16T05:02:00.000+05:45
10089,627196,275,7.91,NP,2025-07-06T19:42:23.000+05:45
10318,627652,288,103.16,DE,2025-08-17T02:13:45.000+05:45
10379,628667,488,52.46,IN,2025-01-21T18:48:08.000+05:45
10414,628840,302,27.31,US,2025-02-03T05:45:45.000+05:45
10040,628980,234,51.23,DE,2025-07-29T03:40:57.000+05:45
10222,629865,224,24.48,NP,2024-02-12T05:19:32.000+05:45
10220,629985,153,92.47,NP,2024-10-27T08:09:57.000+05:45
10420,630441,90,118.66,NP,2023-01-08T22:31:16.000+05:45
10323,630473,326,79.54,AU,2026-06-08T18:27:42.000+05:45
10152,630972,109,1.33,NP,2026-04-10T03:30:57.000+05:45
10176,631647,130,18.2,US,2023-06-29T13:05:05.000+05:45
10498,631657,70,17.47,NP,2025-01-26T04:47:22.000+05:45
10148,633268,335,11.94,NP,2023-07-07T19:46:15.000+05:45
10195,635212,443,103.29,JP,2023-10-14T17:53:33.000+05:45
10029,635613,282,134.87,NP,2026-06-12T11:49:48.000+05:45
10288,636118,347,266.16,NP,2023-11-11T10:20:04.000+05:45
10115,637746,247,31.89,IN,2025-02-28T13:11:31.000+05:45
10338,638124,184,26.83,NP,2024-08-21T15:24:30.000+05:45
10209,640067,497,77.2,NP,2025-05-26T16:06:03.000+05:45
10300,640463,426,133.55,NP,2025-11-30T16:17:28.000+05:45
10415,640718,145,74.54,NP,2026-01-25T02:23:13.000+05:45
10391,641112,110,83.4,IN,2025-10-02T19:59:50.000+05:45
10433,641869,116,42.71,NP,2023-10-08T04:50:50.000+05:45
10105,642302,258,201.78,NP,2025-11-03T20:14:28.000+05:45
10331,642802,45,79.44,NP,2025-09-18T17:58:22.000+05:45
10270,643589,413,24.82,DE,2024-05-14T06:36:14.000+05:45
10234,643645,22,338.23,NP,2024-09-11T19:02:18.000+05:45
10231,644002,183,15.66,JP,2023-09-08T14:30:59.000+05:45
10014,645118,475,137.01,BR,2024-04-04T17:41:34.000+05:45
10063,648202,379,44.79,NP,2025-03-11T00:37:51.000+05:45
10352,648570,294,50.67,NP,2025-02-20T02:41:53.000+05:45
10393,651474,40,25.8,NP,2023-03-08T11:54:54.000+05:45
10437,651523,365,76.26,NP,2026-04-26T07:44:20.000+05:45
10169,652096,421,128.42,BR,2024-09-05T21:57:33.000+05:45
10481,654392,371,67.6,NP,2025-01-25T02:37:16.000+05:45
10233,656355,51,40.45,NP,2023-03-04T08:26:19.000+05:45
10007,658158,250,30.15,US,2023-10-24T08:55:15.000+05:45
10460,659209,399,127.8,NP,2024-10-13T07:19:56.000+05:45
10262,659678,491,3.97,NP,2024-01-02T07:06:30.000+05:45
10439,660951,392,16.93,NP,2025-08-10T06:17:57.000+05:45
10313,663547,459,241.52,NP,2024-03-12T02:04:21.000+05:45
10420,664414,447,53.3,JP,2025-07-02T15:39:58.000+05:45
10307,664438,156,47.82,IN,2025-06-13T00:33:51.000+05:45
10094,666461,485,73.11,NP,2024-06-03T20:12:50.000+05:45
10160,667400,28,7.6,JP,2023-06-26T01:50:00.000+05:45
10394,667517,171,26.6,NP,2025-08-24T22:29:52.000+05:45
10180,668892,241,35.65,IN,2023-02-23T18:01:43.000+05:45
10309,673523,256,26.4,NP,2025-06-04T15:56:42.000+05:45
10494,674820,471,33.47,NP,2024-01-03T16:07:10.000+05:45
10145,674995,358,33.38,NP,2023-12-06T02:08:16.000+05:45
10071,677324,136,23.03,NP,2026-06-16T10:39:15.000+05:45
10241,677398,206,67.28,US,2024-10-26T18:15:27.000+05:45
10498,679060,117,43.78,US,2024-05-19T01:05:25.000+05:45
10139,681530,368,53.19,DE,2026-01-17T03:26:08.000+05:45
10484,682347,463,125.98,US,2024-03-08T20:51:23.000+05:45
10460,684662,86,6.73,NP,2026-05-05T05:48:47.000+05:45
10340,686724,211,115.31,NP,2025-09-11T20:38:47.000+05:45
10274,689086,309,82.78,AU,2024-07-24T07:50:38.000+05:45
10245,691076,73,129.12,NP,2025-07-14T12:43:18.000+05:45
10424,692562,419,168.87,IN,2025-10-09T08:53:11.000+05:45
10305,694880,476,114.55,NP,2024-03-04T21:37:28.000+05:45
10428,695522,275,65.77,US,2024-09-13T18:48:14.000+05:45
10258,696619,96,40.04,NP,2025-01-07T23:04:16.000+05:45
10280,699548,385,55.26,NP,2023-05-21T19:44:04.000+05:45
10407,702290,394,27.62,AU,2024-12-17T00:10:26.000+05:45
10449,703322,186,50.06,BR,2025-12-28T21:16:08.000+05:45
10425,704862,7,199.5,US,2024-02-01T09:10:00.000+05:45
10460,705004,320,3.82,NP,2025-11-20T21:54:41.000+05:45
10297,706031,62,34.47,NP,2024-08-13T15:46:30.000+05:45
10323,707714,292,13.2,NP,2023-02-11T07:07:54.000+05:45
10315,708121,36,41.09,NP,2025-02-20T23:09:53.000+05:45
10207,709323,196,17.47,NP,2025-01-31T09:19:32.000+05:45
10024,714794,487,80.17,GB,2023-06-14T20:41:53.000+05:45
10140,716420,436,163.83,DE,2025-02-01T19:47:47.000+05:45
10111,717153,232,30.88,AU,2023-09-11T15:17:17.000+05:45
10310,717184,139,136.28,NP,2023-09-26T01:04:04.000+05:45
10320,717615,452,11.86,NP,2025-05-17T12:40:03.000+05:45
10229,718512,439,7.69,NP,2024-10-29T08:18:32.000+05:45
10285,723385,155,148.0,NP,2026-04-11T16:35:12.000+05:45
10118,723697,309,4.42,DE,2024-08-30T22:43:56.000+05:45
10092,726251,247,53.73,NP,2024-01-23T07:21:40.000+05:45
10049,729119,271,57.13,NP,2024-05-14T10:55:59.000+05:45
10187,729514,94,29.68,NP,2024-10-30T02:33:01.000+05:45
10233,729727,487,16.51,NP,2024-04-01T07:07:05.000+05:45
10146,731202,468,29.16,AU,2023-05-04T11:12:40.000+05:45
10172,733348,246,206.48,NP,2024-07-07T12:52:12.000+05:45
10097,733372,381,21.87,NP,2023-03-15T06:58:17.000+05:45
10095,733662,445,175.95,NP,2025-06-01T01:14:52.000+05:45
10405,733970,279,49.19,IN,2024-01-07T10:40:46.000+05:45
10383,734632,379,72.46,NP,2024-02-11T08:14:03.000+05:45
10304,734925,53,37.84,BR,2023-04-30T14:26:47.000+05:45
10318,736853,41,9.6,NP,2025-04-16T09:44:04.000+05:45
10376,737631,115,37.01,NP,2024-07-06T01:24:29.000+05:45
10423,737780,91,8.29,NP,2025-10-05T17:38:37.000+05:45
10156,738177,162,35.95,NP,2023-10-30T15:05:32.000+05:45
10389,740639,18,85.65,NP,2026-05-02T00:23:49.000+05:45
10445,742822,174,31.21,NP,2025-02-19T02:50:46.000+05:45
10409,745405,161,10.67,NP,2026-06-24T06:21:10.000+05:45
10156,747429,256,48.77,NP,2024-02-07T09:36:45.000+05:45
10251,748054,171,263.24,IN,2024-03-10T12:58:02.000+05:45
10065,748763,128,10.27,DE,2023-11-07T17:32:38.000+05:45
10094,750627,378,41.88,US,2026-02-14T20:17:03.000+05:45
10350,750926,278,51.38,NP,2025-07-31T21:50:08.000+05:45
10258,752407,269,257.61,BR,2026-03-25T12:00:08.000+05:45
10184,752693,331,16.92,JP,2026-03-29T10:59:59.000+05:45
10268,752804,437,69.31,JP,2023-10-31T05:12:18.000+05:45
10357,753260,157,15.69,NP,2024-02-08T13:21:41.000+05:45
10328,753263,326,37.18,US,2025-05-25T09:30:09.000+05:45
10032,753391,486,34.48,US,2025-05-28T20:32:37.000+05:45
10199,753702,56,105.15,GB,2025-09-24T04:31:55.000+05:45
10444,754106,441,3.34,NP,2025-03-21T16:35:56.000+05:45
10224,754809,165,178.93,NP,2026-01-22T02:17:12.000+05:45
10335,754838,147,61.94,IN,2026-01-17T08:25:04.000+05:45
10208,755655,141,36.37,NP,2024-07-02T06:26:56.000+05:45
10343,756128,252,20.65,NP,2024-02-28T05:41:32.000+05:45
10334,758450,401,167.28,NP,2023-11-15T04:24:47.000+05:45
10234,758750,57,163.75,JP,2026-02-01T00:48:31.000+05:45
10391,758802,68,225.92,JP,2023-01-21T17:20:50.000+05:45
10153,760241,189,25.68,NP,2024-04-27T01:47:12.000+05:45
10365,761763,173,120.04,NP,2024-04-16T12:43:48.000+05:45
10337,761824,405,78.02,NP,2023-11-05T10:10:14.000+05:45
10243,762511,2,19.29,BR,2024-03-10T20:18:12.000+05:45
10324,762718,128,22.06,NP,2025-02-23T13:10:24.000+05:45
10308,764367,73,20.65,IN,2025-07-29T01:15:49.000+05:45
10040,764733,452,120.2,NP,2025-10-13T06:50:52.000+05:45
10281,764762,225,8.02,NP,2023-10-05T09:05:10.000+05:45
10103,768407,79,22.61,NP,2025-01-13T19:14:15.000+05:45
10390,771627,225,135.79,NP,2025-08-01T11:46:20.000+05:45
10099,774020,244,138.35,NP,2023-01-09T07:50:09.000+05:45
10313,776263,414,58.23,US,2025-07-29T23:22:24.000+05:45
10490,777722,234,493.14,NP,2023-09-06T11:22:47.000+05:45
10322,777744,272,127.28,NP,2024-06-08T07:33:44.000+05:45
10284,779211,152,43.19,NP,2025-05-26T10:07:47.000+05:45
10345,780160,141,84.38,GB,2025-02-08T02:12:00.000+05:45
10182,781236,190,14.75,NP,2025-08-10T11:06:00.000+05:45
10387,782708,23,16.48,NP,2026-04-14T11:44:00.000+05:45
10045,784247,347,4.43,NP,2025-10-07T12:24:54.000+05:45
10108,784554,492,60.58,BR,2025-12-04T19:17:58.000+05:45
10039,785388,33,46.89,NP,2023-05-07T02:06:50.000+05:45
10160,789085,485,11.11,NP,2025-12-19T03:05:32.000+05:45
10356,790335,70,25.17,IN,2026-06-09T18:09:16.000+05:45
10230,790564,303,167.15,NP,2023-05-12T06:40:36.000+05:45
10433,793494,71,87.5,NP,2026-04-03T03:35:23.000+05:45
10308,794815,355,2.99,NP,2025-08-22T20:45:25.000+05:45
10036,795231,252,7.86,NP,2024-08-31T06:47:14.000+05:45
10191,795521,71,127.0,NP,2023-02-04T03:21:57.000+05:45
10034,797751,317,7.12,NP,2023-09-28T04:44:00.000+05:45
10161,800786,369,97.75,AU,2026-03-07T01:13:48.000+05:45
10347,801979,304,17.61,NP,2025-01-04T21:39:06.000+05:45
10166,802151,213,29.16,NP,2024-11-17T13:48:41.000+05:45
10431,803765,140,17.8,NP,2024-01-23T04:34:18.000+05:45
10476,803912,168,14.82,GB,2026-04-16T01:50:00.000+05:45
10485,804794,118,2.6,NP,2024-12-19T22:40:04.000+05:45
10032,805051,195,34.66,NP,2026-05-29T01:33:49.000+05:45
10040,805610,323,460.14,US,2024-10-09T12:11:57.000+05:45
10362,805818,271,2.66,NP,2025-09-08T04:16:24.000+05:45
10277,807241,408,126.63,NP,2023-08-19T03:31:56.000+05:45
10347,812788,83,119.58,NP,2024-04-09T22:53:49.000+05:45
10346,813285,401,12.33,BR,2023-05-25T09:21:14.000+05:45
10080,813876,340,8.25,NP,2024-09-16T00:04:37.000+05:45
10041,814090,160,55.47,NP,2026-05-15T07:41:45.000+05:45
10319,814192,293,39.29,NP,2026-03-03T15:20:07.000+05:45
10146,814970,381,147.91,NP,2025-03-28T02:49:57.000+05:45
10332,815864,127,144.13,NP,2024-02-17T01:20:53.000+05:45
10398,816364,464,14.97,NP,2025-06-17T16:22:34.000+05:45
10024,817612,259,9.39,NP,2023-08-04T05:21:53.000+05:45
10165,817845,131,142.68,NP,2024-03-06T12:09:45.000+05:45
10057,818372,283,44.5,NP,2023-10-11T09:12:46.000+05:45
10153,818577,335,5.83,JP,2023-02-19T00:35:04.000+05:45
10262,822559,134,159.3,NP,2025-07-03T09:32:16.000+05:45
10400,823934,203,93.34,NP,2025-12-19T18:48:50.000+05:45
10036,824194,296,25.42,NP,2025-08-18T16:01:53.000+05:45
10420,824259,117,168.54,BR,2025-09-16T11:33:05.000+05:45
10409,824429,158,19.64,US,2025-12-14T06:22:58.000+05:45
10444,825277,480,30.66,NP,2024-02-09T13:40:51.000+05:45
10066,825377,157,16.43,NP,2025-11-12T14:19:02.000+05:45
10356,826509,42,95.26,AU,2025-01-28T13:21:43.000+05:45
10025,826582,164,138.13,NP,2026-05-17T13:00:39.000+05:45
10040,828604,31,10.4,NP,2025-12-20T09:49:39.000+05:45
10168,829713,227,44.81,AU,2025-05-30T18:36:52.000+05:45
10329,830401,370,109.75,NP,2026-03-16T04:04:38.000+05:45
10029,833563,353,55.32,NP,2026-05-27T07:01:33.000+05:45
10489,836154,175,60.73,AU,2024-12-11T20:36:02.000+05:45
10159,837613,87,140.07,NP,2023-02-18T02:32:59.000+05:45
10470,837770,270,44.62,US,2023-10-25T08:56:30.000+05:45
10271,840046,157,106.18,IN,2025-02-17T16:11:32.000+05:45
10013,840642,361,30.95,NP,2024-02-13T11:50:47.000+05:45
10264,842120,213,52.4,US,2025-10-27T01:07:59.000+05:45
10470,842309,329,97.14,DE,2024-08-21T15:17:42.000+05:45
10140,842567,247,38.63,NP,2025-06-10T02:57:44.000+05:45
10451,843900,366,22.19,US,2026-02-06T01:16:13.000+05:45
10276,843984,82,47.09,BR,2024-02-15T11:59:59.000+05:45
10234,846473,49,35.44,NP,2024-09-12T18:16:03.000+05:45
10277,846558,109,30.02,JP,2023-04-25T18:02:59.000+05:45
10270,850368,397,7.75,DE,2023-04-11T18:47:06.000+05:45
10362,850453,465,24.86,JP,2026-03-25T11:21:19.000+05:45
10058,850602,439,152.0,NP,2024-02-09T09:32:06.000+05:45
10265,850954,484,9.36,BR,2023-03-02T11:20:34.000+05:45
10182,851190,104,29.3,NP,2026-04-08T05:16:50.000+05:45
10143,851330,138,7.89,NP,2023-06-10T11:59:30.000+05:45
10187,851390,425,85.23,NP,2024-01-06T10:10:28.000+05:45
10283,852122,392,89.3,IN,2024-02-12T16:09:23.000+05:45
10038,853495,149,121.07,AU,2023-06-10T06:18:04.000+05:45
10222,853910,72,53.38,NP,2024-08-14T05:32:04.000+05:45
10332,854929,155,34.83,NP,2025-12-26T14:40:08.000+05:45
10470,856048,166,110.9,IN,2023-06-04T04:17:44.000+05:45
10162,857584,464,318.72,NP,2024-07-27T20:25:56.000+05:45
10131,857867,93,15.38,US,2025-05-20T13:26:13.000+05:45
10014,858383,354,44.7,JP,2025-06-14T06:05:33.000+05:45
10368,858534,379,266.93,NP,2023-05-01T15:10:33.000+05:45
10260,859025,238,111.57,NP,2024-06-07T15:56:53.000+05:45
10374,860218,431,40.7,NP,2024-07-17T09:25:35.000+05:45
10362,860978,363,151.83,NP,2023-07-20T06:20:28.000+05:45
10402,862352,218,20.97,BR,2025-01-22T10:12:13.000+05:45
10110,862581,474,1.92,NP,2025-04-22T11:06:05.000+05:45
10423,865611,420,215.42,NP,2024-10-25T21:38:27.000+05:45
10283,866199,115,130.62,NP,2026-02-16T17:36:52.000+05:45
10192,869423,319,30.05,AU,2025-01-25T06:37:01.000+05:45
10396,871724,484,49.42,IN,2024-02-15T06:16:00.000+05:45
10334,872772,135,6.7,NP,2023-06-29T20:46:30.000+05:45
10481,872952,479,80.85,US,2025-02-03T11:33:16.000+05:45
10371,873853,114,243.99,NP,2025-04-21T20:05:15.000+05:45
10160,875128,273,7.12,US,2025-10-27T06:33:17.000+05:45
10175,875141,90,8.73,GB,2026-06-10T20:50:43.000+05:45
10091,875840,420,30.68,NP,2025-03-17T22:06:49.000+05:45
10263,878580,142,68.21,AU,2024-03-23T15:33:01.000+05:45
10091,879936,275,29.87,JP,2023-05-31T03:21:37.000+05:45
10192,879938,352,109.22,NP,2024-06-24T15:36:29.000+05:45
10087,880360,263,15.11,NP,2023-11-15T17:55:07.000+05:45
10257,880783,131,203.07,NP,2026-04-29T03:17:19.000+05:45
10089,880971,392,25.2,NP,2024-01-20T13:41:11.000+05:45
10310,881151,401,153.15,NP,2024-04-21T10:30:18.000+05:45
10398,883135,251,11.79,US,2023-10-14T21:19:18.000+05:45
10083,883916,14,61.55,NP,2023-12-01T01:26:18.000+05:45
10364,884088,351,182.93,NP,2025-04-13T23:10:18.000+05:45
10077,885068,374,81.86,NP,2024-03-21T13:02:35.000+05:45
10494,887235,479,148.07,US,2026-04-11T13:10:38.000+05:45
10378,887994,360,2.31,NP,2024-01-14T18:47:31.000+05:45
10369,889480,307,271.44,NP,2024-12-11T08:06:20.000+05:45
10028,890072,344,59.82,GB,2023-03-20T01:11:32.000+05:45
10476,890541,67,1.96,NP,2024-11-29T10:02:09.000+05:45
10231,890983,272,74.12,IN,2023-11-30T18:26:15.000+05:45
10239,895368,469,56.28,NP,2023-12-23T16:34:34.000+05:45
10289,895776,469,33.25,NP,2024-11-07T04:01:15.000+05:45
10325,897128,111,86.6,JP,2025-06-30T04:11:17.000+05:45
10319,898566,459,131.55,NP,2026-06-21T08:32:25.000+05:45
10178,898902,482,16.29,NP,2025-10-19T03:51:23.000+05:45
10199,899025,111,222.05,AU,2023-03-15T16:05:13.000+05:45
10404,902059,171,37.77,GB,2023-09-01T16:16:05.000+05:45
10133,903001,397,6.84,IN,2026-05-20T20:22:28.000+05:45
10164,903910,257,18.39,NP,2024-10-05T04:07:47.000+05:45
10103,905834,164,113.21,IN,2023-09-20T16:16:26.000+05:45
10369,906281,384,89.64,NP,2024-02-21T11:29:50.000+05:45
10361,906754,225,99.04,NP,2025-07-26T08:38:37.000+05:45
10302,906874,271,21.03,US,2024-08-11T12:02:45.000+05:45
10360,907241,342,24.57,NP,2025-11-13T23:27:30.000+05:45
10187,908639,179,375.97,NP,2025-07-23T19:19:13.000+05:45
10122,908823,122,19.93,NP,2023-11-15T01:46:07.000+05:45
10284,910014,232,26.75,DE,2025-03-16T23:57:05.000+05:45
10210,910249,2,38.23,IN,2025-02-04T23:53:30.000+05:45
10295,910368,280,260.46,NP,2023-10-26T07:56:21.000+05:45
10071,911995,237,28.41,IN,2025-01-11T18:14:08.000+05:45
10311,912073,351,220.0,NP,2023-03-13T07:53:41.000+05:45
10106,913927,318,20.41,NP,2025-05-12T22:16:53.000+05:45
10268,913975,440,165.59,JP,2026-01-30T02:51:22.000+05:45
10426,913994,195,72.28,NP,2025-04-19T16:11:46.000+05:45
10122,914208,482,71.84,NP,2024-01-26T21:34:07.000+05:45
10273,914346,336,118.93,NP,2024-09-05T06:18:11.000+05:45
10417,917572,302,17.78,NP,2024-01-25T07:14:39.000+05:45
10110,918110,317,66.92,NP,2024-05-30T10:05:22.000+05:45
10210,918609,279,29.14,NP,2023-03-23T10:00:12.000+05:45
10158,919399,97,65.47,NP,2025-02-03T10:52:39.000+05:45
10160,919489,161,58.28,NP,2024-11-27T07:51:43.000+05:45
10157,919839,226,44.12,NP,2026-03-24T15:25:55.000+05:45
10294,920000,431,51.96,JP,2026-05-01T06:40:08.000+05:45
10185,920935,165,203.67,NP,2025-08-09T11:50:02.000+05:45
10183,921048,129,3.67,US,2023-10-26T06:31:55.000+05:45
10049,923413,101,58.32,AU,2026-04-12T05:57:03.000+05:45
10499,924103,22,20.77,NP,2025-11-13T03:23:02.000+05:45
10200,924303,467,54.16,JP,2023-08-02T01:29:41.000+05:45
10105,925916,114,57.8,NP,2026-01-06T16:40:12.000+05:45
10247,933004,395,65.5,NP,2024-10-25T14:58:23.000+05:45
10145,933652,259,1.42,US,2023-01-29T02:32:50.000+05:45
10100,934538,447,193.11,NP,2023-06-22T15:55:16.000+05:45
10059,937521,466,58.23,DE,2024-11-23T00:23:33.000+05:45
10346,938504,384,73.45,NP,2024-12-10T21:23:00.000+05:45
10238,939658,312,53.83,JP,2025-08-27T07:34:35.000+05:45
10427,941507,190,113.5,NP,2023-01-05T02:53:51.000+05:45
10174,941508,385,53.81,AU,2024-10-21T01:55:26.000+05:45
10236,942027,500,65.71,NP,2024-02-13T19:05:34.000+05:45
10082,942726,333,87.53,NP,2025-09-06T02:26:16.000+05:45
10300,943322,306,102.66,NP,2025-12-09T23:00:30.000+05:45
10290,943593,31,73.64,NP,2026-05-14T09:01:57.000+05:45
10168,944565,7,48.65,NP,2025-06-07T16:01:21.000+05:45
10253,944816,194,38.9,NP,2025-05-15T17:08:16.000+05:45
10051,947168,276,13.44,NP,2025-07-07T18:35:04.000+05:45
10199,949057,20,16.18,NP,2024-06-23T18:55:52.000+05:45
10330,949332,401,116.07,AU,2025-03-05T20:35:07.000+05:45
10409,950341,5,85.37,NP,2023-04-17T02:01:15.000+05:45
10339,950351,480,117.39,AU,2023-08-04T11:38:46.000+05:45
10307,953421,265,249.33,GB,2026-02-01T09:07:11.000+05:45
10353,955300,84,114.71,GB,2023-10-02T08:32:49.000+05:45
10155,956099,307,61.91,NP,2025-03-20T07:17:00.000+05:45
10012,957731,399,135.06,NP,2025-07-17T10:04:08.000+05:45
10357,958634,143,12.39,NP,2025-02-27T23:01:26.000+05:45
10096,959023,239,100.14,NP,2024-01-04T11:25:48.000+05:45
10288,961878,116,31.79,NP,2023-09-02T13:09:12.000+05:45
10034,964081,280,1.53,NP,2024-03-29T12:17:05.000+05:45
10217,965603,453,20.62,NP,2023-12-05T08:41:13.000+05:45
10269,967198,322,75.39,JP,2024-06-09T05:23:39.000+05:45
10123,968392,33,39.0,IN,2026-06-20T04:49:00.000+05:45
10148,969728,206,23.32,DE,2024-11-15T05:45:18.000+05:45
10319,971575,105,14.86,NP,2024-12-27T15:45:59.000+05:45
10036,971825,38,46.55,GB,2026-06-27T07:31:29.000+05:45
10113,972387,209,28.24,US,2025-02-25T22:35:33.000+05:45
10092,975671,278,55.34,NP,2026-02-01T01:43:34.000+05:45
10229,977002,47,7.38,NP,2024-06-07T16:31:24.000+05:45
10167,977528,261,51.25,IN,2023-04-06T04:27:14.000+05:45
10100,978021,332,198.13,NP,2023-04-01T21:41:18.000+05:45
10084,978207,267,93.82,JP,2023-09-06T18:32:11.000+05:45
10111,978533,479,15.56,NP,2023-02-15T07:27:07.000+05:45
10366,979481,398,39.51,NP,2024-04-11T15:18:48.000+05:45
10029,980551,9,29.56,US,2024-03-10T16:55:50.000+05:45
10310,980865,164,5.71,BR,2026-03-09T02:37:12.000+05:45
10225,983884,50,109.01,NP,2023-05-27T11:07:44.000+05:45
10067,985807,376,1.57,NP,2025-02-12T09:02:11.000+05:45
10350,987011,202,9.87,US,2024-06-01T06:53:29.000+05:45
10066,988720,50,159.19,NP,2023-06-27T09:52:17.000+05:45
10047,991808,240,2.33,NP,2025-10-29T07:38:00.000+05:45
10174,991840,383,132.95,NP,2026-02-24T00:46:29.000+05:45
10405,996192,500,55.76,NP,2026-06-26T15:58:48.000+05:45
10086,999116,241,39.74,DE,2023-10-07T07:12:34.000+05:45
10065,999692,391,6.02,NP,2024-05-08T17:02:02.000+05:45
10088,559,332,159.33,NP,2026-02-18T04:56:13.000+05:45
10133,780,54,8.48,NP,2025-09-05T02:05:35.000+05:45
10369,4820,210,64.69,NP,2026-01-04T07:01:23.000+05:45
10274,5485,437,37.59,NP,2024-11-08T00:05:18.000+05:45
10477,6002,170,51.56,NP,2024-08-30T23:41:23.000+05:45
10130,7868,249,38.23,NP,2023-02-08T04:21:57.000+05:45
10493,8957,92,171.85,NP,2023-02-01T04:41:34.000+05:45
10300,9015,408,143.82,NP,2025-03-24T09:50:06.000+05:45
10418,9334,393,111.06,NP,2023-08-30T12:13:39.000+05:45
10172,10394,309,109.17,NP,2024-05-30T06:35:03.000+05:45
10117,11659,389,90.12,NP,2023-07-27T20:10:32.000+05:45
10460,11804,96,363.88,US,2024-12-16T02:26:13.000+05:45
10232,13216,228,14.32,NP,2023-04-30T07:24:18.000+05:45
10190,16333,500,124.12,IN,2024-05-14T12:55:07.000+05:45
10470,18150,30,203.27,NP,2023-08-25T17:28:20.000+05:45
10052,18701,42,174.89,NP,2024-01-22T14:37:30.000+05:45
10276,19584,42,3.05,GB,2024-04-11T13:04:04.000+05:45
10377,20057,435,53.27,IN,2025-08-29T23:03:56.000+05:45
10425,20399,240,279.48,AU,2024-12-01T18:19:33.000+05:45
10144,20730,498,100.26,NP,2024-04-25T22:14:55.000+05:45
10217,21041,226,2.61,NP,2025-10-15T12:36:44.000+05:45
10457,23527,393,45.36,NP,2025-06-10T12:45:51.000+05:45
10255,23829,269,148.86,AU,2023-10-23T23:00:22.000+05:45
10381,26942,355,81.18,BR,2023-02-21T06:47:45.000+05:45
10122,27035,81,59.05,NP,2024-04-27T17:20:01.000+05:45
10093,27518,141,7.26,JP,2024-02-22T00:09:37.000+05:45
10069,29244,106,9.31,JP,2026-04-03T11:01:21.000+05:45
10081,31790,226,19.78,NP,2023-12-13T21:53:23.000+05:45
10034,32516,397,1.5,AU,2023-03-26T11:10:39.000+05:45
10137,35420,309,218.89,DE,2024-10-13T15:31:04.000+05:45
10177,36589,177,464.31,JP,2023-08-24T00:02:59.000+05:45
10015,40067,53,53.52,NP,2026-01-11T04:15:17.000+05:45
10100,40643,100,205.56,NP,2023-10-31T03:12:12.000+05:45
10122,41074,143,146.66,NP,2023-12-11T21:10:43.000+05:45
10467,41289,128,78.05,NP,2025-01-16T21:22:12.000+05:45
10271,41811,175,104.21,IN,2026-01-11T15:24:08.000+05:45
10249,41841,499,77.02,BR,2025-07-30T08:11:55.000+05:45
10166,42776,440,44.74,NP,2025-08-22T07:11:58.000+05:45
10271,46795,415,3.92,NP,2024-06-27T05:08:30.000+05:45
10293,47095,57,78.12,NP,2024-03-31T17:30:57.000+05:45
10410,47870,37,49.65,JP,2025-12-28T05:14:50.000+05:45
10062,47979,247,50.16,JP,2023-06-28T22:33:58.000+05:45
10201,48046,20,101.73,IN,2024-01-06T06:24:30.000+05:45
10165,48264,1,99.36,IN,2025-01-15T01:52:07.000+05:45
10117,50275,343,53.75,NP,2024-12-23T12:38:37.000+05:45
10405,50350,13,75.67,NP,2024-09-05T12:53:41.000+05:45
10477,53972,110,171.04,NP,2023-02-07T18:54:42.000+05:45
10426,57544,318,32.21,US,2026-01-02T23:52:41.000+05:45
10095,61114,276,321.13,NP,2024-09-06T19:37:20.000+05:45
10152,63240,428,84.52,BR,2026-03-23T19:07:00.000+05:45
10221,64145,405,72.0,GB,2025-12-25T10:11:15.000+05:45
10063,64164,211,64.82,NP,2026-02-08T17:08:05.000+05:45
10494,65039,121,16.86,NP,2025-07-18T06:11:37.000+05:45
10490,68293,498,86.58,IN,2024-01-03T11:51:35.000+05:45
10303,69287,428,10.6,NP,2025-05-30T09:11:11.000+05:45
10320,70401,27,41.52,NP,2023-01-06T03:10:59.000+05:45
10239,73457,396,2.07,JP,2023-12-16T07:59:37.000+05:45
10211,73909,425,103.24,NP,2026-05-10T16:28:07.000+05:45
10315,73919,426,43.59,GB,2024-06-04T06:43:40.000+05:45
10040,74591,493,16.1,NP,2025-09-01T19:04:01.000+05:45
10078,74865,185,7.57,BR,2023-08-01T14:38:10.000+05:45
10110,76014,262,428.6,US,2024-06-08T01:39:54.000+05:45
10208,76533,12,67.44,NP,2023-02-15T07:28:44.000+05:45
10114,76664,194,114.67,NP,2025-12-30T03:57:57.000+05:45
10392,77923,17,134.88,AU,2024-09-04T04:17:09.000+05:45
10036,79484,219,109.22,US,2023-10-29T19:13:51.000+05:45
10072,80403,453,168.87,NP,2026-01-23T02:22:23.000+05:45
10461,82937,223,28.4,GB,2026-05-17T17:24:58.000+05:45
10339,83102,462,158.85,BR,2023-02-04T06:24:11.000+05:45
10083,84534,46,13.37,NP,2023-07-05T02:34:43.000+05:45
10060,84772,320,39.54,DE,2026-02-21T05:03:34.000+05:45
10121,86598,161,152.91,NP,2024-05-29T11:40:40.000+05:45
10246,86612,133,97.66,NP,2023-09-30T07:13:48.000+05:45
10051,86791,53,106.43,NP,2023-07-16T14:03:17.000+05:45
10420,87312,144,97.93,NP,2024-05-01T18:00:21.000+05:45
10399,87416,215,11.17,NP,2025-07-29T02:52:02.000+05:45
10238,87671,133,55.4,NP,2024-05-12T08:18:12.000+05:45
10291,88187,356,6.15,NP,2024-09-03T04:16:11.000+05:45
10029,88748,334,136.34,NP,2024-02-17T08:07:57.000+05:45
10200,89250,111,17.29,NP,2024-11-10T15:56:51.000+05:45
10020,90134,214,91.53,NP,2023-02-15T10:34:08.000+05:45
10273,90744,17,113.3,NP,2025-09-30T18:57:18.000+05:45
10405,95296,98,32.34,BR,2023-05-10T17:47:25.000+05:45
10201,95327,295,123.6,US,2025-02-01T03:09:14.000+05:45
10395,96546,150,2.81,NP,2023-11-18T05:03:36.000+05:45
10265,96782,341,38.91,NP,2025-05-27T02:32:24.000+05:45
10187,99068,450,101.6,NP,2024-06-19T10:18:23.000+05:45
10032,99346,233,317.5,US,2024-08-10T08:19:43.000+05:45
10479,100675,12,285.73,NP,2024-07-04T14:40:04.000+05:45
10497,100690,93,624.03,NP,2025-07-29T01:02:49.000+05:45
10424,102031,168,36.4,NP,2025-10-08T18:58:30.000+05:45
10495,102744,79,21.88,US,2025-11-18T18:30:57.000+05:45
10366,103003,488,74.34,NP,2025-02-25T00:05:42.000+05:45
10292,103234,128,41.43,NP,2023-11-28T18:17:54.000+05:45
10060,104646,290,42.68,NP,2026-01-20T18:56:10.000+05:45
10147,105807,314,48.0,NP,2026-01-30T11:25:01.000+05:45
10406,107365,473,362.33,NP,2024-06-29T13:26:57.000+05:45
10270,109643,102,103.44,JP,2023-01-17T17:27:23.000+05:45
10424,111153,300,165.93,NP,2023-08-18T00:49:44.000+05:45
10212,112503,23,34.46,NP,2025-11-02T13:12:51.000+05:45
10056,113508,375,166.66,IN,2024-12-21T16:03:03.000+05:45
10058,113576,335,4.96,NP,2023-07-01T05:35:32.000+05:45
10175,115349,47,223.59,IN,2023-03-06T06:01:56.000+05:45
10193,115458,194,163.72,BR,2025-12-13T13:20:52.000+05:45
10329,116087,391,235.95,NP,2025-12-26T10:44:40.000+05:45
10288,118114,432,149.05,NP,2023-12-10T06:12:53.000+05:45
10235,118191,331,97.81,IN,2025-03-22T14:44:08.000+05:45
10120,119034,335,46.81,NP,2023-02-08T06:47:21.000+05:45
10342,119801,229,182.86,AU,2024-12-08T13:16:46.000+05:45
10387,119917,403,74.28,AU,2023-03-24T21:05:11.000+05:45
10244,120239,61,20.89,DE,2025-07-07T06:01:14.000+05:45
10341,120937,493,61.0,NP,2024-11-09T19:34:26.000+05:45
10112,121945,183,189.16,NP,2025-07-03T17:10:09.000+05:45
10028,123066,313,186.12,NP,2023-07-06T22:01:44.000+05:45
10486,124405,255,54.95,NP,2023-03-23T22:55:35.000+05:45
10318,126171,13,72.58,NP,2023-12-13T18:31:40.000+05:45
10284,127675,304,47.35,BR,2025-01-30T04:57:46.000+05:45
10319,128259,139,22.38,NP,2026-05-10T18:19:15.000+05:45
10497,128604,209,68.06,NP,2023-06-05T13:49:22.000+05:45
10020,129773,459,123.23,NP,2024-10-28T14:04:18.000+05:45
10031,130014,39,110.41,NP,2023-08-03T18:15:09.000+05:45
10220,130265,322,56.6,NP,2026-01-22T10:53:13.000+05:45
10357,130747,382,23.74,NP,2023-06-09T22:41:52.000+05:45
10273,132126,183,74.69,JP,2025-01-18T03:47:46.000+05:45
10160,132625,377,51.13,JP,2024-11-22T12:10:36.000+05:45
10106,132630,48,72.99,US,2025-07-10T11:56:12.000+05:45
10020,133015,119,139.19,GB,2025-11-18T19:57:42.000+05:45
10145,133175,210,101.42,IN,2025-07-10T00:43:58.000+05:45
10211,133985,350,13.96,NP,2024-10-04T08:08:59.000+05:45
10053,134596,269,144.77,DE,2023-04-25T08:28:52.000+05:45
10424,134625,495,41.02,NP,2024-09-19T11:42:01.000+05:45
10169,135184,255,326.36,NP,2024-03-28T15:08:07.000+05:45
10460,137141,173,83.91,NP,2023-01-19T16:47:14.000+05:45
10315,138998,324,190.58,NP,2023-07-08T12:09:18.000+05:45
10284,139210,112,39.73,IN,2024-07-16T00:05:31.000+05:45
10146,142026,231,145.96,NP,2025-12-29T12:11:21.000+05:45
10467,142124,417,81.86,DE,2023-06-17T20:13:51.000+05:45
10006,145869,391,35.88,NP,2025-12-17T05:09:07.000+05:45
10336,147824,113,108.58,BR,2023-05-30T09:37:06.000+05:45
10473,149150,259,42.25,NP,2024-12-23T21:29:00.000+05:45
10179,149400,401,151.64,US,2026-05-09T00:22:58.000+05:45
10100,149537,387,91.91,NP,2023-09-18T16:06:40.000+05:45
10302,149814,114,56.71,JP,2025-07-11T10:42:30.000+05:45
10500,151703,239,31.45,NP,2026-02-17T17:52:00.000+05:45
10345,154526,37,53.79,NP,2023-09-09T01:58:57.000+05:45
10498,154599,151,28.89,US,2025-07-19T11:27:07.000+05:45
10200,155436,289,86.28,NP,2025-06-08T20:25:58.000+05:45
10068,155879,252,38.85,GB,2026-06-29T13:33:50.000+05:45
10021,156333,325,15.93,BR,2025-01-09T06:11:54.000+05:45
10094,157100,360,66.46,NP,2023-12-05T19:11:19.000+05:45
10355,157486,192,140.5,NP,2024-09-14T22:52:39.000+05:45
10007,158045,330,54.88,NP,2025-07-04T01:55:08.000+05:45
10255,158826,406,80.0,NP,2024-06-21T17:18:52.000+05:45
10469,161961,492,99.78,GB,2024-12-19T03:28:17.000+05:45
10303,162103,61,23.1,NP,2023-08-09T20:08:50.000+05:45
10028,162449,2,114.75,NP,2023-07-21T09:20:40.000+05:45
10264,163754,298,83.18,DE,2023-03-16T03:22:19.000+05:45
10279,165918,111,56.05,JP,2024-06-12T18:53:14.000+05:45
10392,167972,428,135.2,NP,2024-11-15T14:36:01.000+05:45
10388,167988,488,109.58,NP,2024-03-25T18:50:10.000+05:45
10376,169204,489,335.62,DE,2024-06-15T15:17:59.000+05:45
10102,169513,426,48.13,NP,2023-03-22T14:29:21.000+05:45
10305,169517,221,142.34,NP,2023-10-19T22:51:10.000+05:45
10216,171410,188,19.96,NP,2023-09-11T09:50:19.000+05:45
10412,173262,486,12.44,BR,2025-08-20T22:37:35.000+05:45
10106,173269,178,253.15,NP,2025-11-10T21:52:32.000+05:45
10022,173906,471,255.42,NP,2024-07-27T11:21:50.000+05:45
10093,175061,305,41.11,NP,2026-03-24T12:21:42.000+05:45
10130,176204,362,178.36,NP,2023-11-30T23:46:14.000+05:45
10348,177965,333,123.08,NP,2025-07-29T03:54:01.000+05:45
10117,178115,375,63.94,NP,2025-11-07T16:54:39.000+05:45
10229,179689,465,37.32,BR,2025-09-07T05:44:38.000+05:45
10102,181401,118,165.09,NP,2026-01-10T10:11:17.000+05:45
10141,181973,197,30.7,GB,2024-02-26T23:52:56.000+05:45
10490,183209,405,38.89,NP,2023-05-27T12:48:23.000+05:45
10020,183570,413,19.04,IN,2024-02-14T12:21:42.000+05:45
10050,183769,384,235.61,IN,2023-01-30T15:20:14.000+05:45
10324,184194,106,181.89,GB,2025-11-03T05:46:48.000+05:45
10301,184199,184,5.78,NP,2025-05-05T01:27:40.000+05:45
10439,184689,474,3.41,NP,2026-05-15T23:43:20.000+05:45
10485,184809,92,136.29,BR,2023-04-13T16:08:11.000+05:45
10121,186570,435,61.19,NP,2023-12-27T05:14:13.000+05:45
10177,186812,190,141.67,US,2024-01-23T12:49:04.000+05:45
10239,188510,185,85.53,NP,2023-01-09T13:48:22.000+05:45
10078,189797,313,131.76,NP,2024-12-28T01:56:59.000+05:45
10145,191135,250,174.55,IN,2024-10-12T17:20:00.000+05:45
10335,192462,231,88.42,NP,2026-03-16T23:16:26.000+05:45
10124,192880,264,217.01,IN,2025-08-12T19:30:21.000+05:45
10300,194800,178,130.14,BR,2025-07-15T03:54:18.000+05:45
10292,196604,156,22.46,IN,2023-12-21T21:55:45.000+05:45
10128,198374,264,37.61,NP,2024-10-10T06:31:43.000+05:45
10103,198567,413,87.21,NP,2023-12-22T23:31:31.000+05:45
10435,200676,439,61.97,US,2024-12-15T07:19:44.000+05:45
10420,201928,384,3.98,NP,2026-04-16T01:55:11.000+05:45
10092,202321,11,3.02,NP,2025-08-03T02:29:31.000+05:45
10190,202664,307,84.92,IN,2025-09-08T14:11:38.000+05:45
10009,203480,127,251.04,JP,2025-02-12T13:41:22.000+05:45
10172,204118,365,64.25,NP,2026-04-12T05:43:25.000+05:45
10186,209344,460,45.78,GB,2025-08-28T00:45:47.000+05:45
10423,210215,152,28.14,NP,2024-12-20T15:15:40.000+05:45
10132,210450,395,267.27,NP,2023-09-11T21:12:40.000+05:45
10137,211567,331,77.01,NP,2024-11-08T01:47:13.000+05:45
10468,212225,46,204.94,NP,2023-06-22T14:48:53.000+05:45
10159,213363,129,16.41,NP,2024-04-16T03:21:34.000+05:45
10168,214460,458,145.12,NP,2023-02-28T22:02:55.000+05:45
10426,214511,315,134.77,US,2024-01-14T20:46:45.000+05:45
10117,215596,150,48.23,US,2024-10-02T15:57:44.000+05:45
10021,218080,186,337.23,US,2025-06-02T13:39:19.000+05:45
10301,219774,124,40.44,GB,2023-08-28T16:37:05.000+05:45
10180,221881,77,14.35,NP,2025-11-28T05:24:05.000+05:45
10123,222572,285,26.35,NP,2024-12-04T12:13:17.000+05:45
10028,226828,77,158.38,NP,2025-02-05T12:23:16.000+05:45
10492,226918,436,85.71,GB,2024-09-09T08:38:18.000+05:45
10126,231473,364,6.06,NP,2024-01-14T05:39:30.000+05:45
10396,235793,229,2.05,NP,2024-02-11T19:44:42.000+05:45
10463,235926,349,50.07,NP,2023-03-08T04:16:00.000+05:45
10224,235937,51,1.54,NP,2023-04-27T15:13:28.000+05:45
10185,239250,277,11.53,NP,2023-04-27T23:15:39.000+05:45
10433,239715,286,483.44,JP,2025-02-19T20:24:35.000+05:45
10111,239773,145,12.52,NP,2026-01-28T10:44:25.000+05:45
10283,242532,343,88.33,NP,2026-06-11T09:31:43.000+05:45
10420,243369,429,1.33,GB,2023-05-25T00:55:42.000+05:45
10038,245643,164,24.61,NP,2025-07-27T04:38:28.000+05:45
10343,247060,303,47.13,NP,2023-09-13T18:06:16.000+05:45
10415,251817,278,18.82,NP,2025-11-14T06:46:33.000+05:45
10094,252906,109,46.46,NP,2024-12-01T13:54:54.000+05:45
10192,253310,10,81.41,JP,2025-03-07T12:51:18.000+05:45
10443,253531,441,504.16,IN,2025-12-21T00:06:28.000+05:45
10060,254650,466,79.27,BR,2024-11-02T20:21:36.000+05:45
10067,257856,94,65.92,JP,2023-10-10T02:32:49.000+05:45
10222,258505,186,49.06,NP,2024-09-19T04:07:44.000+05:45
10043,259502,487,116.04,IN,2023-03-29T16:47:37.000+05:45
10152,259658,295,74.67,BR,2023-10-05T20:16:01.000+05:45
10245,260174,319,191.71,US,2024-12-09T15:58:23.000+05:45
10240,261129,33,56.53,IN,2024-05-07T16:25:27.000+05:45
10329,262107,222,91.79,GB,2025-03-08T04:34:19.000+05:45
10413,265000,182,120.14,NP,2025-09-18T07:04:27.000+05:45
10462,266900,172,172.66,NP,2024-05-06T19:23:10.000+05:45
10352,268394,143,14.57,NP,2025-12-16T17:33:21.000+05:45
10342,268526,152,67.76,IN,2024-06-14T22:02:46.000+05:45
10068,268653,75,132.51,NP,2023-11-08T08:10:13.000+05:45
10109,271547,179,63.1,GB,2023-10-14T06:35:23.000+05:45
10276,272107,286,23.84,JP,2025-12-20T03:14:19.000+05:45
10120,272241,269,36.75,NP,2025-05-01T00:07:31.000+05:45
10054,272647,384,36.96,IN,2024-10-31T21:06:34.000+05:45
10142,275163,375,11.62,NP,2023-08-16T19:31:08.000+05:45
10339,275558,433,75.37,AU,2025-07-05T20:09:46.000+05:45
10339,276819,194,12.4,DE,2023-12-08T01:19:31.000+05:45
10240,279277,352,120.34,NP,2024-03-24T20:47:48.000+05:45
10005,280579,26,109.79,NP,2025-02-04T21:11:52.000+05:45
10345,281558,123,379.24,NP,2024-08-08T17:44:23.000+05:45
10205,283968,412,61.16,NP,2023-03-12T21:50:44.000+05:45
10299,285015,318,4.04,NP,2023-07-02T05:58:26.000+05:45
10323,286715,452,6.87,NP,2024-12-13T17:47:19.000+05:45
10383,287100,372,19.7,NP,2025-04-02T20:24:19.000+05:45
10152,287151,210,18.2,AU,2023-03-01T18:07:54.000+05:45
10359,290782,203,3.34,US,2024-05-29T09:45:22.000+05:45
10110,291163,19,166.75,NP,2024-01-05T08:43:51.000+05:45
10480,292693,233,40.6,NP,2024-04-24T08:07:37.000+05:45
10330,294160,393,100.5,NP,2023-05-06T10:05:19.000+05:45
10211,295655,328,210.34,NP,2025-08-17T17:52:22.000+05:45
10043,295796,195,288.02,NP,2023-08-21T22:29:18.000+05:45
10252,298085,251,303.16,NP,2024-08-30T17:34:14.000+05:45
10442,300955,9,47.54,GB,2024-10-17T18:45:21.000+05:45
10500,301287,35,12.26,NP,2024-10-18T01:16:30.000+05:45
10078,301707,176,12.42,JP,2023-09-24T15:45:07.000+05:45
10023,302308,431,33.45,NP,2024-03-08T09:27:24.000+05:45
10436,302698,396,28.92,IN,2023-05-24T15:59:27.000+05:45
10461,304102,90,298.63,US,2024-05-08T10:12:01.000+05:45
10024,307261,143,5.98,US,2024-08-01T20:04:14.000+05:45
10031,307328,225,71.89,NP,2024-04-08T04:56:56.000+05:45
10228,308810,11,57.45,NP,2023-08-23T21:02:14.000+05:45
10474,309666,350,181.93,NP,2025-09-22T07:19:36.000+05:45
10401,310558,195,60.83,US,2025-07-12T07:19:50.000+05:45
10449,313690,6,249.12,NP,2024-06-10T19:30:07.000+05:45
10357,316064,68,15.23,GB,2024-01-11T12:38:35.000+05:45
10294,316910,218,21.66,NP,2023-07-22T09:30:44.000+05:45
10282,317066,77,45.91,IN,2025-07-27T12:41:27.000+05:45
10413,317326,472,21.38,NP,2024-12-21T19:57:01.000+05:45
10347,318775,345,413.58,NP,2023-09-04T12:26:14.000+05:45
10081,321726,476,248.44,AU,2025-02-16T00:53:06.000+05:45
10354,323708,481,164.8,GB,2025-09-03T11:21:34.000+05:45
10430,325429,244,3.72,NP,2024-07-09T20:34:57.000+05:45
10303,325618,5,136.65,US,2023-08-13T12:32:58.000+05:45
10166,325949,369,15.25,US,2023-04-17T02:57:09.000+05:45
10381,327402,46,146.86,IN,2024-07-13T04:19:09.000+05:45
10455,336851,327,7.46,NP,2024-06-05T22:18:35.000+05:45
10393,337272,15,44.19,US,2025-10-09T04:16:33.000+05:45
10353,337560,342,11.3,NP,2025-10-10T13:42:17.000+05:45
10299,339153,89,68.79,NP,2024-06-04T03:05:37.000+05:45
10358,340568,92,55.74,NP,2024-12-30T08:19:34.000+05:45
10332,346402,397,308.07,AU,2023-05-30T05:16:17.000+05:45
10376,346675,324,10.99,NP,2023-11-07T01:30:04.000+05:45
10259,346755,326,97.92,NP,2025-12-03T02:46:46.000+05:45
10332,347621,58,97.99,NP,2023-12-24T05:25:54.000+05:45
10022,347804,340,33.9,NP,2025-01-02T17:06:14.000+05:45
10206,348074,293,17.56,NP,2024-11-14T08:06:37.000+05:45
10296,352613,352,74.02,NP,2023-12-28T02:05:55.000+05:45
10038,354688,339,189.2,AU,2025-10-07T06:05:26.000+05:45
10043,355453,125,60.83,NP,2026-01-25T07:49:25.000+05:45
10056,356275,270,198.86,NP,2025-11-23T03:44:03.000+05:45
10125,356363,346,5.01,BR,2025-02-07T07:36:09.000+05:45
10045,356737,131,11.61,IN,2026-01-26T20:47:17.000+05:45
10338,356893,171,22.13,NP,2024-08-08T14:37:10.000+05:45
10446,358968,84,16.84,JP,2024-01-09T00:20:12.000+05:45
10240,362044,269,88.09,NP,2026-04-20T22:43:35.000+05:45
10086,364729,227,246.15,NP,2023-03-13T10:05:47.000+05:45
10346,365569,384,184.57,NP,2025-07-27T18:54:53.000+05:45
10277,365895,426,33.0,NP,2024-06-26T18:51:20.000+05:45
10373,366083,413,19.4,NP,2025-03-28T02:30:32.000+05:45
10426,366998,438,219.21,US,2026-05-20T01:55:06.000+05:45
10325,367489,9,4.35,AU,2025-07-23T13:04:36.000+05:45
10117,368853,359,151.93,IN,2025-07-01T21:56:22.000+05:45
10131,369303,332,64.18,IN,2026-02-24T02:29:34.000+05:45
10181,370819,364,9.38,NP,2023-12-27T09:19:33.000+05:45
10183,371806,232,36.39,IN,2024-01-25T14:25:57.000+05:45
10204,372119,270,53.44,NP,2023-06-22T01:41:55.000+05:45
10428,373029,311,11.73,NP,2023-06-21T18:55:44.000+05:45
10439,374067,4,78.91,NP,2023-07-14T16:24:02.000+05:45
10122,375123,140,1.44,NP,2024-05-14T11:55:41.000+05:45
10483,375370,431,33.78,NP,2025-10-17T09:09:15.000+05:45
10338,381310,362,77.97,IN,2024-01-06T06:21:52.000+05:45
10115,381757,215,63.48,GB,2025-01-25T13:09:38.000+05:45
10128,382048,323,294.23,NP,2023-01-04T19:18:50.000+05:45
10360,383846,148,116.46,NP,2026-02-19T14:06:34.000+05:45
10228,385238,77,3.16,NP,2024-03-21T05:49:55.000+05:45
10403,385403,20,42.01,NP,2025-07-31T06:17:45.000+05:45
10495,385866,202,812.85,US,2024-03-18T08:52:12.000+05:45
10392,386597,339,90.13,NP,2024-07-27T05:13:21.000+05:45
10290,386843,459,29.35,GB,2025-07-05T13:30:34.000+05:45
10346,387458,334,125.06,NP,2025-02-28T02:47:12.000+05:45
10431,389674,140,52.18,NP,2023-01-06T08:40:15.000+05:45
10153,390393,69,99.1,NP,2026-03-20T07:40:43.000+05:45
10296,390910,255,70.91,NP,2025-11-09T14:22:34.000+05:45
10161,391106,233,85.52,DE,2026-06-01T00:29:22.000+05:45
10247,391133,349,65.7,BR,2026-03-21T22:27:19.000+05:45
10397,392010,102,118.16,NP,2026-03-07T00:03:01.000+05:45
10312,393280,123,517.43,DE,2023-02-12T12:40:57.000+05:45
10476,396311,485,104.53,NP,2023-01-17T22:57:27.000+05:45
10089,398336,54,154.85,NP,2025-02-05T00:45:56.000+05:45
10294,400438,224,12.36,NP,2023-03-23T09:49:31.000+05:45
10405,401575,248,13.91,US,2023-06-28T11:05:44.000+05:45
10418,402649,175,8.94,NP,2023-09-11T15:49:30.000+05:45
10279,406257,497,93.0,US,2023-12-02T16:57:30.000+05:45
10456,407948,102,62.05,NP,2024-07-23T17:57:47.000+05:45
10252,408508,481,93.78,AU,2026-04-12T08:01:52.000+05:45
10468,408918,169,60.01,GB,2023-10-17T06:55:51.000+05:45
10098,409233,431,41.29,NP,2025-09-18T09:44:53.000+05:45
10223,411602,123,43.04,NP,2025-04-23T22:23:23.000+05:45
10129,412354,388,44.67,NP,2023-04-08T21:20:54.000+05:45
10405,412544,23,112.95,NP,2023-06-17T02:34:42.000+05:45
10215,413508,136,171.86,NP,2023-12-18T06:12:47.000+05:45
10251,414530,148,47.92,NP,2026-02-06T08:19:16.000+05:45
10197,414551,81,52.27,NP,2023-07-24T01:21:26.000+05:45
10341,415437,495,133.18,JP,2025-09-01T12:53:24.000+05:45
10241,415668,441,50.45,NP,2026-02-27T23:16:03.000+05:45
10359,415950,11,3.12,NP,2024-04-13T02:36:20.000+05:45
10085,416267,494,159.0,US,2023-08-27T03:37:26.000+05:45
10467,420071,261,39.6,JP,2023-09-28T09:53:23.000+05:45
10077,420949,258,239.63,JP,2025-05-09T00:55:30.000+05:45
10019,423858,47,84.34,NP,2024-08-08T15:01:45.000+05:45
10045,423965,382,114.87,IN,2023-09-06T19:35:01.000+05:45
10162,423997,73,62.52,NP,2023-08-21T17:40:16.000+05:45
10354,424072,240,11.63,NP,2025-01-18T08:11:29.000+05:45
10320,425134,86,43.46,NP,2026-01-14T20:39:04.000+05:45
10081,427931,190,66.3,NP,2026-05-24T17:25:44.000+05:45
10335,429785,447,107.04,JP,2024-10-15T00:05:14.000+05:45
10304,431076,198,62.3,NP,2024-11-20T03:42:06.000+05:45
10135,431942,146,119.37,JP,2026-06-07T23:10:31.000+05:45
10043,432708,196,58.17,NP,2024-05-15T14:50:52.000+05:45
10474,433524,303,32.26,NP,2025-12-05T00:58:51.000+05:45
10428,434409,347,236.44,NP,2023-11-03T04:44:04.000+05:45
10306,435001,346,65.1,BR,2025-05-23T09:06:50.000+05:45
10406,435751,73,87.19,NP,2023-01-18T03:05:39.000+05:45
10223,436247,396,152.58,NP,2023-06-09T18:34:24.000+05:45
10048,437939,308,8.27,NP,2025-03-16T01:10:37.000+05:45
10333,438517,196,32.89,NP,2026-03-21T18:13:38.000+05:45
10390,439410,305,15.7,NP,2024-05-17T15:17:59.000+05:45
10244,439743,50,260.92,US,2023-11-06T06:57:46.000+05:45
10458,440082,75,77.0,NP,2025-02-15T18:49:39.000+05:45
10471,441500,359,99.84,NP,2025-10-31T12:14:05.000+05:45
10334,441593,335,45.86,NP,2025-09-07T19:56:42.000+05:45
10106,443454,214,110.98,NP,2023-11-24T00:14:27.000+05:45
10290,445244,117,26.06,NP,2025-12-08T13:24:33.000+05:45
10013,445937,278,229.99,NP,2026-02-20T11:51:48.000+05:45
10400,446869,309,2.44,NP,2024-08-21T07:22:46.000+05:45
10242,447327,451,202.55,JP,2025-12-25T15:27:17.000+05:45
10418,448072,395,36.71,DE,2023-07-17T06:19:52.000+05:45
10476,448803,63,280.13,US,2024-03-11T10:48:33.000+05:45
10370,451646,356,9.82,NP,2023-04-23T00:21:12.000+05:45
10365,452879,128,5.53,NP,2024-03-11T04:49:40.000+05:45
10427,455428,356,14.65,NP,2025-11-14T21:32:09.000+05:45
10376,456890,116,16.69,NP,2023-03-23T18:01:45.000+05:45
10142,461258,370,32.55,US,2025-07-05T17:06:35.000+05:45
10117,462685,289,111.72,DE,2024-06-27T11:51:26.000+05:45
10207,462956,475,159.61,JP,2025-08-15T08:19:42.000+05:45
10289,463191,275,113.43,NP,2025-01-13T15:09:38.000+05:45
10476,463525,390,15.01,BR,2025-02-24T09:26:21.000+05:45
10327,463985,160,32.4,US,2024-02-23T21:43:05.000+05:45
10439,464614,176,35.57,NP,2023-07-16T21:07:29.000+05:45
10138,465601,283,81.43,NP,2026-05-01T15:19:56.000+05:45
10087,467289,443,144.93,NP,2025-05-25T16:25:00.000+05:45
10229,468622,479,141.74,GB,2023-10-21T00:50:49.000+05:45
10184,469812,339,18.34,NP,2023-02-17T17:06:46.000+05:45
10110,470913,308,18.97,NP,2024-11-02T03:20:40.000+05:45
10413,472913,170,242.77,BR,2025-09-10T10:47:18.000+05:45
10257,473164,266,2.97,NP,2024-05-15T11:23:53.000+05:45
10500,475411,393,2.33,AU,2023-07-31T10:56:38.000+05:45
10248,475884,362,66.37,NP,2026-03-20T22:11:07.000+05:45
10218,477543,58,30.24,NP,2023-05-14T17:54:23.000+05:45
10477,478271,377,33.07,NP,2023-08-03T19:40:50.000+05:45
10086,478870,265,41.72,US,2024-07-24T23:13:08.000+05:45
10341,482028,353,18.51,NP,2024-09-27T19:59:14.000+05:45
10153,482297,336,126.69,NP,2025-12-02T05:41:28.000+05:45
10230,482787,401,60.26,NP,2025-01-15T17:27:21.000+05:45
10105,483710,189,64.21,DE,2024-08-27T14:48:13.000+05:45
10250,485266,122,247.6,NP,2025-05-09T17:31:40.000+05:45
10072,488328,250,146.85,JP,2024-01-23T14:42:01.000+05:45
10463,488867,177,49.53,BR,2023-10-02T20:22:05.000+05:45
10371,489118,341,109.43,NP,2023-12-03T08:34:14.000+05:45
10468,493991,49,36.74,NP,2025-09-27T19:36:44.000+05:45
10186,496777,488,95.13,NP,2025-01-17T00:10:03.000+05:45
10048,498352,481,9.2,BR,2023-05-12T19:14:26.000+05:45
10344,498611,478,361.2,IN,2025-02-13T18:14:11.000+05:45
10357,506148,12,70.28,NP,2026-01-11T03:48:17.000+05:45
10447,506395,467,25.66,NP,2024-12-10T17:49:12.000+05:45
10170,506424,274,60.63,US,2026-03-25T01:04:48.000+05:45
10239,506479,366,36.25,NP,2024-10-10T04:16:36.000+05:45
10490,506922,184,24.01,NP,2026-05-23T13:05:52.000+05:45
10062,508729,236,112.26,GB,2023-03-31T13:57:28.000+05:45
10297,509271,125,164.52,DE,2024-05-18T19:29:34.000+05:45
10207,510014,31,14.74,JP,2023-12-09T05:11:30.000+05:45
10249,510208,226,85.22,IN,2025-08-23T17:17:57.000+05:45
10406,510878,270,218.52,JP,2025-04-08T12:25:11.000+05:45
10163,511863,222,53.83,NP,2025-05-21T09:45:06.000+05:45
10488,512295,177,75.5,NP,2024-09-21T11:36:31.000+05:45
10300,512528,343,7.38,NP,2025-08-30T11:58:30.000+05:45
10124,513564,287,127.27,NP,2024-06-28T15:43:36.000+05:45
10114,514730,165,147.68,AU,2024-11-19T11:15:41.000+05:45
10137,514771,15,19.37,NP,2024-12-13T00:33:24.000+05:45
10264,515170,436,92.24,IN,2025-06-06T09:08:09.000+05:45
10114,515919,350,69.02,NP,2025-06-09T08:15:48.000+05:45
10062,515985,165,4.81,NP,2026-02-10T02:51:01.000+05:45
10226,517005,464,143.36,US,2023-05-09T04:56:36.000+05:45
10321,517817,340,78.31,JP,2023-12-04T16:07:05.000+05:45
10198,520785,38,19.81,JP,2025-05-02T09:43:04.000+05:45
10051,521541,100,37.42,US,2023-08-13T19:43:14.000+05:45
10297,524266,197,22.34,BR,2024-05-18T09:36:49.000+05:45
10109,526915,248,40.17,NP,2024-05-30T03:24:41.000+05:45
10405,527041,238,149.71,NP,2023-09-22T19:14:21.000+05:45
10204,527529,205,226.39,JP,2025-03-29T08:34:42.000+05:45
10444,528367,256,51.18,DE,2023-09-08T21:02:34.000+05:45
10140,529944,468,151.52,NP,2024-04-28T12:09:02.000+05:45
10019,529970,205,30.05,DE,2023-10-28T22:02:27.000+05:45
10006,530606,145,208.18,AU,2024-09-05T23:19:18.000+05:45
10273,531586,401,64.29,NP,2025-12-18T14:15:17.000+05:45
10033,537381,423,50.75,NP,2024-05-01T16:06:19.000+05:45
10217,538079,149,7.73,US,2025-07-14T09:02:43.000+05:45
10152,539843,298,4.5,NP,2026-04-02T02:13:34.000+05:45
10216,540320,145,90.06,NP,2023-03-05T21:23:04.000+05:45
10199,540767,286,20.84,DE,2024-11-23T18:25:26.000+05:45
10308,541730,1,126.8,BR,2025-07-26T13:28:36.000+05:45
10027,541947,444,52.35,AU,2025-12-16T06:55:10.000+05:45
10350,541957,449,69.24,NP,2024-05-08T10:52:38.000+05:45
10422,543092,13,138.26,NP,2023-04-21T16:16:25.000+05:45
10242,545375,418,54.89,NP,2026-01-21T01:24:30.000+05:45
10277,548621,482,100.12,NP,2026-05-20T19:59:23.000+05:45
10044,548925,457,52.47,NP,2023-09-11T09:54:31.000+05:45
10349,548958,127,7.23,BR,2025-12-02T10:31:40.000+05:45
10307,550238,426,57.52,US,2025-04-25T08:14:54.000+05:45
10009,550428,112,92.98,BR,2023-12-03T04:32:51.000+05:45
10095,550772,143,17.71,NP,2023-07-08T05:20:38.000+05:45
10412,551505,379,139.24,IN,2023-05-11T22:43:33.000+05:45
10130,552210,92,166.4,AU,2023-01-06T02:20:03.000+05:45
10321,553780,269,158.46,AU,2024-02-28T07:57:58.000+05:45
10415,554554,269,79.8,GB,2023-04-21T21:12:14.000+05:45
10036,555366,374,108.39,NP,2024-12-26T12:39:30.000+05:45
10023,555801,337,38.61,US,2026-01-30T22:16:02.000+05:45
10108,555918,240,14.96,IN,2025-08-19T13:01:57.000+05:45
10074,557424,459,5.8,NP,2023-10-24T03:46:19.000+05:45
10453,559704,10,3.89,NP,2023-03-19T00:35:36.000+05:45
10292,559725,484,27.83,IN,2025-11-28T11:12:50.000+05:45
10331,560100,138,40.67,NP,2023-06-22T20:41:07.000+05:45
10247,560429,344,377.62,NP,2025-09-04T00:39:33.000+05:45
10140,561985,86,85.39,NP,2024-09-17T07:39:38.000+05:45
10446,562256,40,29.12,NP,2023-02-10T03:08:07.000+05:45
10003,562902,324,9.52,AU,2023-10-12T20:10:57.000+05:45
10229,563626,161,49.43,NP,2025-05-05T02:03:52.000+05:45
10411,565057,358,80.53,IN,2023-10-13T11:05:28.000+05:45
10092,565330,93,134.61,NP,2026-03-26T12:00:54.000+05:45
10075,567687,339,103.75,US,2023-05-31T20:51:08.000+05:45
10393,567854,336,69.08,IN,2024-09-30T09:47:26.000+05:45
10005,568955,477,25.97,US,2026-04-02T21:17:38.000+05:45
10023,569899,230,91.54,NP,2025-09-16T12:27:13.000+05:45
10079,571490,127,42.37,JP,2025-12-24T02:36:24.000+05:45
10329,571526,232,114.39,GB,2026-05-10T18:14:29.000+05:45
10320,572156,15,45.55,NP,2023-04-10T02:37:51.000+05:45
10484,572770,327,76.69,NP,2023-09-09T07:18:30.000+05:45
10423,573561,482,27.55,NP,2024-03-18T01:41:29.000+05:45
10199,574158,129,14.11,NP,2023-11-28T10:40:21.000+05:45
10060,574730,233,103.63,US,2026-06-17T01:28:36.000+05:45
10345,575210,9,87.43,DE,2024-07-22T06:26:15.000+05:45
10111,575612,308,29.12,NP,2026-02-26T20:53:35.000+05:45
10339,579753,95,9.2,NP,2023-05-02T19:28:53.000+05:45
10472,579840,101,38.92,NP,2023-10-20T20:47:23.000+05:45
10263,580084,63,11.91,NP,2024-09-21T09:02:37.000+05:45
10226,581166,212,74.44,JP,2024-05-11T18:49:39.000+05:45
10386,581645,384,168.5,NP,2025-10-26T09:05:52.000+05:45
10192,582820,304,11.59,NP,2024-04-19T21:23:44.000+05:45
10148,583731,254,8.84,NP,2025-02-10T12:31:47.000+05:45
10393,583879,428,47.86,JP,2025-11-27T14:31:04.000+05:45
10498,583974,428,38.12,NP,2023-11-01T04:48:36.000+05:45
10044,586387,451,118.11,IN,2024-09-23T07:23:34.000+05:45
10011,588032,324,108.21,US,2023-11-10T14:15:16.000+05:45
10372,589653,16,61.28,IN,2024-08-26T22:36:54.000+05:45
10165,591725,320,193.92,NP,2023-02-03T17:36:34.000+05:45
10293,591953,348,157.37,NP,2024-01-10T22:12:03.000+05:45
10433,592085,242,84.61,IN,2024-10-23T20:14:11.000+05:45
10324,592349,235,191.65,NP,2025-05-29T00:47:38.000+05:45
10100,592364,230,168.81,AU,2025-10-13T11:55:03.000+05:45
10267,593292,111,173.37,IN,2023-05-24T09:49:48.000+05:45
10008,594447,498,316.54,IN,2025-11-20T05:58:17.000+05:45
10231,594788,86,59.63,NP,2026-01-25T21:35:49.000+05:45
10162,595562,17,47.17,AU,2026-04-28T04:16:19.000+05:45
10198,595658,43,21.32,NP,2024-05-14T00:51:50.000+05:45
10371,596801,497,80.08,NP,2025-12-19T18:19:09.000+05:45
10144,597874,443,32.83,IN,2024-12-15T17:17:23.000+05:45
10210,598189,410,86.31,BR,2026-03-17T05:27:38.000+05:45
10359,601189,335,210.66,NP,2026-05-05T08:34:24.000+05:45
10500,601535,3,221.21,IN,2023-02-02T04:30:25.000+05:45
10102,604129,422,9.83,NP,2026-02-16T10:41:37.000+05:45
10458,604202,105,289.21,NP,2024-11-18T01:35:02.000+05:45
10221,606051,10,14.97,NP,2025-09-13T23:32:43.000+05:45
10363,606888,273,16.39,NP,2023-08-17T01:28:07.000+05:45
10490,607281,70,186.54,NP,2024-06-16T02:08:45.000+05:45
10414,607614,275,202.54,BR,2026-02-10T03:21:46.000+05:45
10492,608874,179,8.11,NP,2025-04-09T06:55:33.000+05:45
10414,608984,100,184.43,AU,2024-09-18T21:19:34.000+05:45
10418,609100,241,57.23,US,2025-09-21T10:36:59.000+05:45
10064,610297,69,65.84,NP,2023-09-03T09:10:21.000+05:45
10224,610693,486,20.57,DE,2026-02-18T11:28:12.000+05:45
10299,611295,209,130.95,NP,2026-03-04T00:59:02.000+05:45
10184,611924,460,111.98,NP,2026-03-19T09:34:57.000+05:45
10313,613133,484,99.72,JP,2026-03-15T07:02:14.000+05:45
10224,615995,290,158.66,US,2025-01-20T09:11:56.000+05:45
10485,616035,74,129.89,IN,2023-02-17T15:35:39.000+05:45
10372,617152,228,3.59,NP,2024-12-15T20:26:34.000+05:45
10096,617548,85,32.43,JP,2025-05-05T12:06:02.000+05:45
10272,618037,129,16.43,GB,2023-03-15T04:13:17.000+05:45
10182,619322,134,20.35,NP,2023-05-06T04:24:41.000+05:45
10014,619380,250,143.48,NP,2023-09-22T02:52:40.000+05:45
10404,619553,398,56.12,NP,2025-05-22T13:23:06.000+05:45
10471,622667,81,22.02,IN,2025-01-04T15:13:58.000+05:45
10086,625206,162,16.63,NP,2023-01-22T12:50:34.000+05:45
10485,626398,301,103.96,NP,2025-12-17T09:27:21.000+05:45
10428,626662,187,136.36,IN,2024-10-14T21:19:17.000+05:45
10259,628075,83,56.52,IN,2026-04-09T00:53:27.000+05:45
10387,630305,75,30.97,NP,2025-02-08T06:07:24.000+05:45
10077,631086,496,64.24,NP,2025-02-11T16:08:59.000+05:45
10226,632521,419,2.93,JP,2026-01-27T11:44:37.000+05:45
10468,632798,73,42.26,NP,2024-12-28T18:21:42.000+05:45
10140,633332,66,28.74,NP,2025-04-04T14:59:46.000+05:45
10365,634913,206,51.48,NP,2025-05-09T03:49:48.000+05:45
10203,636750,400,95.76,GB,2025-06-20T01:39:22.000+05:45
10496,639203,137,66.73,NP,2024-11-28T08:33:39.000+05:45
10195,644474,18,107.83,DE,2025-07-04T05:08:00.000+05:45
10436,644564,322,25.18,IN,2025-04-01T22:23:30.000+05:45
10368,647435,215,154.69,BR,2024-06-12T02:28:25.000+05:45
10455,647553,203,35.64,US,2024-02-04T04:20:24.000+05:45
10199,648798,437,27.71,NP,2023-10-20T11:34:18.000+05:45
10075,650361,224,36.87,NP,2025-08-26T06:58:44.000+05:45
10257,651717,154,81.9,NP,2025-11-04T06:50:27.000+05:45
10484,651748,403,188.1,NP,2024-07-24T04:49:47.000+05:45
10318,653495,490,119.77,NP,2023-12-08T05:08:38.000+05:45
10258,655086,418,124.76,NP,2023-11-30T14:50:40.000+05:45
10189,658828,453,48.08,DE,2024-12-09T22:48:22.000+05:45
10040,659039,359,12.25,NP,2025-02-20T02:22:51.000+05:45
10450,659230,289,284.88,IN,2025-05-19T06:40:11.000+05:45
10188,659528,159,30.06,NP,2024-01-29T18:32:20.000+05:45
10004,659914,178,61.85,NP,2025-04-02T18:33:32.000+05:45
10485,662217,369,52.87,IN,2026-02-04T07:12:16.000+05:45
10094,662248,77,95.05,NP,2024-03-13T23:09:51.000+05:45
10458,662489,36,45.23,NP,2026-03-28T13:11:39.000+05:45
10094,662673,255,8.25,NP,2023-07-11T00:53:02.000+05:45
10227,663698,483,383.61,DE,2023-04-24T02:44:04.000+05:45
10393,664034,137,120.37,NP,2024-03-24T12:12:42.000+05:45
10481,665078,70,104.46,NP,2023-03-26T04:29:27.000+05:45
10253,666079,381,11.77,NP,2023-05-18T16:22:52.000+05:45
10368,667944,498,128.68,NP,2025-03-18T15:41:52.000+05:45
10194,669151,163,134.68,US,2023-10-04T10:52:23.000+05:45
10380,672712,387,92.41,NP,2024-05-05T10:07:58.000+05:45
10199,673094,357,7.45,DE,2023-09-15T16:04:43.000+05:45
10437,674267,107,186.67,NP,2024-09-27T16:30:28.000+05:45
10034,675039,9,45.13,IN,2025-04-30T21:12:13.000+05:45
10313,675566,140,158.1,NP,2025-09-29T14:15:02.000+05:45
10064,676090,378,29.93,NP,2024-03-04T07:44:39.000+05:45
10112,678370,374,71.83,JP,2026-04-17T22:25:05.000+05:45
10145,679102,170,11.03,NP,2024-08-06T10:25:18.000+05:45
10384,679165,438,123.69,GB,2024-03-16T14:12:16.000+05:45
10068,679311,407,165.69,NP,2024-03-10T22:47:31.000+05:45
10485,683539,454,125.47,NP,2023-09-08T13:23:06.000+05:45
10245,683747,74,12.63,NP,2023-05-22T14:06:07.000+05:45
10442,683943,314,177.34,NP,2025-10-30T11:51:17.000+05:45
10352,684077,74,57.78,NP,2025-01-19T18:44:19.000+05:45
10486,684656,350,101.8,NP,2025-07-30T07:32:29.000+05:45
10463,684725,246,86.56,BR,2024-10-28T20:03:51.000+05:45
10330,685671,23,77.49,BR,2024-10-26T10:16:33.000+05:45
10349,687301,13,104.61,NP,2023-01-04T23:56:05.000+05:45
10366,687595,233,44.25,NP,2023-10-31T07:35:40.000+05:45
10034,693244,314,12.94,NP,2023-11-23T03:18:06.000+05:45
10416,694044,193,3.15,NP,2024-02-10T03:26:44.000+05:45
10210,694500,87,84.29,DE,2026-06-18T08:39:01.000+05:45
10378,694887,168,8.09,US,2024-03-24T00:08:59.000+05:45
10170,695066,15,69.45,JP,2023-06-19T07:04:10.000+05:45
10162,695942,113,139.2,NP,2023-02-28T04:22:48.000+05:45
10390,696539,265,199.66,NP,2026-03-05T23:08:46.000+05:45
10290,698126,313,8.76,NP,2023-03-02T04:57:27.000+05:45
10350,699863,117,87.48,IN,2025-08-21T12:35:18.000+05:45
10270,702541,292,43.26,NP,2024-08-02T16:56:30.000+05:45
10053,707235,247,33.8,NP,2024-09-10T16:44:59.000+05:45
10342,707236,122,85.19,US,2024-04-07T01:18:43.000+05:45
10062,709608,366,15.1,BR,2025-12-17T03:26:10.000+05:45
10481,711115,44,44.66,NP,2024-07-13T21:22:21.000+05:45
10479,712383,278,29.85,NP,2026-02-08T09:10:43.000+05:45
10276,718029,475,75.92,NP,2024-01-07T22:34:01.000+05:45
10191,718362,489,9.02,NP,2025-12-24T19:11:02.000+05:45
10058,718471,167,98.58,NP,2026-02-05T20:45:46.000+05:45
10066,719083,43,119.39,NP,2025-05-05T09:40:32.000+05:45
10171,719995,49,27.96,NP,2023-12-18T04:40:55.000+05:45
10493,720199,313,63.2,NP,2025-10-10T11:47:07.000+05:45
10475,721631,88,9.32,NP,2026-05-09T04:19:50.000+05:45
10274,721640,181,117.19,NP,2025-05-31T18:52:19.000+05:45
10427,727249,352,262.04,NP,2024-11-14T14:46:51.000+05:45
10102,728575,8,70.89,NP,2025-01-20T04:35:27.000+05:45
10055,729079,313,165.17,DE,2023-09-12T23:10:01.000+05:45
10183,735128,137,127.37,BR,2023-07-13T09:31:19.000+05:45
10164,735786,423,75.51,AU,2023-11-12T18:39:41.000+05:45
10324,740767,76,37.2,IN,2024-10-11T11:09:21.000+05:45
10433,740995,18,31.99,NP,2025-04-14T10:16:15.000+05:45
10373,742685,321,3.65,IN,2023-11-10T06:40:16.000+05:45
10036,743127,336,97.87,NP,2023-11-14T11:37:14.000+05:45
10429,743692,484,58.64,NP,2024-02-26T18:39:18.000+05:45
10424,744003,351,59.25,NP,2025-04-22T23:57:54.000+05:45
10008,744122,405,82.14,NP,2023-05-29T06:26:14.000+05:45
10307,744260,98,2.09,NP,2024-11-13T18:13:03.000+05:45
10031,746027,80,2.99,BR,2026-02-09T00:53:15.000+05:45
10018,746344,36,110.72,BR,2023-03-08T17:58:21.000+05:45
10295,748315,11,2.22,NP,2023-04-19T01:37:56.000+05:45
10070,748616,43,15.29,GB,2023-07-20T19:42:57.000+05:45
10288,749007,243,139.53,NP,2026-02-15T07:15:28.000+05:45
10064,750268,439,203.95,NP,2026-06-06T03:37:29.000+05:45
10315,752426,473,5.91,DE,2023-11-04T12:23:52.000+05:45
10407,753172,333,160.28,NP,2025-11-26T08:42:21.000+05:45
10033,754068,341,3.82,US,2025-07-21T17:24:03.000+05:45
10293,757352,330,18.16,NP,2025-09-05T06:09:47.000+05:45
10356,762772,114,92.11,IN,2024-06-15T11:42:10.000+05:45
10437,763976,39,81.8,JP,2024-11-20T05:49:35.000+05:45
10088,764128,410,22.22,US,2025-10-08T14:22:20.000+05:45
10317,765739,336,53.43,NP,2025-03-20T10:33:41.000+05:45
10014,766454,28,5.41,US,2023-07-10T09:33:51.000+05:45
10106,767879,356,7.21,AU,2024-06-03T18:41:42.000+05:45
10129,769162,466,119.11,NP,2025-08-12T15:09:34.000+05:45
10462,774062,62,63.93,IN,2024-11-22T15:45:15.000+05:45
10212,774071,222,345.26,NP,2024-11-19T19:28:18.000+05:45
10386,776708,80,132.03,NP,2023-12-08T17:22:29.000+05:45
10075,776941,41,452.88,BR,2025-12-21T13:17:35.000+05:45
10288,776997,465,139.49,BR,2026-05-10T22:47:18.000+05:45
10487,777836,42,84.04,NP,2025-05-18T15:01:48.000+05:45
10427,778149,136,158.77,US,2025-07-03T21:58:31.000+05:45
10325,778174,277,39.95,NP,2025-10-28T14:24:59.000+05:45
10238,778259,214,46.13,GB,2024-09-01T18:37:25.000+05:45
10090,778453,455,179.58,NP,2026-05-21T01:03:31.000+05:45
10148,778987,176,23.05,AU,2023-10-19T05:55:13.000+05:45
10227,779622,30,72.95,NP,2025-09-21T15:02:00.000+05:45
10369,780756,316,256.44,NP,2024-04-24T02:58:17.000+05:45
10257,780758,109,352.92,JP,2024-07-06T14:01:27.000+05:45
10016,781140,121,31.62,NP,2024-05-09T12:42:56.000+05:45
10399,782362,35,115.63,IN,2023-03-22T14:05:18.000+05:45
10189,782702,286,167.18,NP,2026-03-13T20:25:00.000+05:45
10259,785275,15,108.55,NP,2026-05-14T18:51:22.000+05:45
10224,785861,269,74.83,AU,2023-11-15T15:55:30.000+05:45
10464,786311,464,45.17,NP,2025-02-04T06:44:56.000+05:45
10401,793449,252,109.29,NP,2024-12-10T19:21:03.000+05:45
10401,793516,240,2.74,NP,2023-05-21T13:15:07.000+05:45
10387,793860,363,1.09,JP,2024-03-27T05:14:29.000+05:45
10498,794908,277,6.22,US,2024-05-24T16:08:11.000+05:45
10365,795610,478,45.27,NP,2026-06-18T05:06:44.000+05:45
10440,799002,185,57.5,NP,2025-04-19T12:21:43.000+05:45
10448,800223,396,119.8,AU,2023-11-22T07:53:18.000+05:45
10399,801173,360,168.19,NP,2024-06-28T11:49:41.000+05:45
10188,802791,303,24.65,NP,2024-02-10T02:15:04.000+05:45
10109,803144,88,21.19,DE,2023-01-27T19:53:14.000+05:45
10271,805135,480,22.25,NP,2026-05-13T23:02:18.000+05:45
10165,806127,167,46.74,BR,2024-01-31T21:55:13.000+05:45
10174,809526,99,86.55,IN,2025-04-24T02:52:58.000+05:45
10280,809716,9,15.92,US,2025-10-28T17:38:25.000+05:45
10140,812383,57,29.12,NP,2025-05-19T11:26:16.000+05:45
10022,812897,163,168.24,JP,2024-11-22T02:16:29.000+05:45
10298,813162,123,129.7,NP,2025-12-18T00:56:51.000+05:45
10353,813968,469,22.76,AU,2023-12-25T01:27:10.000+05:45
10475,815149,234,143.94,NP,2025-05-16T03:35:04.000+05:45
10043,815451,116,56.71,NP,2023-05-12T05:55:19.000+05:45
10453,815728,373,18.96,NP,2023-12-09T08:07:47.000+05:45
10297,816082,95,70.0,US,2023-11-29T10:16:41.000+05:45
10271,816301,442,80.1,NP,2023-10-25T14:05:30.000+05:45
10318,816648,278,7.71,NP,2023-02-28T09:33:38.000+05:45
10206,816744,275,79.51,BR,2026-01-04T13:23:18.000+05:45
10397,817672,427,37.23,GB,2024-05-25T03:12:51.000+05:45
10144,818362,42,25.85,NP,2023-12-04T04:09:01.000+05:45
10439,818750,234,230.88,US,2023-11-18T03:00:08.000+05:45
10243,820077,328,36.25,NP,2023-11-25T19:13:49.000+05:45
10403,821356,175,41.1,NP,2025-11-07T17:03:09.000+05:45
10251,821938,413,169.2,US,2023-07-26T09:13:17.000+05:45
10166,824950,235,36.71,GB,2024-05-18T00:14:10.000+05:45
10373,825002,234,6.26,US,2025-01-07T10:27:22.000+05:45
10215,828719,347,21.78,US,2025-04-25T11:47:16.000+05:45
10479,830622,456,119.13,AU,2023-01-20T16:51:46.000+05:45
10396,833625,441,151.86,NP,2025-02-24T03:19:18.000+05:45
10066,834002,144,131.27,NP,2023-01-31T14:01:36.000+05:45
10270,834226,51,58.87,DE,2024-05-16T12:10:13.000+05:45
10469,835295,120,184.55,US,2026-04-13T01:21:25.000+05:45
10081,835835,404,19.17,NP,2026-03-26T03:23:54.000+05:45
10296,836362,454,65.76,NP,2024-07-13T03:33:33.000+05:45
10368,838238,471,185.96,NP,2024-07-29T13:38:08.000+05:45
10216,842248,241,165.64,NP,2023-06-10T02:12:22.000+05:45
10234,842600,454,128.47,NP,2024-08-05T18:03:51.000+05:45
10445,844311,6,86.67,BR,2025-10-03T15:57:51.000+05:45
10440,845469,19,6.15,US,2024-03-11T11:57:51.000+05:45
10215,846541,282,15.56,NP,2025-05-30T20:58:46.000+05:45
10250,846737,80,120.33,JP,2023-01-28T01:13:18.000+05:45
10207,846898,105,47.78,NP,2025-10-31T01:34:13.000+05:45
10178,847920,136,70.23,JP,2024-04-07T04:43:57.000+05:45
10428,848620,271,21.61,NP,2023-03-25T19:13:09.000+05:45
10357,849876,487,312.69,NP,2024-06-04T15:52:39.000+05:45
10181,850862,278,30.23,NP,2025-11-04T19:12:52.000+05:45
10193,851248,214,42.47,BR,2023-08-11T06:58:54.000+05:45
10127,852934,469,23.62,NP,2024-12-06T12:41:27.000+05:45
10475,854141,348,300.28,NP,2023-05-07T10:05:37.000+05:45
10491,854851,288,101.33,NP,2024-06-26T08:44:57.000+05:45
10042,856509,268,35.0,NP,2023-04-04T23:33:20.000+05:45
10189,857317,394,9.39,NP,2023-04-05T14:50:31.000+05:45
10029,857376,239,113.15,NP,2025-07-08T01:03:27.000+05:45
10311,857702,239,55.07,NP,2023-10-25T01:30:59.000+05:45
10295,858921,437,7.52,NP,2024-10-02T01:04:59.000+05:45
10368,858987,161,26.71,US,2024-02-16T03:21:39.000+05:45
10018,859074,10,162.76,NP,2024-06-20T16:15:43.000+05:45
10474,859157,396,70.33,NP,2025-09-18T12:50:27.000+05:45
10219,859373,358,25.83,NP,2023-03-16T04:04:49.000+05:45
10381,859415,90,72.83,NP,2025-06-25T10:40:22.000+05:45
10381,860510,85,5.43,NP,2025-03-12T18:23:52.000+05:45
10090,863697,343,45.15,GB,2024-07-18T15:40:05.000+05:45
10425,865005,266,10.22,NP,2023-08-05T02:04:07.000+05:45
10215,867367,439,66.32,IN,2024-02-19T11:38:26.000+05:45
10425,868665,128,206.93,NP,2024-12-31T14:47:09.000+05:45
10024,868705,29,9.0,NP,2024-08-26T00:08:26.000+05:45
10495,870112,42,34.3,NP,2024-05-20T15:01:42.000+05:45
10031,870476,16,83.2,NP,2024-05-10T08:54:16.000+05:45
10484,871149,268,29.4,BR,2023-02-08T08:26:41.000+05:45
10160,871798,386,125.03,NP,2023-09-27T13:35:59.000+05:45
10056,872370,320,357.18,JP,2024-10-15T09:52:13.000+05:45
10435,873640,293,92.87,AU,2024-05-13T23:00:54.000+05:45
10290,874929,73,41.52,NP,2024-12-07T16:56:07.000+05:45
10406,875111,451,8.66,NP,2025-06-04T21:32:37.000+05:45
10030,875241,98,124.29,IN,2023-09-26T00:18:19.000+05:45
10147,878172,319,112.13,IN,2025-10-08T00:41:05.000+05:45
10229,879176,258,117.42,NP,2024-06-24T09:27:32.000+05:45
10325,881215,202,119.97,NP,2025-06-23T15:43:09.000+05:45
10043,882110,463,172.71,NP,2026-03-15T15:40:06.000+05:45
10051,883129,89,16.21,JP,2025-06-24T16:26:44.000+05:45
10264,884902,348,16.04,NP,2023-04-26T07:40:37.000+05:45
10148,887337,17,99.02,US,2023-06-17T11:15:43.000+05:45
10186,887537,462,176.29,NP,2023-12-13T06:04:02.000+05:45
10026,888874,162,77.68,DE,2024-12-01T18:52:09.000+05:45
10123,890949,119,2.97,GB,2025-01-25T09:53:31.000+05:45
10196,892803,311,10.82,NP,2026-05-28T14:33:25.000+05:45
10190,898458,62,85.01,NP,2024-03-04T08:16:39.000+05:45
10444,899437,221,90.0,NP,2026-02-22T11:02:51.000+05:45
10066,899947,425,137.5,NP,2023-11-01T14:07:12.000+05:45
10020,908359,51,112.54,IN,2023-08-19T19:10:35.000+05:45
10309,909159,321,10.64,NP,2024-07-01T19:53:48.000+05:45
10117,909225,355,8.58,NP,2025-03-04T16:02:24.000+05:45
10282,912562,462,41.02,NP,2024-02-03T15:01:02.000+05:45
10063,914319,239,43.65,NP,2024-01-22T16:18:40.000+05:45
10221,914579,144,132.47,NP,2024-09-02T02:23:27.000+05:45
10264,916405,383,199.43,NP,2024-03-23T21:10:19.000+05:45
10236,917631,359,53.14,NP,2023-04-01T00:21:23.000+05:45
10074,917864,114,183.98,GB,2024-07-04T01:21:13.000+05:45
10383,918386,287,42.89,IN,2023-01-31T15:04:18.000+05:45
10130,919317,293,84.86,JP,2023-07-01T13:16:21.000+05:45
10057,920590,189,93.95,NP,2024-06-25T11:44:17.000+05:45
10066,920723,38,49.41,DE,2023-07-15T06:05:36.000+05:45
10463,922006,198,73.49,NP,2026-03-28T06:56:26.000+05:45
10286,925058,101,4.37,NP,2024-10-02T06:49:10.000+05:45
10076,926390,44,92.04,NP,2025-03-01T10:44:24.000+05:45
10261,928163,401,52.58,NP,2023-08-26T20:08:03.000+05:45
10325,928413,304,61.28,AU,2024-05-09T11:22:16.000+05:45
10188,929129,493,6.01,NP,2024-12-29T06:17:38.000+05:45
10286,929234,216,66.75,IN,2024-10-06T01:45:18.000+05:45
10106,933070,327,2.51,NP,2024-02-23T18:29:35.000+05:45
10214,933505,409,8.76,NP,2024-04-22T13:44:56.000+05:45
10364,934068,245,12.88,JP,2025-12-16T10:31:46.000+05:45
10145,935033,242,26.96,NP,2025-11-25T19:12:09.000+05:45
10341,936581,20,8.13,NP,2025-03-12T11:19:54.000+05:45
10255,937750,355,17.32,DE,2023-09-01T21:18:18.000+05:45
10488,938378,418,101.72,NP,2025-02-10T19:44:44.000+05:45
10440,939174,362,35.94,NP,2026-03-31T13:47:57.000+05:45
10101,940032,99,15.95,NP,2025-11-15T13:57:47.000+05:45
10240,940417,222,24.26,JP,2024-01-11T07:21:29.000+05:45
10094,942102,54,1.3,NP,2023-10-29T17:18:15.000+05:45
10456,942336,56,90.23,JP,2023-10-01T18:40:35.000+05:45
10398,944538,60,49.13,NP,2026-05-09T02:57:14.000+05:45
10085,946778,77,336.62,NP,2025-03-12T14:31:43.000+05:45
10499,947152,226,38.34,NP,2024-02-25T12:37:49.000+05:45
10309,948738,398,15.66,NP,2024-11-19T11:56:25.000+05:45
10038,949864,488,36.97,IN,2026-01-05T02:47:43.000+05:45
10450,949973,480,266.79,JP,2023-12-26T00:24:11.000+05:45
10018,950132,76,35.54,NP,2023-04-28T02:55:47.000+05:45
10120,950520,191,22.26,NP,2024-01-05T07:48:59.000+05:45
10436,950950,241,47.57,IN,2024-02-24T11:52:06.000+05:45
10402,951034,106,72.04,NP,2024-09-28T02:31:52.000+05:45
10081,951224,237,30.37,BR,2025-02-21T15:53:57.000+05:45
10181,951705,91,2.47,NP,2024-08-19T02:21:19.000+05:45
10130,952001,338,21.42,NP,2024-05-15T18:07:58.000+05:45
10254,952040,246,88.77,NP,2024-11-07T14:13:12.000+05:45
10372,953734,422,61.3,GB,2025-03-05T16:40:05.000+05:45
10041,953781,397,118.22,IN,2023-09-06T14:58:16.000+05:45
10145,955004,36,26.7,NP,2023-10-11T02:38:32.000+05:45
10004,956262,234,65.28,NP,2023-03-15T17:32:05.000+05:45
10303,958213,314,208.25,AU,2023-03-11T11:08:09.000+05:45
10061,959110,82,15.77,US,2024-12-08T10:34:14.000+05:45
10174,962425,155,16.24,NP,2023-06-01T15:52:16.000+05:45
10329,963629,476,20.4,NP,2025-09-05T14:34:15.000+05:45
10332,965756,397,167.22,GB,2025-07-31T22:08:16.000+05:45
10042,966637,433,163.83,NP,2023-03-01T11:29:30.000+05:45
10174,968663,290,413.36,JP,2024-07-14T19:54:26.000+05:45
10058,969145,374,86.31,US,2026-05-23T01:32:53.000+05:45
10187,971953,195,95.8,JP,2025-09-25T17:16:22.000+05:45
10321,972115,123,4.32,DE,2026-04-22T22:24:59.000+05:45
10405,972713,280,195.94,DE,2024-06-07T07:57:37.000+05:45
10202,973116,303,139.2,NP,2024-10-27T05:21:44.000+05:45
10470,973247,252,116.34,DE,2024-01-02T13:32:31.000+05:45
10112,976042,405,6.9,NP,2024-04-09T16:43:57.000+05:45
10102,978197,125,295.93,JP,2025-01-31T18:03:24.000+05:45
10403,980128,246,3.85,IN,2026-05-02T05:53:51.000+05:45
10421,988590,212,136.93,NP,2024-06-03T23:32:12.000+05:45
10015,989265,412,85.05,NP,2023-07-22T08:36:20.000+05:45
10120,989493,334,144.6,NP,2025-02-28T16:26:50.000+05:45
10299,990367,171,164.74,NP,2024-01-05T03:38:53.000+05:45
10160,991368,191,25.83,NP,2026-06-04T20:09:49.000+05:45
10316,991681,51,83.54,AU,2023-03-22T19:56:19.000+05:45
10138,991997,290,49.51,DE,2023-07-24T12:56:34.000+05:45
10390,992166,123,56.05,NP,2024-09-30T03:13:29.000+05:45
10468,992327,265,119.04,NP,2023-01-22T14:08:10.000+05:45
10134,992904,219,68.03,NP,2025-08-30T06:23:15.000+05:45
10400,995310,409,17.97,IN,2025-04-09T03:17:12.000+05:45
10118,995331,419,13.21,NP,2023-01-14T05:45:18.000+05:45
10157,997852,139,37.76,NP,2024-08-12T09:08:48.000+05:45
10013,998294,488,2.63,JP,2025-12-11T23:03:53.000+05:45
10006,998991,120,141.35,US,2024-02-17T22:03:08.000+05:45
10439,999271,14,30.06,NP,2023-11-30T02:59:54.000+05:45
10393,862,276,49.12,US,2023-05-01T02:14:01.000+05:45
10219,1216,93,53.75,US,2023-01-21T05:32:42.000+05:45
10395,5088,462,6.77,NP,2024-07-21T19:26:19.000+05:45
10047,6414,251,78.53,NP,2023-11-15T08:24:17.000+05:45
10199,6659,139,93.99,NP,2023-06-01T09:20:36.000+05:45
10228,6772,167,30.1,US,2024-03-17T02:07:05.000+05:45
10096,8996,43,86.31,NP,2024-04-13T15:45:31.000+05:45
10260,9423,35,132.41,IN,2023-04-20T17:36:22.000+05:45
10246,11148,452,126.14,NP,2023-09-01T03:25:52.000+05:45
10057,11665,34,14.52,NP,2024-10-21T03:01:11.000+05:45
10205,12370,239,58.57,IN,2024-04-22T09:36:18.000+05:45
10452,12395,78,287.89,NP,2024-06-08T03:17:54.000+05:45
10330,13728,343,4.86,GB,2023-08-06T18:06:16.000+05:45
10233,14066,482,92.71,JP,2025-03-30T01:55:18.000+05:45
10204,14348,470,9.27,NP,2025-07-25T14:44:09.000+05:45
10420,14788,324,36.1,NP,2023-03-02T16:49:18.000+05:45
10092,15927,468,5.96,NP,2026-03-14T06:58:32.000+05:45
10109,16998,24,190.76,NP,2025-10-25T16:08:47.000+05:45
10134,17165,460,5.42,NP,2024-06-12T03:47:11.000+05:45
10044,17203,134,2.14,NP,2025-08-23T04:09:54.000+05:45
10131,19874,484,51.16,NP,2023-09-17T01:21:53.000+05:45
10274,20262,296,13.14,NP,2024-09-01T13:39:54.000+05:45
10059,23792,284,34.64,NP,2023-08-26T02:04:06.000+05:45
10090,25826,339,23.59,NP,2025-08-06T09:33:55.000+05:45
10069,25979,413,85.06,NP,2024-05-28T07:18:30.000+05:45
10091,26293,58,281.62,US,2026-05-01T08:08:16.000+05:45
10116,26982,121,69.16,NP,2025-07-31T02:36:09.000+05:45
10161,31366,104,41.14,US,2024-01-07T01:27:13.000+05:45
10055,31880,174,188.57,NP,2023-02-10T10:17:43.000+05:45
10386,32773,141,14.09,NP,2026-03-02T18:33:52.000+05:45
10327,33503,458,85.11,US,2025-07-22T13:31:12.000+05:45
10332,34455,458,30.05,AU,2025-06-19T12:46:52.000+05:45
10311,39464,290,2.39,BR,2025-05-21T01:17:03.000+05:45
10106,40202,380,153.01,NP,2024-04-13T14:37:29.000+05:45
10297,42500,209,13.81,NP,2026-04-26T08:26:16.000+05:45
10305,43479,72,75.5,NP,2024-09-05T22:23:37.000+05:45
10141,45748,83,8.94,GB,2023-04-17T21:02:33.000+05:45
10296,46038,355,147.25,JP,2023-02-23T11:40:50.000+05:45
10327,47079,241,399.78,NP,2025-04-27T12:09:59.000+05:45
10214,47538,45,197.28,NP,2024-03-22T11:45:01.000+05:45
10246,48919,380,279.71,NP,2026-06-22T01:28:51.000+05:45
10279,50703,457,67.1,NP,2024-04-09T20:05:06.000+05:45
10186,50844,390,157.96,NP,2023-05-04T02:35:16.000+05:45
10407,52625,6,2.11,NP,2023-09-02T22:36:49.000+05:45
10385,55251,172,23.27,NP,2023-02-15T03:06:00.000+05:45
10298,57088,283,131.55,NP,2024-08-20T00:49:05.000+05:45
10018,59844,409,267.16,NP,2024-05-14T20:06:10.000+05:45
10267,59955,260,32.69,IN,2025-07-05T03:35:40.000+05:45
10416,62736,168,15.1,US,2023-05-22T18:35:31.000+05:45
10416,65033,63,12.07,NP,2023-08-14T11:00:31.000+05:45
10097,66251,419,52.06,BR,2025-12-13T11:16:02.000+05:45
10243,66333,424,58.78,NP,2025-10-25T01:49:35.000+05:45
10399,68709,25,377.31,NP,2024-06-28T09:29:01.000+05:45
10162,69085,56,28.72,NP,2024-06-09T10:12:59.000+05:45
10267,69217,280,106.44,JP,2023-06-11T22:51:35.000+05:45
10049,71112,43,188.08,IN,2023-06-20T19:19:54.000+05:45
10118,71643,209,28.13,JP,2025-10-24T11:11:20.000+05:45
10430,71696,235,48.42,NP,2023-09-25T05:34:03.000+05:45
10192,76919,139,181.34,NP,2026-05-16T20:01:58.000+05:45
10032,77101,302,72.87,NP,2023-02-15T08:26:01.000+05:45
10328,77229,251,216.8,NP,2025-07-31T03:38:15.000+05:45
10341,77344,231,49.46,NP,2025-08-28T11:48:54.000+05:45
10243,79171,105,187.86,NP,2026-04-18T01:32:20.000+05:45
10365,79230,138,268.54,US,2025-07-31T07:44:17.000+05:45
10066,82195,385,5.64,JP,2025-04-11T21:53:52.000+05:45
10363,84368,77,92.16,NP,2024-03-26T16:23:45.000+05:45
10075,85907,304,15.99,AU,2024-06-17T08:35:29.000+05:45
10208,89019,320,11.34,NP,2025-12-26T21:28:28.000+05:45
10390,89861,471,25.85,AU,2024-03-03T15:42:18.000+05:45
10492,90309,463,2.24,NP,2024-09-05T23:19:59.000+05:45
10362,91005,377,20.61,NP,2025-07-28T12:22:50.000+05:45
10365,91854,137,50.1,NP,2025-08-03T16:26:22.000+05:45
10472,92593,268,2.95,NP,2024-03-19T23:30:11.000+05:45
10427,92846,177,75.91,NP,2024-08-26T07:10:07.000+05:45
10125,94960,439,83.25,DE,2025-11-21T12:49:14.000+05:45
10447,96388,238,29.7,AU,2025-12-24T04:00:18.000+05:45
10333,97525,110,53.34,NP,2023-07-06T01:59:55.000+05:45
10064,97773,495,58.03,NP,2024-02-16T15:59:47.000+05:45
10107,98154,475,16.71,DE,2024-08-08T10:25:52.000+05:45
10072,98410,358,37.94,DE,2023-06-06T12:52:22.000+05:45
10448,98756,158,134.65,NP,2025-11-21T03:45:42.000+05:45
10231,100100,327,22.29,NP,2024-05-18T16:32:54.000+05:45
10111,103967,226,36.91,NP,2023-05-08T04:05:48.000+05:45
10460,105641,131,91.12,GB,2025-02-01T18:48:49.000+05:45
10354,107234,65,128.91,NP,2023-04-01T00:45:39.000+05:45
10400,107460,190,5.28,NP,2025-09-04T13:07:33.000+05:45
10334,107548,325,88.79,NP,2024-07-09T12:17:18.000+05:45
10253,108954,476,150.27,US,2024-12-03T10:50:05.000+05:45
10435,111681,360,45.55,IN,2026-02-24T03:12:20.000+05:45
10057,113107,319,31.04,NP,2026-06-12T11:32:05.000+05:45
10136,114105,81,2.18,DE,2025-05-30T01:58:51.000+05:45
10368,115663,361,136.16,JP,2023-01-22T19:54:22.000+05:45
10060,116700,395,82.33,NP,2023-11-27T02:55:16.000+05:45
10277,119427,425,28.78,AU,2024-09-21T14:11:52.000+05:45
10356,120847,62,69.3,NP,2025-11-10T04:27:55.000+05:45
10165,125835,271,57.98,NP,2024-09-06T04:45:17.000+05:45
10091,128058,55,106.98,BR,2023-07-06T17:46:23.000+05:45
10483,129687,383,258.93,NP,2023-02-05T18:24:54.000+05:45
10074,130836,35,143.12,NP,2023-04-09T03:04:26.000+05:45
10172,131191,359,4.44,AU,2025-12-19T02:41:11.000+05:45
10484,131588,245,23.02,NP,2025-05-02T08:17:12.000+05:45
10473,131637,286,251.48,US,2024-05-22T05:02:19.000+05:45
10113,135869,61,10.72,NP,2024-01-14T16:26:48.000+05:45
10124,136472,262,172.81,NP,2023-11-04T17:45:02.000+05:45
10310,138483,100,7.14,NP,2024-06-26T01:48:41.000+05:45
10123,139176,142,23.73,BR,2025-05-22T04:05:42.000+05:45
10002,141712,177,3.48,JP,2023-10-18T15:52:56.000+05:45
10423,143826,182,173.54,JP,2026-04-19T08:45:50.000+05:45
10158,145097,246,203.06,NP,2026-06-15T12:47:15.000+05:45
10498,146347,427,37.27,NP,2023-07-29T17:32:59.000+05:45
10172,146378,52,151.6,NP,2023-02-17T00:04:53.000+05:45
10375,146452,242,33.63,GB,2024-04-04T08:23:26.000+05:45
10107,148954,417,34.99,DE,2023-11-28T18:48:44.000+05:45
10165,148958,41,4.47,BR,2024-09-28T21:33:53.000+05:45
10440,149518,262,109.58,NP,2023-02-16T08:58:47.000+05:45
10207,152634,34,27.28,AU,2023-03-30T13:01:28.000+05:45
10338,154116,186,79.92,NP,2023-07-08T05:49:59.000+05:45
10430,154643,17,75.83,NP,2023-12-05T14:40:11.000+05:45
10234,155852,163,40.29,IN,2023-07-21T23:03:03.000+05:45
10308,156130,268,34.94,NP,2025-02-22T06:35:31.000+05:45
10438,156707,205,141.52,US,2024-10-08T21:30:18.000+05:45
10263,158283,248,84.81,BR,2023-02-13T18:39:45.000+05:45
10001,158303,128,75.7,GB,2025-11-13T21:41:30.000+05:45
10351,160000,39,12.05,NP,2023-01-04T10:00:18.000+05:45
10371,160048,302,37.81,IN,2023-06-08T08:31:37.000+05:45
10470,160822,308,66.92,BR,2024-04-07T12:43:17.000+05:45
10461,161268,288,2.7,NP,2026-05-11T18:57:45.000+05:45
10170,161719,137,92.01,NP,2025-11-17T15:49:53.000+05:45
10053,161904,314,155.46,IN,2024-12-26T17:13:53.000+05:45
10151,162938,66,17.87,NP,2023-05-04T00:27:39.000+05:45
10047,165751,134,9.38,AU,2023-10-19T22:18:07.000+05:45
10099,170189,114,11.96,AU,2025-04-14T16:53:52.000+05:45
10165,170403,69,150.72,JP,2024-09-30T05:22:49.000+05:45
10126,172554,433,17.96,US,2024-09-25T11:45:24.000+05:45
10392,175504,275,102.83,NP,2026-05-23T19:04:28.000+05:45
10147,175930,11,168.86,NP,2025-12-11T03:23:57.000+05:45
10197,177247,6,207.47,NP,2023-10-13T05:12:13.000+05:45
10332,177602,259,224.64,NP,2026-01-21T14:57:51.000+05:45
10093,181806,264,139.16,NP,2023-07-13T14:58:13.000+05:45
10433,181912,353,55.42,IN,2024-05-09T09:14:29.000+05:45
10160,182328,370,16.39,AU,2025-01-17T03:00:33.000+05:45
10169,186098,411,86.16,NP,2025-04-01T14:48:47.000+05:45
10064,186443,72,7.66,NP,2024-01-29T07:43:28.000+05:45
10322,186521,383,103.48,NP,2025-03-28T09:01:01.000+05:45
10018,187140,145,63.2,NP,2024-09-05T18:02:46.000+05:45
10074,187533,151,377.21,IN,2023-11-14T19:49:10.000+05:45
10103,187581,180,79.87,NP,2024-05-16T08:58:47.000+05:45
10493,192058,76,77.34,GB,2023-06-18T00:27:06.000+05:45
10295,192978,88,69.23,NP,2026-03-26T04:43:12.000+05:45
10088,193140,187,103.68,US,2025-12-04T17:51:47.000+05:45
10036,193150,292,117.54,US,2025-06-18T10:03:51.000+05:45
10410,193560,172,18.72,AU,2025-01-19T16:42:22.000+05:45
10476,194834,359,58.65,NP,2025-06-03T10:26:40.000+05:45
10108,195151,306,45.98,NP,2026-06-08T03:05:35.000+05:45
10333,196078,345,305.93,DE,2026-02-21T19:37:10.000+05:45
10095,197724,240,14.11,NP,2025-07-25T00:17:33.000+05:45
10467,199601,46,4.32,JP,2025-11-28T16:16:03.000+05:45
10377,199922,26,24.97,GB,2023-02-04T03:19:29.000+05:45
10057,201647,170,65.46,NP,2023-09-27T07:33:33.000+05:45
10307,203724,99,243.76,NP,2024-12-16T05:06:44.000+05:45
10202,203920,184,129.95,NP,2024-07-25T08:08:17.000+05:45
10470,205634,183,37.53,AU,2024-04-19T22:00:25.000+05:45
10301,206347,279,14.07,NP,2023-03-12T21:17:29.000+05:45
10474,206851,452,113.11,NP,2025-04-17T11:59:18.000+05:45
10364,206911,149,69.11,NP,2024-06-28T12:59:42.000+05:45
10131,207756,333,19.97,NP,2025-09-12T23:44:08.000+05:45
10266,208677,340,115.05,NP,2025-08-26T12:14:44.000+05:45
10490,208813,105,34.56,NP,2024-12-25T07:44:34.000+05:45
10101,209359,142,87.85,IN,2025-08-07T10:01:19.000+05:45
10036,209417,248,22.39,NP,2026-05-03T11:53:09.000+05:45
10284,209823,237,108.6,NP,2023-05-25T14:15:44.000+05:45
10396,210216,139,100.66,NP,2025-05-06T11:42:51.000+05:45
10500,211384,77,190.19,NP,2026-04-04T23:15:52.000+05:45
10363,212059,258,73.07,JP,2024-09-25T14:49:49.000+05:45
10399,213213,432,29.14,NP,2025-02-04T00:33:36.000+05:45
10491,214771,211,55.09,NP,2023-12-24T18:04:20.000+05:45
10456,214813,64,205.52,NP,2023-12-15T12:14:54.000+05:45
10135,215052,136,39.89,BR,2026-03-01T14:46:01.000+05:45
10208,216578,349,45.75,IN,2024-11-03T02:49:36.000+05:45
10156,216636,64,11.07,NP,2024-05-14T21:14:31.000+05:45
10411,217387,212,37.54,NP,2023-04-01T00:23:22.000+05:45
10076,218582,345,42.49,US,2024-10-21T07:32:13.000+05:45
10276,218720,432,16.09,NP,2024-09-11T18:56:11.000+05:45
10027,219541,50,312.98,NP,2023-06-13T15:29:11.000+05:45
10249,220287,122,88.89,NP,2026-01-06T00:10:01.000+05:45
10376,222338,30,67.69,NP,2024-02-25T08:24:16.000+05:45
10414,223172,452,78.31,NP,2024-06-01T00:20:15.000+05:45
10394,224112,93,80.46,NP,2025-05-19T01:24:40.000+05:45
10241,225057,77,39.23,IN,2025-01-21T10:57:22.000+05:45
10326,226730,21,43.9,NP,2025-11-18T04:03:11.000+05:45
10389,227571,73,21.3,JP,2026-01-18T10:15:32.000+05:45
10355,229871,294,3.84,DE,2023-11-12T17:33:47.000+05:45
10407,229970,231,39.66,US,2025-08-04T21:07:43.000+05:45
10500,230064,390,31.99,NP,2026-04-08T22:37:57.000+05:45
10005,234781,401,105.06,AU,2024-07-01T17:42:33.000+05:45
10390,235872,197,22.98,NP,2023-04-23T00:23:14.000+05:45
10459,237773,461,41.28,NP,2023-01-22T01:58:48.000+05:45
10451,237891,122,27.78,NP,2025-07-22T03:04:39.000+05:45
10041,238172,464,69.65,NP,2026-02-25T21:56:11.000+05:45
10003,238420,46,289.28,NP,2023-05-31T08:27:00.000+05:45
10142,239252,331,58.37,NP,2025-09-01T22:22:01.000+05:45
10121,239409,6,77.04,DE,2026-01-10T10:10:43.000+05:45
10201,241562,335,99.92,NP,2025-11-06T17:40:38.000+05:45
10166,241587,441,286.38,NP,2024-12-20T20:08:55.000+05:45
10359,241612,336,34.66,BR,2024-06-22T15:50:49.000+05:45
10447,241777,453,61.49,NP,2026-06-02T01:30:23.000+05:45
10138,245288,141,509.38,NP,2025-05-18T10:16:59.000+05:45
10288,245917,422,45.23,NP,2024-05-23T04:37:58.000+05:45
10102,245979,388,65.2,NP,2026-04-25T16:51:23.000+05:45
10326,246051,286,3.08,NP,2023-08-27T23:15:17.000+05:45
10395,246417,365,146.51,JP,2025-07-21T08:49:18.000+05:45
10137,246877,160,66.1,NP,2026-06-19T08:27:03.000+05:45
10143,246940,21,18.65,GB,2023-10-30T01:04:39.000+05:45
10198,248743,26,8.81,IN,2025-10-05T14:29:38.000+05:45
10315,249121,394,31.34,NP,2025-12-07T23:48:59.000+05:45
10274,252874,403,153.33,NP,2025-08-23T09:43:51.000+05:45
10249,254245,75,15.62,NP,2024-11-09T14:32:34.000+05:45
10321,254352,223,177.03,NP,2026-04-29T10:40:08.000+05:45
10172,254716,2,19.72,NP,2025-04-06T06:07:54.000+05:45
10277,254801,142,9.85,NP,2023-10-04T05:31:28.000+05:45
10176,255415,95,185.54,US,2024-09-13T10:08:03.000+05:45
10417,258246,35,16.78,BR,2026-01-05T23:31:11.000+05:45
10110,260233,313,81.65,NP,2024-12-01T14:49:26.000+05:45
10010,260664,239,327.05,DE,2023-09-21T06:30:43.000+05:45
10474,262326,69,215.73,DE,2025-02-24T11:18:38.000+05:45
10065,262900,431,33.93,JP,2024-03-12T17:31:13.000+05:45
10074,263939,47,77.27,JP,2025-07-05T16:47:40.000+05:45
10291,264062,21,46.39,JP,2026-03-02T18:23:54.000+05:45
10329,264838,413,23.03,JP,2023-09-16T20:47:47.000+05:45
10390,265148,298,105.39,DE,2024-07-28T09:27:31.000+05:45
10085,265857,52,80.46,JP,2024-10-17T15:41:53.000+05:45
10302,266366,80,99.71,NP,2025-07-22T00:46:08.000+05:45
10303,267008,202,36.43,NP,2024-12-14T12:19:30.000+05:45
10092,268249,476,7.52,US,2025-02-05T16:32:37.000+05:45
10352,268919,156,43.35,NP,2023-02-11T14:58:35.000+05:45
10310,269685,25,71.93,NP,2023-04-22T12:45:49.000+05:45
10214,272597,238,21.59,NP,2023-05-26T15:57:58.000+05:45
10467,273176,318,128.03,NP,2024-09-09T21:16:10.000+05:45
10331,275074,360,95.19,AU,2023-03-25T09:35:14.000+05:45
10308,275750,425,102.15,NP,2025-10-26T00:41:21.000+05:45
10154,276080,406,15.16,US,2026-03-10T19:07:11.000+05:45
10068,276546,428,83.92,NP,2024-10-02T22:39:40.000+05:45
10486,277219,444,6.86,GB,2026-03-23T12:42:46.000+05:45
10058,280129,166,12.2,US,2025-09-12T11:29:21.000+05:45
10410,280744,338,9.35,JP,2025-09-25T03:30:13.000+05:45
10466,280985,109,125.61,US,2026-06-22T17:26:57.000+05:45
10249,281025,494,66.43,NP,2023-04-30T08:39:26.000+05:45
10228,281321,289,177.64,JP,2025-09-15T14:49:42.000+05:45
10497,282442,451,103.32,DE,2026-03-20T00:12:21.000+05:45
10088,282791,367,131.43,US,2024-08-01T10:33:13.000+05:45
10382,282824,189,71.62,NP,2025-11-20T22:55:32.000+05:45
10292,283514,31,18.14,DE,2025-08-11T23:10:54.000+05:45
10113,283712,338,36.28,IN,2025-12-13T07:01:18.000+05:45
10373,286034,334,26.29,NP,2025-12-09T10:03:33.000+05:45
10402,286845,297,146.92,GB,2024-02-16T00:02:10.000+05:45
10137,286920,364,4.33,NP,2024-11-03T06:37:47.000+05:45
10346,289576,40,3.8,NP,2025-02-24T20:55:14.000+05:45
10183,290283,225,50.09,NP,2025-05-10T14:50:27.000+05:45
10320,290891,19,53.7,NP,2025-03-20T07:29:10.000+05:45
10276,293463,132,23.35,NP,2023-06-22T10:56:51.000+05:45
10324,298470,411,136.44,DE,2024-12-09T09:57:15.000+05:45
10205,299950,250,36.69,NP,2024-10-28T18:04:40.000+05:45
10227,301965,299,35.29,IN,2024-02-11T04:39:42.000+05:45
10084,302051,319,62.76,JP,2026-03-25T00:19:33.000+05:45
10406,302089,391,30.16,NP,2023-07-24T15:42:48.000+05:45
10325,302500,161,243.08,IN,2026-04-19T06:33:34.000+05:45
10351,303027,7,7.94,IN,2025-07-30T21:34:05.000+05:45
10227,304382,431,47.52,IN,2025-08-03T07:47:25.000+05:45
10134,304671,422,70.54,NP,2023-06-06T01:52:47.000+05:45
10348,305449,248,50.02,NP,2024-03-03T13:53:39.000+05:45
10015,307338,177,16.77,US,2024-08-03T15:23:13.000+05:45
10154,308096,440,9.69,NP,2025-07-09T06:42:55.000+05:45
10023,308741,491,43.95,NP,2026-02-02T08:20:21.000+05:45
10288,309868,275,40.31,NP,2023-01-24T21:50:08.000+05:45
10321,310286,349,53.31,NP,2024-01-05T15:42:44.000+05:45
10092,310334,263,46.25,NP,2024-06-19T16:39:33.000+05:45
10308,313122,286,14.62,IN,2024-09-17T08:06:34.000+05:45
10481,315197,476,2.77,JP,2026-05-03T02:40:25.000+05:45
10296,316862,292,76.7,NP,2026-01-14T06:04:45.000+05:45
10470,317204,235,24.65,NP,2024-06-23T19:51:14.000+05:45
10259,319816,201,156.11,NP,2024-10-12T04:15:05.000+05:45
10230,320274,69,66.33,NP,2026-03-29T04:10:31.000+05:45
10469,324447,234,94.41,NP,2025-09-09T10:41:43.000+05:45
10335,324660,498,21.09,NP,2026-01-14T16:20:12.000+05:45
10416,326241,315,51.28,JP,2024-08-05T13:53:02.000+05:45
10060,326509,148,333.45,JP,2024-11-23T12:36:24.000+05:45
10011,326811,186,122.96,US,2026-06-09T13:34:12.000+05:45
10337,326847,370,54.43,NP,2024-10-15T04:03:56.000+05:45
10281,328304,68,10.81,NP,2026-04-05T11:42:26.000+05:45
10318,328325,148,48.04,US,2023-09-21T17:23:50.000+05:45
10391,329357,387,116.9,JP,2025-06-20T05:19:24.000+05:45
10341,331985,367,5.46,AU,2023-03-12T07:19:02.000+05:45
10125,332075,19,2.37,NP,2023-08-12T07:28:34.000+05:45
10090,332962,193,13.51,IN,2023-11-03T09:56:51.000+05:45
10130,333512,199,151.96,NP,2023-05-14T13:54:16.000+05:45
10280,334403,430,196.23,JP,2024-09-21T06:50:59.000+05:45
10077,335612,17,78.3,US,2025-11-15T05:56:49.000+05:45
10017,336229,493,28.11,NP,2023-11-14T16:11:30.000+05:45
10145,336499,389,86.0,NP,2025-01-14T10:13:08.000+05:45
10455,337922,235,70.78,NP,2024-11-21T07:34:34.000+05:45
10467,338302,268,43.58,NP,2025-12-21T05:41:11.000+05:45
10013,338710,127,7.13,NP,2025-07-27T10:23:04.000+05:45
10170,339182,268,75.72,NP,2024-02-03T07:46:46.000+05:45
10251,339247,288,32.31,NP,2023-12-27T16:52:00.000+05:45
10317,339414,172,240.95,DE,2024-10-21T02:13:52.000+05:45
10373,341850,431,75.46,IN,2025-09-24T04:27:16.000+05:45
10257,342977,15,14.63,NP,2025-04-24T12:01:48.000+05:45
10474,344095,256,52.57,NP,2024-02-02T20:30:37.000+05:45
10231,344498,399,78.3,NP,2025-01-26T11:52:17.000+05:45
10116,344647,367,21.06,NP,2024-09-27T03:09:54.000+05:45
10430,345165,445,36.42,JP,2023-04-24T17:11:12.000+05:45
10432,345278,242,361.6,NP,2025-05-14T08:58:31.000+05:45
10027,347172,354,43.23,NP,2024-09-24T05:25:04.000+05:45
10449,347912,312,6.84,NP,2023-07-20T18:32:16.000+05:45
10492,348893,308,109.99,NP,2023-10-21T02:16:40.000+05:45
10224,350274,483,53.93,NP,2023-09-18T14:05:17.000+05:45
10331,350275,417,149.17,NP,2024-01-12T12:04:48.000+05:45
10093,351586,348,78.79,NP,2023-08-01T03:30:02.000+05:45
10321,351628,223,133.37,NP,2024-02-16T10:19:41.000+05:45
10363,352456,169,68.47,NP,2024-05-04T18:27:06.000+05:45
10136,353777,30,217.06,NP,2025-06-17T11:11:27.000+05:45
10059,359533,58,94.8,NP,2025-12-08T15:06:01.000+05:45
10292,360786,133,29.91,NP,2023-12-24T20:54:25.000+05:45
10303,360990,357,338.27,IN,2026-01-21T15:38:38.000+05:45
10076,362692,123,163.55,GB,2024-05-03T08:51:33.000+05:45
10477,362763,254,78.55,NP,2026-02-27T20:30:40.000+05:45
10198,363054,200,119.35,US,2024-06-07T20:01:57.000+05:45
10123,363689,8,40.21,IN,2024-04-10T06:49:00.000+05:45
10489,364553,424,21.43,NP,2024-08-31T07:01:28.000+05:45
10371,366250,213,64.17,NP,2023-08-15T11:44:53.000+05:45
10429,367123,32,177.72,NP,2024-05-14T13:37:45.000+05:45
10103,367956,65,13.77,NP,2024-05-21T09:07:36.000+05:45
10196,367959,90,4.82,NP,2024-10-17T12:01:38.000+05:45
10314,368912,40,148.41,IN,2024-08-28T08:31:13.000+05:45
10188,369884,24,1.75,NP,2026-03-21T07:19:09.000+05:45
10433,373098,108,245.37,GB,2025-01-18T08:44:00.000+05:45
10174,373712,219,133.45,NP,2025-10-01T12:54:00.000+05:45
10387,376617,311,76.19,NP,2024-06-19T06:32:44.000+05:45
10452,377086,38,177.69,NP,2024-04-09T00:44:51.000+05:45
10280,377795,457,44.95,NP,2025-11-12T17:47:03.000+05:45
10363,381948,5,36.51,NP,2023-03-31T16:14:50.000+05:45
10441,382034,21,20.4,NP,2025-08-29T01:34:47.000+05:45
10059,382497,170,79.89,NP,2026-01-16T17:11:51.000+05:45
10162,384430,35,145.82,US,2026-05-26T07:06:36.000+05:45
10310,384753,133,115.5,NP,2025-04-03T17:51:51.000+05:45
10326,385396,437,18.9,AU,2026-05-10T16:29:54.000+05:45
10290,385697,229,16.01,NP,2023-02-19T02:45:52.000+05:45
10446,386157,132,57.52,NP,2024-02-10T23:56:17.000+05:45
10343,389911,193,134.88,NP,2023-09-14T12:46:32.000+05:45
10005,390148,462,184.58,NP,2024-12-14T08:13:38.000+05:45
10162,392062,306,41.51,AU,2025-04-13T10:23:40.000+05:45
10450,393265,122,67.87,US,2023-05-12T13:46:13.000+05:45
10177,396508,211,10.97,NP,2025-03-06T17:04:02.000+05:45
10303,397288,305,53.15,NP,2024-06-24T02:56:27.000+05:45
10020,398979,63,123.9,DE,2024-09-23T19:53:32.000+05:45
10147,399307,280,13.44,GB,2023-11-15T07:01:02.000+05:45
10175,400151,50,98.0,NP,2024-03-11T05:09:51.000+05:45
10171,401174,391,29.09,JP,2023-04-21T20:25:59.000+05:45
10398,402351,269,63.62,AU,2024-01-01T19:36:17.000+05:45
10140,405646,2,32.99,DE,2024-04-30T02:09:32.000+05:45
10353,406498,388,38.86,NP,2023-04-02T16:28:02.000+05:45
10195,409269,103,33.27,NP,2025-10-10T02:59:19.000+05:45
10100,412063,215,126.98,NP,2025-12-26T16:46:25.000+05:45
10153,412993,267,29.64,US,2026-01-23T23:54:53.000+05:45
10444,413282,272,96.83,GB,2025-12-07T07:52:37.000+05:45
10057,414322,90,44.95,NP,2023-01-18T05:37:05.000+05:45
10026,415564,365,26.43,DE,2025-07-28T21:25:04.000+05:45
10339,418044,312,10.31,NP,2024-02-22T04:44:04.000+05:45
10383,419218,95,24.35,NP,2026-05-10T14:55:54.000+05:45
10088,419269,410,57.3,NP,2024-08-05T22:34:53.000+05:45
10348,419521,272,11.43,NP,2024-12-01T23:23:56.000+05:45
10334,419796,120,73.51,NP,2025-08-20T19:49:48.000+05:45
10031,420237,90,124.17,JP,2023-07-09T06:21:56.000+05:45
10332,420814,46,13.15,NP,2023-01-11T13:58:43.000+05:45
10150,421256,93,279.13,IN,2023-07-27T17:57:01.000+05:45
10370,422551,180,55.3,NP,2025-09-16T21:40:31.000+05:45
10018,424100,289,3.17,NP,2024-01-08T02:00:52.000+05:45
10079,428318,61,28.87,IN,2024-08-16T16:37:40.000+05:45
10181,428631,22,2.6,IN,2025-08-31T08:19:32.000+05:45
10330,430369,411,124.86,NP,2025-02-09T06:31:18.000+05:45
10009,430397,408,17.45,NP,2023-10-10T16:57:23.000+05:45
10358,432004,340,100.57,NP,2025-08-13T15:16:16.000+05:45
10385,432959,285,2.3,NP,2025-04-12T18:02:49.000+05:45
10108,433706,247,38.49,NP,2024-10-25T12:33:20.000+05:45
10074,434491,249,112.45,NP,2025-07-30T10:10:40.000+05:45
10102,436635,12,92.42,NP,2024-11-19T10:25:47.000+05:45
10399,439279,470,36.83,NP,2025-04-23T00:13:55.000+05:45
10182,444903,152,74.31,NP,2024-01-09T03:10:16.000+05:45
10193,446396,352,29.26,NP,2023-11-18T08:10:45.000+05:45
10106,446572,403,30.59,NP,2025-10-07T12:21:13.000+05:45
10029,447803,332,156.81,NP,2023-02-06T10:49:54.000+05:45
10096,448029,424,64.53,NP,2025-11-02T06:16:45.000+05:45
10123,449233,480,57.01,NP,2025-01-19T02:26:27.000+05:45
10079,450054,353,260.63,IN,2024-02-08T08:21:06.000+05:45
10150,451571,279,43.47,IN,2024-01-08T06:18:13.000+05:45
10002,451948,301,3.86,JP,2023-03-06T17:48:27.000+05:45
10472,452032,346,104.87,NP,2026-02-16T22:10:13.000+05:45
10343,452074,422,8.08,NP,2023-10-30T12:32:27.000+05:45
10203,452708,239,26.94,NP,2026-05-03T01:47:21.000+05:45
10440,454623,146,158.84,US,2023-07-25T23:10:04.000+05:45
10177,455561,29,148.48,NP,2025-08-17T13:00:18.000+05:45
10239,455633,413,318.42,JP,2025-09-19T05:44:07.000+05:45
10439,455675,314,12.01,NP,2025-05-27T04:37:29.000+05:45
10365,455849,46,40.52,DE,2025-10-13T08:36:22.000+05:45
10211,456685,418,122.41,NP,2025-12-02T23:04:35.000+05:45
10384,460599,499,17.17,NP,2025-10-06T21:37:39.000+05:45
10493,462412,341,24.46,IN,2023-02-02T12:19:49.000+05:45
10179,462766,348,360.11,NP,2023-08-30T09:56:00.000+05:45
10218,465087,148,36.22,AU,2025-04-16T19:21:22.000+05:45
10291,465379,360,83.06,NP,2025-08-12T00:37:50.000+05:45
10015,466914,124,256.55,NP,2025-03-08T06:20:48.000+05:45
10138,467503,485,259.69,NP,2025-01-27T14:58:42.000+05:45
10358,468407,320,3.98,NP,2024-04-06T17:43:20.000+05:45
10469,471257,447,24.27,JP,2025-06-08T00:54:25.000+05:45
10219,471641,438,230.05,NP,2024-05-22T13:04:33.000+05:45
10392,474802,207,33.71,IN,2025-08-15T02:43:57.000+05:45
10027,474845,325,39.57,NP,2025-08-25T06:27:35.000+05:45
10047,478738,219,20.86,AU,2024-03-08T18:49:25.000+05:45
10203,479607,82,13.25,US,2025-10-01T19:46:35.000+05:45
10284,479609,64,22.6,DE,2025-10-08T03:15:01.000+05:45
10344,479838,465,100.39,US,2025-12-16T23:13:13.000+05:45
10048,481807,148,224.43,BR,2026-05-22T18:01:01.000+05:45
10422,487737,447,288.85,AU,2023-01-22T20:26:38.000+05:45
10141,490500,51,180.29,US,2024-09-21T04:59:24.000+05:45
10272,491911,50,119.56,BR,2023-01-28T04:14:33.000+05:45
10447,492810,182,115.86,DE,2023-10-04T09:38:00.000+05:45
10119,493854,128,50.67,NP,2024-07-23T15:46:09.000+05:45
10218,494463,343,31.48,NP,2024-07-20T17:31:57.000+05:45
10072,496037,223,96.39,BR,2023-06-06T22:34:11.000+05:45
10453,496276,227,33.81,NP,2025-04-08T22:04:29.000+05:45
10126,498931,433,23.07,NP,2023-07-09T05:34:10.000+05:45
10487,499234,434,44.9,NP,2023-08-19T07:40:48.000+05:45
10160,499307,233,3.92,NP,2023-07-17T00:44:13.000+05:45
10372,502954,10,28.31,BR,2026-01-03T12:33:21.000+05:45
10187,503322,203,15.29,US,2024-08-02T01:46:16.000+05:45
10123,504508,185,28.32,NP,2024-12-29T01:21:41.000+05:45
10066,505119,297,148.79,US,2026-05-26T00:32:32.000+05:45
10259,508998,305,70.11,NP,2023-08-10T15:44:41.000+05:45
10023,512371,259,110.87,IN,2023-01-18T20:40:49.000+05:45
10201,512548,351,97.62,IN,2023-09-27T23:37:09.000+05:45
10015,512667,312,11.25,NP,2023-01-10T18:53:24.000+05:45
10231,513334,6,38.02,NP,2025-03-16T12:27:13.000+05:45
10264,513701,316,23.93,NP,2025-06-16T04:52:57.000+05:45
10208,515052,132,76.26,NP,2023-07-30T11:37:55.000+05:45
10267,518357,44,73.79,NP,2025-06-03T14:51:24.000+05:45
10364,520551,235,46.44,JP,2024-12-24T18:26:08.000+05:45
10439,520732,219,145.46,NP,2024-02-12T08:36:45.000+05:45
10280,521311,311,83.4,IN,2024-01-08T20:49:37.000+05:45
10001,524764,369,49.33,JP,2024-05-16T22:25:28.000+05:45
10454,525133,402,22.35,NP,2023-04-22T11:43:39.000+05:45
10446,527139,335,37.38,IN,2024-03-06T21:18:20.000+05:45
10324,527644,448,95.65,DE,2024-06-16T07:40:08.000+05:45
10335,527849,294,26.17,NP,2023-03-22T15:00:47.000+05:45
10053,528919,343,155.14,IN,2025-04-16T23:31:03.000+05:45
10397,529636,288,12.12,NP,2025-09-18T07:41:27.000+05:45
10390,530823,429,134.26,NP,2025-05-10T21:45:13.000+05:45
10035,532079,434,161.19,US,2023-08-01T16:39:03.000+05:45
10027,532252,165,24.52,NP,2023-07-04T06:37:16.000+05:45
10285,533234,264,19.45,JP,2024-05-30T05:02:00.000+05:45
10189,533301,279,178.09,NP,2023-07-01T15:01:04.000+05:45
10252,533340,252,62.05,JP,2025-05-18T14:37:37.000+05:45
10330,535125,416,75.54,NP,2024-09-04T04:00:20.000+05:45
10026,536771,137,133.85,NP,2024-02-09T02:04:21.000+05:45
10415,536986,474,41.09,NP,2025-07-14T07:42:26.000+05:45
10262,537900,332,39.69,NP,2023-05-23T03:21:32.000+05:45
10443,538065,106,73.9,JP,2024-09-28T08:41:08.000+05:45
10315,539005,359,19.49,NP,2025-06-17T23:44:35.000+05:45
10266,539380,102,116.79,NP,2024-01-26T05:20:53.000+05:45
10301,539711,26,10.55,NP,2023-10-20T16:47:45.000+05:45
10275,540211,316,132.12,US,2023-12-07T12:39:14.000+05:45
10273,542593,344,15.92,NP,2026-06-06T17:10:19.000+05:45
10174,543690,309,31.93,NP,2026-05-08T13:15:00.000+05:45
10310,549105,386,11.11,NP,2025-01-22T06:53:46.000+05:45
10272,549288,80,39.7,NP,2023-01-07T22:47:20.000+05:45
10065,549694,175,358.0,NP,2026-06-14T08:25:13.000+05:45
10129,551326,466,89.28,AU,2025-06-13T05:13:48.000+05:45
10264,552066,348,19.64,AU,2024-05-11T13:06:52.000+05:45
10243,552818,206,8.01,BR,2025-05-16T19:34:07.000+05:45
10326,554131,269,49.5,IN,2025-04-23T04:40:51.000+05:45
10337,554199,8,1.28,NP,2023-07-29T22:26:01.000+05:45
10191,555910,79,52.81,NP,2024-05-06T18:52:31.000+05:45
10347,556963,319,12.26,NP,2024-09-17T14:38:11.000+05:45
10491,557610,180,210.17,GB,2024-05-14T23:59:06.000+05:45
10494,559006,254,22.35,BR,2025-03-16T05:39:19.000+05:45
10450,559433,270,28.04,DE,2023-11-04T13:45:39.000+05:45
10081,560597,292,2.3,US,2023-04-16T06:57:21.000+05:45
10262,560847,413,30.08,NP,2025-06-04T17:09:34.000+05:45
10370,561610,59,56.14,DE,2024-10-26T06:46:22.000+05:45
10440,561726,423,21.74,NP,2026-04-27T13:56:51.000+05:45
10436,562718,370,20.38,NP,2023-05-17T15:41:02.000+05:45
10185,563355,213,62.93,NP,2025-03-01T06:32:30.000+05:45
10218,563682,125,30.2,JP,2024-05-07T16:08:45.000+05:45
10006,564316,445,14.84,NP,2023-11-19T20:53:38.000+05:45
10168,564844,29,106.29,NP,2025-08-12T22:17:57.000+05:45
10140,565227,3,72.63,AU,2025-01-12T14:05:02.000+05:45
10007,565232,376,110.44,IN,2025-10-15T06:24:57.000+05:45
10429,567141,170,208.52,NP,2026-01-16T03:35:19.000+05:45
10358,569268,14,32.44,NP,2025-07-26T05:18:49.000+05:45
10120,569370,185,375.29,DE,2023-05-28T15:13:01.000+05:45
10257,569717,71,11.4,IN,2026-02-22T02:14:01.000+05:45
10106,571375,484,1.51,NP,2025-04-30T08:15:56.000+05:45
10002,573562,307,36.9,US,2026-05-16T09:05:19.000+05:45
10207,574031,315,281.04,NP,2023-06-01T00:57:45.000+05:45
10485,574792,290,29.61,NP,2024-02-08T12:36:09.000+05:45
10467,576021,96,31.52,DE,2025-09-17T06:32:59.000+05:45
10385,576157,281,69.38,NP,2026-06-17T01:05:16.000+05:45
10258,577019,200,24.22,NP,2023-07-28T07:15:48.000+05:45
10220,577333,281,31.6,NP,2023-11-09T06:35:44.000+05:45
10328,578389,482,7.24,IN,2026-02-19T19:46:04.000+05:45
10111,578477,18,60.64,NP,2025-01-14T01:10:55.000+05:45
10385,579339,343,6.44,NP,2024-03-18T21:19:47.000+05:45
10375,580779,50,218.54,NP,2025-01-09T22:18:05.000+05:45
10010,584557,21,79.06,NP,2023-05-10T13:45:19.000+05:45
10028,588120,156,20.6,JP,2023-09-12T18:42:52.000+05:45
10111,589546,113,177.24,NP,2025-05-04T10:41:13.000+05:45
10123,589564,281,122.5,NP,2024-08-26T11:15:31.000+05:45
10243,590176,150,166.43,JP,2024-01-19T07:41:04.000+05:45
10472,592227,287,66.14,US,2025-11-05T07:04:00.000+05:45
10272,593744,310,217.52,NP,2024-06-21T12:32:08.000+05:45
10252,597307,44,99.33,NP,2024-12-02T09:00:55.000+05:45
10410,597440,401,9.39,NP,2023-10-05T14:33:18.000+05:45
10129,597548,455,33.05,NP,2026-03-25T05:50:09.000+05:45
10315,597575,485,35.43,NP,2025-07-08T02:20:23.000+05:45
10247,597939,158,93.19,NP,2024-04-12T17:00:20.000+05:45
10363,598402,452,57.39,NP,2023-10-27T23:44:50.000+05:45
10184,598855,453,235.07,NP,2025-02-14T09:13:02.000+05:45
10039,599465,250,19.3,NP,2024-12-26T06:47:47.000+05:45
10081,600274,210,23.26,NP,2025-03-30T02:42:52.000+05:45
10429,601472,11,43.97,NP,2026-04-25T07:08:15.000+05:45
10254,601822,333,109.26,NP,2023-03-05T02:25:48.000+05:45
10053,602991,331,83.34,NP,2025-06-05T08:20:49.000+05:45
10394,603729,184,105.56,US,2025-11-18T08:23:36.000+05:45
10379,604863,67,86.39,NP,2026-05-25T01:39:47.000+05:45
10273,604904,41,157.04,NP,2023-01-29T22:37:22.000+05:45
10119,605456,27,341.57,NP,2023-07-10T08:13:12.000+05:45
10391,606449,104,53.7,NP,2025-04-10T18:19:47.000+05:45
10095,607188,22,67.77,NP,2025-04-05T03:32:37.000+05:45
10319,607241,320,63.14,NP,2026-05-29T07:23:09.000+05:45
10138,608965,37,46.83,NP,2024-09-08T06:29:19.000+05:45
10394,609216,500,239.58,NP,2025-05-10T17:26:53.000+05:45
10154,609807,427,51.44,NP,2024-09-05T05:30:47.000+05:45
10456,613301,406,75.08,NP,2025-09-18T05:46:30.000+05:45
10202,613700,282,46.29,US,2023-12-24T08:55:22.000+05:45
10003,613832,192,59.95,NP,2025-09-23T12:58:25.000+05:45
10271,614001,241,220.68,NP,2026-01-12T21:21:52.000+05:45
10346,615451,415,114.42,NP,2025-05-04T23:17:45.000+05:45
10276,615607,133,8.67,NP,2025-10-03T22:20:55.000+05:45
10121,615638,236,11.67,NP,2024-03-29T12:10:50.000+05:45
10474,615754,350,52.83,NP,2025-10-20T23:32:30.000+05:45
10103,616052,476,223.12,NP,2025-01-08T04:08:41.000+05:45
10317,616343,83,224.27,DE,2024-07-06T15:58:57.000+05:45
10118,616752,242,178.32,NP,2026-06-11T05:21:41.000+05:45
10397,618719,316,119.65,NP,2026-02-02T13:10:34.000+05:45
10131,619764,496,81.96,NP,2023-01-18T02:30:59.000+05:45
10094,620945,238,51.68,US,2024-07-07T22:30:08.000+05:45
10448,621760,428,200.92,NP,2023-03-20T14:28:39.000+05:45
10016,622139,228,31.64,NP,2025-06-25T02:26:55.000+05:45
10434,622783,197,81.49,NP,2025-01-07T20:33:27.000+05:45
10237,625447,54,51.64,NP,2025-05-08T10:56:00.000+05:45
10209,626487,486,94.96,NP,2023-02-09T16:36:17.000+05:45
10125,626764,268,56.89,NP,2026-01-05T13:16:15.000+05:45
10410,627283,319,117.34,IN,2024-07-09T21:30:45.000+05:45
10405,627518,257,40.25,NP,2025-06-17T04:06:56.000+05:45
10334,627620,137,7.19,US,2024-12-17T15:06:17.000+05:45
10389,628071,206,57.45,GB,2025-09-19T14:02:47.000+05:45
10234,631940,70,14.13,AU,2024-03-14T19:53:02.000+05:45
10214,632729,335,86.37,NP,2026-03-21T06:50:09.000+05:45
10297,635301,120,33.48,NP,2024-04-12T02:22:31.000+05:45
10228,635987,284,22.51,NP,2024-03-31T14:14:28.000+05:45
10042,636356,98,295.59,NP,2025-01-28T05:09:58.000+05:45
10091,636692,276,14.51,NP,2024-06-11T23:16:51.000+05:45
10355,636714,151,7.25,NP,2024-05-16T00:33:11.000+05:45
10500,637159,52,20.34,NP,2026-06-05T11:03:07.000+05:45
10294,638002,262,96.06,NP,2025-05-30T01:32:00.000+05:45
10256,638020,484,219.92,NP,2025-02-16T19:20:02.000+05:45
10302,638581,204,87.19,NP,2025-06-01T01:48:37.000+05:45
10229,638611,188,115.75,NP,2025-04-06T05:09:49.000+05:45
10263,638852,489,2.31,GB,2024-06-24T15:23:30.000+05:45
10209,639344,71,130.38,JP,2025-07-04T04:00:17.000+05:45
10106,639683,174,112.57,DE,2025-11-12T11:51:02.000+05:45
10036,640035,413,41.28,AU,2025-03-05T07:06:54.000+05:45
10244,641376,326,114.03,NP,2025-04-17T20:15:48.000+05:45
10325,641586,254,383.45,NP,2024-05-27T21:34:58.000+05:45
10228,642839,145,298.69,AU,2024-12-07T22:37:39.000+05:45
10079,642910,72,138.63,NP,2026-05-14T01:59:27.000+05:45
10017,642938,47,17.06,JP,2025-06-13T21:43:31.000+05:45
10163,643319,307,40.41,IN,2023-04-15T02:07:42.000+05:45
10347,645005,449,65.76,NP,2025-07-20T15:23:15.000+05:45
10467,645344,300,28.42,NP,2025-09-22T08:24:35.000+05:45
10185,645511,275,296.08,NP,2023-11-20T16:04:03.000+05:45
10419,645685,172,175.18,NP,2025-12-18T02:22:15.000+05:45
10384,647391,248,128.43,IN,2026-06-20T08:32:46.000+05:45
10040,648412,94,27.96,NP,2025-01-22T02:41:24.000+05:45
10108,648467,472,184.8,NP,2025-10-21T18:15:26.000+05:45
10197,650031,255,46.78,NP,2023-06-03T17:12:55.000+05:45
10343,650119,438,28.75,BR,2024-09-28T03:50:06.000+05:45
10130,651195,16,97.61,NP,2023-01-06T03:18:33.000+05:45
10308,653750,108,142.82,NP,2024-03-11T01:20:29.000+05:45
10414,657594,389,1.5,NP,2025-07-03T17:44:01.000+05:45
10146,657805,21,108.27,US,2024-02-26T04:58:44.000+05:45
10210,657987,69,36.09,NP,2023-08-03T02:12:26.000+05:45
10294,658086,492,62.7,NP,2025-06-23T06:41:29.000+05:45
10132,659479,228,32.79,IN,2023-10-11T15:09:50.000+05:45
10268,660629,400,190.73,NP,2024-11-09T05:04:46.000+05:45
10490,660633,239,272.02,JP,2026-02-03T15:00:37.000+05:45
10422,661195,98,35.72,NP,2025-12-19T11:45:19.000+05:45
10428,661349,13,195.42,IN,2024-01-05T14:22:19.000+05:45
10361,666829,360,115.8,GB,2023-11-20T13:16:56.000+05:45
10135,668980,415,221.19,NP,2023-03-08T22:20:01.000+05:45
10327,672962,195,48.29,NP,2024-06-24T03:39:33.000+05:45
10427,673524,490,82.95,JP,2026-06-06T21:09:54.000+05:45
10036,674190,116,1.31,NP,2024-09-25T23:45:44.000+05:45
10228,674585,208,91.75,NP,2025-04-14T08:39:29.000+05:45
10479,675676,381,31.62,IN,2025-09-17T17:26:18.000+05:45
10300,676968,113,212.9,NP,2025-09-11T15:19:10.000+05:45
10160,678351,381,123.67,AU,2023-05-28T08:01:33.000+05:45
10383,679666,402,70.55,NP,2024-10-16T01:21:55.000+05:45
10151,684478,206,25.74,US,2024-06-28T16:21:52.000+05:45
10194,686632,127,29.49,NP,2025-12-23T15:30:54.000+05:45
10268,686945,442,38.81,NP,2025-08-22T21:51:02.000+05:45
10172,688308,499,107.5,NP,2023-03-19T11:37:29.000+05:45
10499,689104,6,18.81,US,2025-06-18T14:29:38.000+05:45
10132,689342,383,14.76,NP,2025-03-24T23:13:12.000+05:45
10066,690018,489,50.64,NP,2024-07-22T02:51:42.000+05:45
10010,690489,209,117.37,NP,2025-08-22T01:14:15.000+05:45
10061,692266,5,2.46,NP,2023-11-05T01:34:15.000+05:45
10019,692338,253,14.21,GB,2025-07-01T04:26:57.000+05:45
10433,692833,348,114.86,NP,2023-05-09T22:25:12.000+05:45
10402,693814,489,137.39,NP,2023-03-28T07:37:18.000+05:45
10072,694609,221,86.93,NP,2023-11-18T05:30:50.000+05:45
10025,695519,351,79.84,AU,2025-02-23T20:31:14.000+05:45
10194,695582,153,116.56,DE,2024-12-26T08:46:53.000+05:45
10440,696331,490,6.82,NP,2024-12-31T11:35:29.000+05:45
10190,698929,363,77.94,US,2024-06-24T11:11:29.000+05:45
10206,699245,459,37.87,NP,2026-05-19T03:56:03.000+05:45
10157,699886,203,137.83,NP,2024-04-08T13:54:07.000+05:45
10043,700638,312,46.62,NP,2023-05-04T23:43:19.000+05:45
10382,701451,475,64.52,IN,2024-12-03T21:21:23.000+05:45
10289,701456,489,165.22,NP,2023-07-12T12:21:39.000+05:45
10374,701552,216,17.17,JP,2024-05-29T12:21:39.000+05:45
10115,702926,356,117.87,NP,2025-12-29T15:59:47.000+05:45
10341,703896,285,29.53,GB,2025-09-08T04:19:00.000+05:45
10377,706352,241,28.77,NP,2026-03-29T16:01:23.000+05:45
10235,707168,99,3.81,NP,2023-05-12T11:32:28.000+05:45
10165,708023,225,86.44,IN,2024-01-02T08:24:57.000+05:45
10366,708165,443,87.54,NP,2026-03-15T10:09:27.000+05:45
10061,709941,306,48.05,NP,2026-02-03T20:58:01.000+05:45
10126,712083,183,33.0,US,2024-04-30T05:42:06.000+05:45
10189,713306,147,58.34,NP,2023-09-23T11:22:33.000+05:45
10075,714479,255,5.98,DE,2026-04-07T07:42:08.000+05:45
10130,715357,438,161.14,NP,2023-07-25T12:48:40.000+05:45
10204,717115,101,32.72,NP,2023-04-07T16:51:51.000+05:45
10229,717303,387,92.54,JP,2023-11-06T04:09:19.000+05:45
10480,718943,233,95.16,NP,2025-10-25T20:48:36.000+05:45
10345,721012,29,10.74,IN,2023-07-26T06:25:41.000+05:45
10195,723726,212,50.65,NP,2024-04-16T22:32:43.000+05:45
10357,724433,386,55.7,AU,2024-10-17T10:46:09.000+05:45
10437,725242,92,185.42,IN,2024-10-22T21:49:36.000+05:45
10012,725374,116,53.79,NP,2023-05-31T01:34:23.000+05:45
10360,726040,36,150.5,NP,2026-05-12T01:44:33.000+05:45
10278,726487,244,95.68,NP,2023-11-14T15:48:34.000+05:45
10152,726946,459,112.43,US,2024-12-05T08:56:19.000+05:45
10048,729136,8,42.52,NP,2024-04-10T08:20:01.000+05:45
10323,731430,500,10.97,NP,2023-05-07T11:35:38.000+05:45
10475,731518,383,155.99,IN,2023-08-03T19:44:04.000+05:45
10327,732149,342,203.45,IN,2024-02-21T03:29:27.000+05:45
10283,732594,372,29.38,NP,2025-02-21T21:08:19.000+05:45
10143,734203,361,89.99,BR,2023-02-03T14:24:49.000+05:45
10159,734561,144,9.95,NP,2024-08-13T04:15:25.000+05:45
10169,736063,41,8.82,NP,2024-04-16T01:49:24.000+05:45
10081,736849,447,15.7,NP,2025-08-29T15:03:58.000+05:45
10294,738003,46,24.28,NP,2026-01-07T06:51:22.000+05:45
10459,738009,423,29.15,NP,2024-10-04T00:19:57.000+05:45
10436,739385,119,93.94,NP,2024-09-04T11:25:55.000+05:45
10040,741541,436,37.32,NP,2025-09-06T10:15:25.000+05:45
10316,741605,472,133.26,IN,2026-06-17T02:54:38.000+05:45
10115,741805,143,64.9,US,2023-01-11T16:34:52.000+05:45
10226,743507,450,155.72,NP,2025-06-03T06:48:21.000+05:45
10005,743718,132,90.82,AU,2025-04-13T21:44:06.000+05:45
10230,744201,403,79.24,NP,2024-04-30T22:06:23.000+05:45
10291,748198,163,2.14,NP,2026-03-27T15:24:41.000+05:45
10047,750720,78,19.74,AU,2024-06-12T22:12:11.000+05:45
10173,751943,300,186.0,NP,2024-06-20T10:08:23.000+05:45
10404,754741,330,72.0,US,2023-11-17T07:10:13.000+05:45
10302,755612,299,78.5,NP,2024-03-04T23:50:35.000+05:45
10152,758292,211,47.4,DE,2025-12-16T15:37:47.000+05:45
10217,759733,161,119.65,DE,2023-07-20T02:26:13.000+05:45
10221,759796,468,172.82,NP,2024-05-13T11:17:26.000+05:45
10231,761437,416,231.45,NP,2024-08-06T06:33:29.000+05:45
10443,762086,313,98.52,NP,2026-06-22T13:15:26.000+05:45
10466,765370,329,74.16,NP,2024-12-19T22:17:09.000+05:45
10068,765751,109,51.01,NP,2023-06-05T11:08:50.000+05:45
10400,766909,462,155.8,NP,2023-03-27T13:24:39.000+05:45
10462,767596,176,114.88,NP,2025-10-04T20:11:25.000+05:45
10339,767781,23,59.57,IN,2025-02-19T01:00:44.000+05:45
10464,772542,4,2.09,NP,2025-02-27T23:23:53.000+05:45
10268,775063,340,14.81,NP,2023-09-29T10:20:19.000+05:45
10267,778757,120,94.23,NP,2026-01-29T08:54:23.000+05:45
10485,779316,394,91.4,IN,2023-02-17T08:16:56.000+05:45
10095,779356,119,84.53,IN,2024-11-25T13:31:14.000+05:45
10180,782585,471,4.78,NP,2025-02-27T10:37:10.000+05:45
10005,785763,460,5.7,NP,2025-05-22T12:54:00.000+05:45
10469,786662,260,39.21,IN,2024-01-29T01:53:44.000+05:45
10472,787161,21,31.23,JP,2025-12-28T17:09:23.000+05:45
10210,787485,484,125.29,US,2023-02-05T09:45:02.000+05:45
10212,787970,467,44.75,NP,2023-11-07T03:26:53.000+05:45
10179,790210,340,26.59,IN,2023-09-30T15:41:17.000+05:45
10235,790328,79,33.91,NP,2024-05-02T08:00:50.000+05:45
10206,792907,243,149.23,NP,2024-08-03T06:21:16.000+05:45
10305,793476,106,151.32,NP,2024-01-13T01:20:52.000+05:45
10024,793495,499,13.64,IN,2024-11-22T16:46:17.000+05:45
10275,794765,486,116.45,NP,2026-03-17T22:55:02.000+05:45
10491,795372,479,93.62,NP,2023-04-28T07:41:54.000+05:45
10202,797365,266,81.1,NP,2025-07-02T18:42:17.000+05:45
10046,798507,339,13.97,NP,2025-02-07T01:41:06.000+05:45
10444,798925,275,55.99,NP,2026-02-24T16:06:11.000+05:45
10298,799771,250,61.6,NP,2024-12-01T14:15:19.000+05:45
10329,800237,285,108.23,AU,2024-10-21T13:57:58.000+05:45
10126,800383,363,83.71,NP,2023-07-05T23:29:11.000+05:45
10364,801037,148,5.8,NP,2023-07-30T19:47:32.000+05:45
10207,801475,127,71.1,GB,2024-01-26T05:12:38.000+05:45
10486,802618,286,141.21,US,2023-03-28T18:11:12.000+05:45
10152,802673,444,199.22,NP,2025-04-28T08:39:12.000+05:45
10032,803013,310,27.42,NP,2026-04-10T03:05:28.000+05:45
10378,803089,125,93.72,NP,2024-03-09T07:59:52.000+05:45
10156,803227,329,166.91,NP,2024-05-18T09:23:48.000+05:45
10372,803353,235,87.94,NP,2026-01-30T16:41:45.000+05:45
10241,805179,186,23.21,NP,2024-08-08T10:28:32.000+05:45
10073,805641,47,46.02,NP,2024-03-21T23:41:38.000+05:45
10358,807392,38,162.28,NP,2024-10-23T01:03:58.000+05:45
10164,809067,408,1.65,US,2025-02-10T00:21:54.000+05:45
10423,809112,111,40.19,NP,2025-07-07T13:28:33.000+05:45
10221,809851,162,36.87,NP,2025-01-23T01:05:23.000+05:45
10489,810973,82,57.34,GB,2025-05-25T00:24:13.000+05:45
10217,812870,234,104.09,DE,2026-02-23T14:23:42.000+05:45
10284,813515,272,27.78,NP,2025-08-20T01:23:48.000+05:45
10191,814356,39,37.21,NP,2024-08-01T10:24:13.000+05:45
10408,814882,343,48.09,GB,2025-01-17T10:20:24.000+05:45
10122,815829,423,77.5,NP,2023-03-28T05:25:58.000+05:45
10032,816850,154,373.65,NP,2024-05-19T16:51:57.000+05:45
10079,816859,404,115.15,NP,2026-03-03T08:01:01.000+05:45
10453,818903,355,17.26,US,2024-04-21T17:19:20.000+05:45
10392,820090,473,40.55,NP,2024-07-12T03:05:26.000+05:45
10158,821531,417,74.69,JP,2024-10-08T06:19:09.000+05:45
10258,823156,81,98.17,IN,2024-10-17T07:18:41.000+05:45
10103,823986,240,226.9,DE,2024-10-31T16:16:43.000+05:45
10336,826070,132,23.81,BR,2026-06-25T00:03:32.000+05:45
10481,826733,447,52.45,NP,2026-05-05T12:06:47.000+05:45
10167,826923,193,154.47,IN,2026-05-06T19:01:07.000+05:45
10191,827902,229,48.21,DE,2023-07-02T01:49:16.000+05:45
10002,829739,153,28.75,NP,2023-09-02T04:59:40.000+05:45
10374,830143,227,24.75,NP,2025-03-14T01:20:12.000+05:45
10488,830361,179,84.34,NP,2024-05-17T20:13:43.000+05:45
10161,830865,189,262.21,NP,2024-07-17T23:43:48.000+05:45
10284,831303,80,155.01,IN,2024-02-04T11:12:59.000+05:45
10152,832774,491,97.49,BR,2024-11-18T21:13:07.000+05:45
10166,832778,453,68.41,NP,2024-09-17T17:48:14.000+05:45
10498,839450,153,26.46,NP,2025-09-12T23:00:14.000+05:45
10294,839752,321,2.62,NP,2026-06-09T16:56:37.000+05:45
10418,839815,223,45.79,NP,2024-02-09T21:09:44.000+05:45
10184,842305,297,148.41,NP,2023-09-01T19:15:14.000+05:45
10482,844075,89,231.17,NP,2024-03-10T10:36:11.000+05:45
10341,844101,81,69.6,BR,2023-07-28T14:59:58.000+05:45
10421,847151,90,102.72,AU,2025-02-22T20:19:33.000+05:45
10151,848264,466,66.5,NP,2024-04-05T11:47:35.000+05:45
10048,849417,195,5.65,NP,2024-12-05T07:08:54.000+05:45
10189,851359,469,76.65,NP,2024-03-29T08:30:01.000+05:45
10378,851369,306,1.67,NP,2025-08-22T05:15:48.000+05:45
10178,851697,484,130.63,NP,2026-06-20T08:11:38.000+05:45
10095,854869,197,141.77,US,2025-08-31T16:07:37.000+05:45
10226,854900,340,2.53,JP,2024-05-03T05:15:31.000+05:45
10330,855094,432,18.38,DE,2023-07-21T05:02:10.000+05:45
10343,855211,218,163.68,NP,2023-12-08T03:12:55.000+05:45
10323,855701,48,69.01,NP,2026-02-08T21:43:29.000+05:45
10422,856182,195,22.58,DE,2023-04-09T13:10:35.000+05:45
10427,857152,205,37.61,JP,2026-06-23T15:34:17.000+05:45
10030,857182,54,31.14,IN,2025-10-16T12:49:58.000+05:45
10334,857595,491,28.99,NP,2025-05-29T15:19:14.000+05:45
10202,858927,227,288.6,NP,2025-12-12T17:59:27.000+05:45
10284,859860,257,41.0,NP,2025-04-13T12:56:14.000+05:45
10315,860658,343,212.31,US,2024-01-09T21:59:43.000+05:45
10200,860969,120,54.29,US,2023-10-06T20:56:34.000+05:45
10332,861867,440,420.47,JP,2025-11-02T13:59:06.000+05:45
10364,864150,132,77.45,NP,2024-03-03T12:08:41.000+05:45
10449,865962,125,137.86,NP,2024-03-18T21:36:20.000+05:45
10149,866040,449,177.21,US,2025-12-20T00:21:25.000+05:45
10446,866959,409,26.59,NP,2025-08-03T14:14:02.000+05:45
10178,870259,244,37.3,NP,2023-04-11T17:06:14.000+05:45
10259,871345,364,36.36,DE,2023-08-15T20:13:53.000+05:45
10158,871699,446,35.74,DE,2025-02-02T05:28:46.000+05:45
10498,872734,313,14.13,NP,2026-05-22T06:01:27.000+05:45
10371,872983,137,126.95,NP,2025-04-09T15:37:19.000+05:45
10145,872985,317,142.22,GB,2026-06-01T02:41:00.000+05:45
10140,875284,339,64.45,NP,2024-02-10T08:18:07.000+05:45
10090,876873,15,199.76,NP,2024-02-29T22:12:17.000+05:45
10270,876923,360,17.62,NP,2025-08-24T06:12:31.000+05:45
10018,877507,335,15.55,US,2023-02-10T14:16:31.000+05:45
10085,877850,249,13.86,NP,2024-06-18T13:14:05.000+05:45
10055,878609,325,71.75,NP,2025-06-15T18:22:02.000+05:45
10482,880184,333,42.99,IN,2025-03-20T11:36:56.000+05:45
10466,880556,8,52.59,DE,2025-01-21T19:40:31.000+05:45
10016,881522,185,6.23,NP,2026-01-18T02:19:04.000+05:45
10122,881587,476,79.48,NP,2024-08-17T22:46:27.000+05:45
10458,881988,187,44.34,NP,2024-05-04T17:59:22.000+05:45
10140,883825,355,38.08,NP,2024-01-28T15:30:06.000+05:45
10061,884531,205,3.82,US,2025-05-01T18:38:08.000+05:45
10076,884712,164,225.27,NP,2023-07-14T17:58:27.000+05:45
10480,884856,446,281.38,NP,2024-04-02T22:57:39.000+05:45
10069,885246,115,216.35,NP,2023-12-05T01:53:03.000+05:45
10154,887012,239,46.77,NP,2024-09-08T18:24:15.000+05:45
10101,888828,313,17.49,IN,2024-03-28T14:00:51.000+05:45
10049,890829,353,22.17,US,2024-02-07T15:38:45.000+05:45
10141,893317,142,107.89,NP,2025-06-10T02:23:47.000+05:45
10391,894361,423,45.59,US,2026-03-29T18:26:22.000+05:45
10241,896568,174,130.83,NP,2024-04-24T00:40:18.000+05:45
10208,900316,471,64.39,NP,2025-01-10T07:34:25.000+05:45
10228,900499,191,2.26,NP,2023-03-28T20:47:52.000+05:45
10007,900541,76,10.95,NP,2025-04-28T00:31:10.000+05:45
10461,901019,299,16.39,US,2025-03-22T04:35:40.000+05:45
10313,903272,319,134.21,JP,2026-01-30T01:12:04.000+05:45
10027,905660,493,97.91,NP,2024-12-14T14:48:31.000+05:45
10139,909045,5,55.32,JP,2024-07-08T08:08:18.000+05:45
10240,910335,168,14.19,NP,2023-10-13T17:36:05.000+05:45
10127,910669,444,3.37,NP,2024-12-26T00:45:00.000+05:45
10142,910689,484,28.15,NP,2025-10-17T08:34:36.000+05:45
10500,910811,91,341.47,NP,2025-04-03T03:52:27.000+05:45
10334,913615,244,98.88,NP,2024-07-14T16:40:14.000+05:45
10450,913744,152,9.0,IN,2024-02-25T01:12:55.000+05:45
10490,913945,81,31.69,NP,2024-08-23T22:19:33.000+05:45
10477,915464,376,118.45,NP,2025-11-21T02:42:19.000+05:45
10032,917307,200,64.07,NP,2025-06-10T03:10:19.000+05:45
10208,917479,450,109.27,NP,2024-06-08T23:06:44.000+05:45
10164,917551,361,115.67,IN,2024-01-27T16:55:57.000+05:45
10219,918364,155,11.01,NP,2026-01-12T03:08:04.000+05:45
10309,918948,325,128.57,DE,2025-03-30T19:35:57.000+05:45
10311,919738,107,9.86,NP,2026-04-01T18:02:35.000+05:45
10152,921695,293,76.37,DE,2026-05-25T20:42:07.000+05:45
10222,922493,402,267.06,NP,2024-05-23T23:59:04.000+05:45
10373,923586,410,73.34,GB,2024-12-17T16:23:22.000+05:45
10469,924717,272,177.79,AU,2025-01-20T00:48:46.000+05:45
10222,925468,79,47.81,JP,2024-08-11T04:14:35.000+05:45
10385,925884,197,15.48,NP,2023-12-12T01:25:18.000+05:45
10337,925956,391,4.62,BR,2024-12-06T18:51:56.000+05:45
10427,926629,89,55.1,NP,2023-07-14T09:32:42.000+05:45
10416,928688,259,45.2,AU,2023-04-02T01:26:25.000+05:45
10088,929542,153,39.44,NP,2026-01-08T20:52:42.000+05:45
10264,929885,7,32.82,US,2024-01-19T11:32:10.000+05:45
10417,931656,231,80.94,NP,2024-11-30T17:11:21.000+05:45
10349,932627,274,37.11,NP,2026-03-22T01:11:10.000+05:45
10157,932986,429,25.81,JP,2023-12-08T05:19:18.000+05:45
10459,936575,259,131.98,NP,2026-01-02T00:03:26.000+05:45
10482,936690,8,18.02,NP,2023-01-29T15:44:24.000+05:45
10063,938673,262,34.83,NP,2023-10-13T16:23:16.000+05:45
10350,938897,428,30.83,NP,2023-06-19T10:59:16.000+05:45
10326,940643,194,39.84,GB,2026-06-19T16:49:32.000+05:45
10318,940804,382,47.76,NP,2024-01-24T22:30:38.000+05:45
10319,941706,94,14.82,AU,2026-04-17T11:54:41.000+05:45
10475,942503,389,54.86,NP,2023-07-26T14:19:16.000+05:45
10135,943327,482,62.53,BR,2026-03-27T21:37:18.000+05:45
10262,944181,273,55.89,NP,2026-03-01T18:54:55.000+05:45
10163,945452,390,31.62,NP,2024-03-14T21:10:03.000+05:45
10425,948106,388,33.77,AU,2025-09-28T01:26:21.000+05:45
10385,948151,202,163.03,NP,2026-01-11T06:47:32.000+05:45
10477,949022,268,134.41,NP,2025-09-22T12:07:21.000+05:45
10476,949509,266,12.71,NP,2026-05-04T13:35:42.000+05:45
10285,949752,85,9.96,NP,2024-10-15T04:10:48.000+05:45
10229,950324,83,93.42,JP,2023-12-30T06:56:23.000+05:45
10445,954780,15,58.15,NP,2023-12-28T04:35:16.000+05:45
10341,955728,345,82.94,US,2025-10-04T20:27:32.000+05:45
10357,957118,233,18.33,NP,2023-11-14T22:35:34.000+05:45
10152,959544,335,29.23,NP,2026-05-27T19:22:53.000+05:45
10462,960977,418,7.38,NP,2023-09-22T06:00:13.000+05:45
10461,962387,240,87.69,NP,2025-09-22T05:38:24.000+05:45
10023,963311,455,12.7,NP,2024-07-04T07:05:25.000+05:45
10455,963637,37,270.8,DE,2024-06-29T21:18:28.000+05:45
10037,964984,68,127.49,BR,2025-05-10T11:11:01.000+05:45
10383,967044,246,60.84,NP,2026-03-19T02:50:11.000+05:45
10180,967549,174,205.98,AU,2024-11-08T19:36:56.000+05:45
10244,967783,36,3.35,NP,2025-11-18T17:53:39.000+05:45
10179,967891,178,72.49,US,2025-05-15T13:23:21.000+05:45
10486,969550,123,15.59,NP,2023-09-01T08:38:10.000+05:45
10310,971194,267,1.96,AU,2024-11-12T06:34:55.000+05:45
10213,972652,461,161.87,DE,2026-03-08T13:19:40.000+05:45
10117,976970,84,73.81,NP,2026-01-28T17:29:21.000+05:45
10187,980061,252,24.69,US,2024-08-13T18:57:33.000+05:45
10250,980695,167,119.75,NP,2025-06-06T04:51:25.000+05:45
10078,986743,446,277.77,US,2025-06-24T03:12:42.000+05:45
10036,987557,448,6.87,NP,2023-06-27T20:36:10.000+05:45
10277,988312,444,61.28,NP,2026-06-16T16:09:57.000+05:45
10237,989010,19,102.23,NP,2025-12-28T02:51:15.000+05:45
10492,989139,135,9.13,NP,2023-11-27T03:49:44.000+05:45
10488,989524,160,123.2,NP,2025-04-11T03:42:29.000+05:45
10011,990110,457,219.9,AU,2025-09-22T06:54:11.000+05:45
10290,994051,27,228.53,JP,2026-01-22T11:30:45.000+05:45
10478,994780,135,244.42,NP,2024-07-13T00:13:52.000+05:45
10278,995213,119,209.16,NP,2025-03-30T11:40:43.000+05:45
10486,998169,460,165.33,NP,2026-03-04T07:36:01.000+05:45
10053,998217,311,69.59,NP,2026-03-13T09:19:57.000+05:45
10447,998258,402,91.81,IN,2023-11-03T02:39:39.000+05:45
10150,998368,22,79.23,NP,2025-09-24T01:18:26.000+05:45
10386,999701,72,46.12,NP,2025-02-26T00:44:31.000+05:45
10035,505,283,14.51,NP,2025-01-28T12:00:25.000+05:45
10485,1385,275,115.72,NP,2023-08-24T07:13:59.000+05:45
10194,1614,376,51.37,GB,2023-04-16T03:09:48.000+05:45
10119,2315,372,49.09,NP,2024-10-18T13:35:20.000+05:45
10096,2983,292,80.62,NP,2023-01-18T13:10:34.000+05:45
10362,2991,83,82.24,NP,2024-01-11T14:30:54.000+05:45
10013,3897,7,20.55,JP,2024-09-02T20:17:27.000+05:45
10330,3934,83,78.79,NP,2023-02-18T11:13:38.000+05:45
10272,5131,171,21.27,NP,2023-06-28T16:04:16.000+05:45
10011,5521,16,123.19,NP,2023-03-03T00:42:53.000+05:45
10172,5840,486,107.31,NP,2025-04-01T05:18:59.000+05:45
10442,9195,324,87.15,NP,2023-11-26T19:40:55.000+05:45
10071,10137,466,25.99,NP,2024-08-23T11:54:41.000+05:45
10329,10561,421,163.06,NP,2026-06-04T05:42:20.000+05:45
10223,11856,70,174.76,NP,2025-01-30T11:45:02.000+05:45
10369,15524,135,19.51,NP,2023-08-07T10:40:02.000+05:45
10208,16428,449,83.95,NP,2025-12-25T02:15:29.000+05:45
10166,17012,77,73.57,NP,2024-11-13T02:35:11.000+05:45
10474,17443,134,43.94,BR,2023-12-26T00:48:13.000+05:45
10156,17848,489,181.21,NP,2024-04-21T18:20:58.000+05:45
10349,18627,296,181.71,DE,2023-08-11T23:53:07.000+05:45
10260,20591,219,162.33,NP,2025-03-13T19:30:27.000+05:45
10106,22246,197,185.91,NP,2024-06-01T15:22:28.000+05:45
10385,25399,439,104.0,NP,2023-11-02T02:55:37.000+05:45
10174,26325,121,20.31,NP,2024-03-29T05:22:18.000+05:45
10146,26952,8,28.11,NP,2023-02-10T10:25:02.000+05:45
10466,28453,374,175.3,NP,2024-02-03T13:33:31.000+05:45
10410,28471,447,126.43,IN,2025-09-06T13:13:26.000+05:45
10202,28679,143,339.48,US,2024-07-15T05:31:16.000+05:45
10270,28931,304,7.57,US,2025-04-30T20:02:20.000+05:45
10016,31978,144,69.87,DE,2023-03-20T23:03:49.000+05:45
10369,33034,210,152.34,NP,2023-09-24T08:55:34.000+05:45
10353,33290,486,102.2,NP,2024-05-09T23:05:56.000+05:45
10404,34621,203,62.14,NP,2024-02-12T12:54:02.000+05:45
10444,35344,306,143.6,NP,2023-10-30T03:22:35.000+05:45
10012,35929,131,15.58,NP,2026-06-20T13:42:19.000+05:45
10374,37236,55,62.04,NP,2024-09-16T16:48:55.000+05:45
10483,39494,18,27.78,AU,2025-03-12T12:59:32.000+05:45
10441,39750,386,43.78,NP,2023-02-21T23:35:32.000+05:45
10057,40944,130,14.83,BR,2024-08-08T14:25:21.000+05:45
10403,41877,479,77.58,NP,2025-08-10T09:44:24.000+05:45
10190,43806,200,82.0,GB,2025-06-25T18:26:14.000+05:45
10129,44105,125,408.98,NP,2024-11-25T05:02:12.000+05:45
10361,46071,470,25.56,NP,2026-01-01T01:38:08.000+05:45
10459,46457,99,45.67,NP,2025-06-03T08:20:47.000+05:45
10287,48441,456,22.6,DE,2023-12-01T05:11:08.000+05:45
10092,48683,321,28.33,NP,2023-02-27T15:18:39.000+05:45
10327,48720,60,289.96,IN,2026-05-28T01:39:45.000+05:45
10081,48748,434,35.75,NP,2026-04-02T11:20:37.000+05:45
10394,49603,308,75.47,DE,2024-09-17T15:54:05.000+05:45
10059,50230,206,108.62,NP,2024-01-15T04:22:43.000+05:45
10291,53147,392,7.62,IN,2026-04-30T12:41:37.000+05:45
10130,55493,448,135.88,NP,2023-10-24T02:08:33.000+05:45
10005,56821,239,8.45,US,2025-09-07T15:57:20.000+05:45
10030,58120,355,26.54,GB,2024-04-29T13:52:03.000+05:45
10069,58614,412,116.35,NP,2023-01-06T04:08:35.000+05:45
10222,58754,271,56.02,NP,2026-01-16T00:20:01.000+05:45
10291,61353,475,155.71,NP,2025-10-25T10:17:16.000+05:45
10107,62030,376,119.47,NP,2023-09-10T03:24:47.000+05:45
10217,62959,218,118.83,NP,2024-12-04T08:09:28.000+05:45
10150,63569,307,17.69,IN,2024-08-21T03:35:49.000+05:45
10456,65160,369,303.69,NP,2024-04-15T07:09:38.000+05:45
10337,65475,413,176.98,BR,2024-01-12T08:13:35.000+05:45
10475,65808,46,183.87,JP,2025-06-23T04:18:28.000+05:45
10261,66341,143,124.07,NP,2025-03-19T12:31:51.000+05:45
10132,67805,196,11.45,NP,2023-07-02T12:25:52.000+05:45
10496,67919,243,164.45,BR,2024-12-15T05:00:28.000+05:45
10428,68065,64,83.05,AU,2026-06-28T11:36:19.000+05:45
10334,68255,354,46.37,NP,2023-10-06T08:03:07.000+05:45
10059,73997,380,47.59,NP,2024-03-22T20:47:38.000+05:45
10420,75112,276,42.84,NP,2025-06-06T21:51:47.000+05:45
10303,76020,382,61.0,JP,2023-11-30T03:04:38.000+05:45
10133,76278,308,181.17,NP,2025-12-26T06:15:56.000+05:45
10490,76338,456,91.22,BR,2023-06-10T06:53:20.000+05:45
10224,76425,457,10.33,US,2023-08-24T19:19:13.000+05:45
10415,76747,71,97.69,IN,2024-06-10T09:32:22.000+05:45
10308,76915,307,43.38,JP,2024-09-08T20:20:12.000+05:45
10018,77171,97,191.81,IN,2023-01-14T19:57:40.000+05:45
10023,79241,484,141.53,NP,2026-06-21T00:56:55.000+05:45
10254,80596,39,26.2,NP,2026-04-14T06:36:50.000+05:45
10208,81522,403,42.66,NP,2025-09-04T17:34:26.000+05:45
10156,83094,124,117.12,IN,2026-04-30T21:08:00.000+05:45
10324,83381,31,265.96,NP,2023-02-24T00:16:33.000+05:45
10003,84106,203,130.66,NP,2024-10-02T00:12:39.000+05:45
10424,88560,74,135.5,AU,2023-06-25T18:09:52.000+05:45
10410,89752,225,2.73,NP,2025-12-30T04:09:45.000+05:45
10441,91540,137,104.08,NP,2024-10-06T19:46:00.000+05:45
10156,92472,190,48.1,DE,2025-11-30T21:38:13.000+05:45
10467,93335,218,15.8,NP,2025-03-20T00:45:55.000+05:45
10239,95248,95,15.57,BR,2026-01-08T10:34:21.000+05:45
10177,95857,353,64.09,NP,2026-03-31T05:26:48.000+05:45
10438,100961,483,12.2,NP,2025-08-11T14:43:19.000+05:45
10035,101471,330,90.13,NP,2025-01-30T18:11:47.000+05:45
10306,102975,104,115.18,NP,2023-12-10T17:29:15.000+05:45
10279,103732,260,33.17,GB,2024-06-18T19:39:57.000+05:45
10381,105227,69,73.26,IN,2025-04-21T09:23:42.000+05:45
10039,106370,228,78.9,NP,2024-11-14T15:28:05.000+05:45
10203,107140,490,27.75,US,2025-10-25T11:08:16.000+05:45
10357,108637,17,27.24,NP,2025-11-30T09:10:18.000+05:45
10436,110021,45,22.07,NP,2025-01-29T06:10:58.000+05:45
10194,110226,91,130.13,AU,2024-03-20T00:59:24.000+05:45
10239,110589,222,22.51,NP,2025-02-22T15:11:20.000+05:45
10423,111117,88,104.0,GB,2026-02-12T01:37:34.000+05:45
10115,113009,71,24.57,DE,2024-01-02T22:27:00.000+05:45
10004,117028,430,24.8,NP,2026-06-17T18:22:35.000+05:45
10399,118941,485,57.49,NP,2023-02-14T07:34:24.000+05:45
10377,118967,20,128.52,NP,2023-09-22T21:47:42.000+05:45
10408,119528,111,27.74,NP,2025-10-01T04:40:04.000+05:45
10293,119669,44,84.11,NP,2025-03-12T03:08:37.000+05:45
10466,120637,27,14.64,NP,2024-08-26T08:05:02.000+05:45
10424,121919,133,92.83,NP,2024-09-28T11:11:58.000+05:45
10289,122152,106,28.7,NP,2025-10-14T21:48:12.000+05:45
10207,122626,72,75.39,NP,2023-03-20T16:51:14.000+05:45
10382,122965,422,39.96,IN,2024-02-16T01:49:30.000+05:45
10443,123904,244,151.53,NP,2025-09-20T21:39:45.000+05:45
10457,125325,301,30.53,JP,2023-11-13T07:06:57.000+05:45
10261,126436,215,2.05,NP,2024-10-17T19:40:59.000+05:45
10020,126550,180,4.62,NP,2025-02-11T03:06:34.000+05:45
10379,127198,333,8.79,NP,2023-12-05T07:00:35.000+05:45
10472,127297,143,49.51,NP,2025-08-09T00:55:46.000+05:45
10172,127993,375,63.75,NP,2023-11-11T03:40:00.000+05:45
10429,129528,91,72.86,US,2025-11-17T17:06:37.000+05:45
10262,130340,353,55.36,NP,2023-01-28T01:10:02.000+05:45
10274,130439,143,27.27,NP,2025-12-04T19:49:23.000+05:45
10248,130504,168,30.12,IN,2024-02-22T10:29:36.000+05:45
10152,131174,389,25.68,NP,2025-02-21T11:31:38.000+05:45
10450,131228,450,28.45,NP,2025-06-11T07:34:58.000+05:45
10324,131385,45,9.63,NP,2024-10-27T17:31:59.000+05:45
10404,132632,102,26.97,IN,2023-12-26T01:30:52.000+05:45
10436,132860,112,74.66,JP,2024-04-21T22:22:32.000+05:45
10195,133317,369,37.01,US,2026-02-11T13:02:44.000+05:45
10245,133586,372,72.89,NP,2023-05-24T07:38:52.000+05:45
10281,135498,386,47.4,NP,2024-07-16T19:40:19.000+05:45
10185,135834,345,56.55,NP,2023-09-24T20:49:40.000+05:45
10089,136948,457,10.25,NP,2024-06-08T12:57:34.000+05:45
10212,139402,196,18.87,NP,2026-06-25T07:57:34.000+05:45
10254,139411,397,64.98,NP,2024-12-04T19:08:14.000+05:45
10329,139651,5,33.87,JP,2026-05-19T12:16:15.000+05:45
10179,140823,324,4.93,US,2025-02-05T05:53:13.000+05:45
10253,141829,60,161.9,US,2024-12-06T16:43:04.000+05:45
10394,141994,500,89.75,NP,2024-06-18T19:29:00.000+05:45
10087,142656,81,44.63,US,2023-06-02T14:47:22.000+05:45
10269,144578,244,7.09,NP,2026-05-13T22:04:00.000+05:45
10023,148593,220,13.93,NP,2025-11-15T10:56:12.000+05:45
10118,149889,115,58.48,NP,2023-10-13T11:29:13.000+05:45
10237,150388,138,14.85,NP,2023-03-12T02:16:29.000+05:45
10045,150863,351,367.48,NP,2024-04-13T22:30:20.000+05:45
10300,151901,391,90.06,AU,2026-01-10T21:46:58.000+05:45
10339,152446,416,168.58,IN,2024-12-26T05:02:33.000+05:45
10137,154195,285,104.67,DE,2023-06-04T16:34:19.000+05:45
10089,155859,247,65.82,DE,2025-06-06T06:27:03.000+05:45
10074,157255,467,26.74,NP,2023-03-02T10:41:52.000+05:45
10492,158323,64,21.49,NP,2024-08-15T18:48:06.000+05:45
10285,158512,309,22.79,NP,2025-09-17T14:30:01.000+05:45
10464,159702,307,27.31,NP,2023-10-22T23:19:57.000+05:45
10087,161271,458,4.88,NP,2023-09-13T20:41:19.000+05:45
10241,164709,308,111.38,NP,2023-09-12T22:48:00.000+05:45
10192,164751,59,63.88,NP,2023-11-07T14:11:00.000+05:45
10369,165100,198,14.73,US,2023-12-15T16:29:59.000+05:45
10086,165821,178,260.63,NP,2023-05-05T00:13:14.000+05:45
10172,168540,118,5.81,US,2025-01-10T02:55:02.000+05:45
10299,172417,137,108.23,JP,2024-10-24T08:19:13.000+05:45
10092,172441,465,101.91,NP,2024-05-01T00:59:28.000+05:45
10122,172681,298,218.02,GB,2023-04-28T22:50:34.000+05:45
10054,174891,168,19.08,DE,2024-02-02T00:19:12.000+05:45
10244,175256,236,249.56,NP,2024-07-29T10:45:15.000+05:45
10253,175364,186,18.06,BR,2025-04-20T03:40:32.000+05:45
10314,176217,224,19.46,IN,2024-05-07T17:57:34.000+05:45
10139,176711,224,86.33,NP,2024-01-12T00:52:16.000+05:45
10286,176828,255,54.48,NP,2025-05-15T15:52:53.000+05:45
10314,177242,192,415.69,IN,2023-09-29T19:29:02.000+05:45
10423,178023,465,56.47,NP,2023-03-18T00:40:13.000+05:45
10328,179710,43,7.91,NP,2025-07-13T13:59:51.000+05:45
10090,180048,60,168.42,NP,2025-10-16T14:16:58.000+05:45
10406,180480,62,195.61,NP,2023-08-02T19:38:10.000+05:45
10144,180877,242,9.4,NP,2023-04-24T02:47:32.000+05:45
10486,181509,57,207.4,JP,2025-08-11T01:21:34.000+05:45
10128,183808,355,141.01,GB,2024-03-13T23:35:46.000+05:45
10179,184528,409,158.54,NP,2023-02-27T02:37:47.000+05:45
10066,184537,54,25.3,GB,2023-06-18T02:52:46.000+05:45
10300,185218,18,83.3,NP,2023-07-17T21:44:36.000+05:45
10139,185751,263,15.66,IN,2024-01-09T15:30:01.000+05:45
10162,187479,452,173.48,NP,2024-10-07T11:15:39.000+05:45
10173,188543,483,202.48,NP,2024-06-20T19:28:39.000+05:45
10269,190352,72,65.51,NP,2024-01-08T01:17:36.000+05:45
10201,191000,226,166.59,NP,2025-10-21T02:09:24.000+05:45
10269,191365,390,25.42,NP,2025-03-22T10:26:47.000+05:45
10292,194330,137,56.0,NP,2025-05-14T18:52:05.000+05:45
10142,194461,409,42.84,IN,2026-05-22T07:46:20.000+05:45
10086,194831,129,88.81,NP,2025-05-03T21:03:41.000+05:45
10044,196781,333,8.19,NP,2024-01-15T12:46:54.000+05:45
10311,198192,288,66.14,NP,2026-02-16T02:48:16.000+05:45
10139,198748,309,23.09,NP,2024-07-07T11:31:19.000+05:45
10467,200113,253,136.47,AU,2025-12-29T20:09:01.000+05:45
10191,200626,403,27.52,IN,2026-05-15T23:26:17.000+05:45
10023,200967,263,21.07,NP,2026-05-29T00:36:24.000+05:45
10349,201779,454,55.18,NP,2025-02-21T05:52:53.000+05:45
10327,202130,334,30.68,NP,2023-10-19T04:39:30.000+05:45
10289,202279,203,188.9,NP,2023-07-28T08:05:59.000+05:45
10345,203627,12,120.36,NP,2025-10-06T05:38:08.000+05:45
10322,203754,417,224.02,NP,2024-08-20T16:59:22.000+05:45
10081,204433,136,196.57,JP,2025-05-01T15:37:43.000+05:45
10308,204557,81,13.75,NP,2024-08-14T20:05:23.000+05:45
10489,205100,296,117.3,US,2026-01-09T06:16:51.000+05:45
10067,205125,97,5.56,US,2026-02-16T18:31:03.000+05:45
10216,207002,315,196.78,DE,2025-12-01T11:49:53.000+05:45
10342,207557,94,35.32,NP,2025-04-26T15:17:23.000+05:45
10215,210255,281,157.66,NP,2025-04-16T10:29:48.000+05:45
10377,210306,286,31.8,JP,2023-05-19T18:52:27.000+05:45
10262,212332,28,115.21,NP,2024-08-30T16:28:11.000+05:45
10443,213407,385,40.48,AU,2024-01-30T16:11:02.000+05:45
10250,216834,111,197.48,NP,2025-12-26T23:02:29.000+05:45
10023,217632,199,28.6,BR,2024-08-09T09:59:33.000+05:45
10195,220301,229,12.27,NP,2025-10-01T23:11:58.000+05:45
10413,220538,101,168.21,NP,2024-09-05T17:34:54.000+05:45
10313,220728,291,8.31,NP,2026-02-04T10:56:16.000+05:45
10018,221413,135,115.81,IN,2025-03-23T09:41:08.000+05:45
10277,222102,171,22.35,NP,2026-05-19T13:27:55.000+05:45
10178,222379,214,369.49,US,2025-10-15T01:33:41.000+05:45
10451,222733,241,118.37,NP,2026-03-12T10:25:21.000+05:45
10494,224278,294,26.83,AU,2024-05-05T02:37:31.000+05:45
10392,224782,354,191.46,NP,2025-08-29T04:06:28.000+05:45
10363,225086,86,38.66,NP,2023-07-30T06:56:35.000+05:45
10017,225420,288,45.11,NP,2025-12-28T07:12:20.000+05:45
10208,226299,355,278.76,NP,2023-05-23T18:53:46.000+05:45
10077,228099,137,3.04,US,2026-03-21T03:05:19.000+05:45
10353,229382,17,83.27,IN,2024-11-12T07:50:36.000+05:45
10238,230206,250,6.57,NP,2023-12-21T09:43:16.000+05:45
10412,230737,424,37.32,NP,2023-05-28T17:56:22.000+05:45
10194,231190,413,72.84,NP,2024-12-02T22:09:10.000+05:45
10422,232498,244,131.55,NP,2024-11-28T04:28:07.000+05:45
10340,232772,221,105.36,NP,2025-04-02T07:46:55.000+05:45
10146,233468,316,75.18,IN,2025-05-01T16:43:08.000+05:45
10408,234032,373,23.97,IN,2025-05-05T12:37:54.000+05:45
10313,235353,125,265.63,NP,2023-05-30T07:26:11.000+05:45
10274,235430,240,135.84,NP,2025-08-02T14:31:43.000+05:45
10124,236329,70,191.84,NP,2024-11-23T00:46:53.000+05:45
10160,241167,59,6.17,BR,2023-03-04T04:26:21.000+05:45
10225,241331,414,13.64,NP,2025-01-15T00:58:51.000+05:45
10048,244678,301,80.38,NP,2024-10-30T06:47:02.000+05:45
10232,245060,314,75.02,NP,2024-09-15T20:44:11.000+05:45
10419,245428,490,64.32,NP,2024-01-14T01:00:15.000+05:45
10240,247260,375,122.53,NP,2025-08-30T15:24:59.000+05:45
10456,249788,258,61.84,NP,2023-08-10T23:55:08.000+05:45
10275,251301,24,109.04,NP,2025-06-03T11:07:33.000+05:45
10251,251699,116,57.39,NP,2025-03-03T16:03:28.000+05:45
10494,251784,6,121.11,NP,2026-03-04T13:38:23.000+05:45
10245,252022,451,4.48,NP,2024-04-28T17:05:26.000+05:45
10282,252191,53,147.2,GB,2024-07-12T15:06:19.000+05:45
10403,252418,91,61.1,NP,2024-12-26T12:01:04.000+05:45
10184,253329,241,59.89,US,2025-09-24T21:09:44.000+05:45
10017,253724,214,19.11,GB,2024-01-06T07:32:40.000+05:45
10390,256158,123,31.65,NP,2025-09-11T03:49:30.000+05:45
10225,258359,313,401.14,AU,2025-07-19T09:13:34.000+05:45
10323,260487,308,2.01,NP,2026-06-15T02:10:06.000+05:45
10247,260534,335,20.9,NP,2025-11-14T19:56:11.000+05:45
10251,261032,343,316.09,JP,2024-01-24T06:43:15.000+05:45
10472,261220,466,2.17,NP,2025-08-06T18:32:54.000+05:45
10405,261564,484,5.38,NP,2024-11-11T06:01:20.000+05:45
10187,262013,432,70.12,NP,2023-03-30T05:19:48.000+05:45
10120,262204,179,29.97,NP,2025-06-25T19:13:16.000+05:45
10291,263593,321,112.66,NP,2024-01-19T21:59:35.000+05:45
10429,264121,236,6.25,NP,2025-10-04T14:09:07.000+05:45
10255,267111,198,63.19,NP,2026-01-30T13:47:26.000+05:45
10301,268036,294,23.13,NP,2023-01-11T02:17:36.000+05:45
10100,268163,210,116.11,DE,2023-10-25T11:15:09.000+05:45
10059,268352,352,28.73,NP,2025-11-19T19:40:18.000+05:45
10132,268647,321,60.94,IN,2024-01-29T01:25:11.000+05:45
10336,268822,390,166.22,NP,2023-12-24T16:47:39.000+05:45
10390,269851,54,5.9,NP,2025-06-02T15:36:35.000+05:45
10278,271004,20,92.36,NP,2025-01-04T13:53:01.000+05:45
10460,271643,345,28.91,NP,2023-04-20T22:27:29.000+05:45
10229,273420,250,13.34,NP,2024-07-28T22:31:00.000+05:45
10310,273785,402,170.52,DE,2023-03-31T21:41:22.000+05:45
10056,274474,214,19.2,AU,2025-12-24T03:06:41.000+05:45
10131,275564,104,140.64,IN,2024-06-26T09:49:01.000+05:45
10217,276814,226,62.45,US,2024-01-01T01:59:14.000+05:45
10462,277302,174,123.58,NP,2024-04-01T17:47:23.000+05:45
10146,278887,370,84.87,JP,2025-07-05T10:13:15.000+05:45
10423,279388,80,83.74,NP,2026-03-10T02:52:33.000+05:45
10251,279479,419,166.35,GB,2024-06-30T00:10:39.000+05:45
10316,282420,332,12.43,NP,2023-09-13T08:01:35.000+05:45
10195,283330,458,68.74,JP,2023-11-04T12:45:23.000+05:45
10177,285100,112,34.43,NP,2025-01-16T05:25:51.000+05:45
10469,286581,224,23.75,IN,2025-10-29T19:10:30.000+05:45
10181,287099,317,59.94,US,2023-06-14T00:28:10.000+05:45
10009,288133,426,44.66,NP,2026-05-20T18:08:52.000+05:45
10162,292265,125,24.68,US,2025-08-01T14:22:35.000+05:45
10464,292376,438,51.5,NP,2023-09-29T19:09:06.000+05:45
10333,292625,485,105.3,NP,2024-04-04T17:08:37.000+05:45
10482,294322,200,75.12,AU,2024-07-31T14:44:21.000+05:45
10050,294536,298,3.67,NP,2025-10-18T08:43:35.000+05:45
10114,294820,343,251.12,JP,2025-10-23T18:50:12.000+05:45
10079,297417,16,58.87,NP,2024-05-09T13:12:52.000+05:45
10293,298094,32,91.85,NP,2025-06-25T16:38:57.000+05:45
10390,299690,66,7.79,NP,2023-05-11T17:18:25.000+05:45
10155,300582,182,58.23,NP,2025-03-30T12:09:24.000+05:45
10137,302703,235,145.29,NP,2023-12-25T10:25:34.000+05:45
10383,303887,394,14.48,IN,2026-03-25T19:31:56.000+05:45
10233,304068,345,63.94,NP,2024-10-07T15:08:06.000+05:45
10210,306406,141,23.65,NP,2025-09-27T04:52:42.000+05:45
10363,306602,425,103.68,US,2024-06-13T22:52:04.000+05:45
10292,306681,355,46.34,NP,2026-01-23T21:30:13.000+05:45
10283,307517,317,88.43,JP,2025-08-23T17:38:03.000+05:45
10082,310297,205,9.96,US,2025-03-17T00:08:57.000+05:45
10326,310541,457,37.64,NP,2024-08-07T00:34:37.000+05:45
10400,310588,440,108.95,NP,2026-02-12T02:46:24.000+05:45
10416,312768,431,311.32,GB,2023-11-11T16:33:04.000+05:45
10271,312875,422,4.96,NP,2024-09-30T15:26:28.000+05:45
10333,313994,101,82.44,DE,2025-04-07T05:41:01.000+05:45
10057,314217,99,3.24,NP,2025-01-08T03:15:39.000+05:45
10278,314792,388,49.75,NP,2023-11-15T11:37:54.000+05:45
10369,315818,90,72.39,NP,2023-08-19T17:32:06.000+05:45
10227,318835,124,32.82,NP,2025-03-03T12:39:49.000+05:45
10412,320051,267,175.22,DE,2023-05-20T12:50:07.000+05:45
10294,320171,28,29.85,NP,2023-01-01T21:14:01.000+05:45
10103,322455,104,91.2,BR,2024-07-25T04:36:42.000+05:45
10498,323475,50,68.2,NP,2023-04-20T23:38:48.000+05:45
10411,324817,457,11.09,NP,2023-11-04T23:50:11.000+05:45
10086,329163,95,19.92,NP,2025-07-28T02:22:09.000+05:45
10444,331427,280,26.69,NP,2026-01-05T09:56:57.000+05:45
10283,333455,423,153.74,NP,2023-01-24T07:37:17.000+05:45
10243,334076,73,64.85,NP,2024-11-28T05:17:37.000+05:45
10253,334853,13,28.36,AU,2025-09-10T15:49:23.000+05:45
10237,336150,387,11.51,NP,2025-06-23T22:31:46.000+05:45
10475,338426,10,64.42,NP,2023-11-06T07:09:06.000+05:45
10289,338847,473,4.65,NP,2024-04-17T08:25:28.000+05:45
10358,339356,110,31.36,BR,2026-04-01T09:52:14.000+05:45
10159,339969,182,46.64,NP,2024-04-08T13:19:31.000+05:45
10213,340184,465,97.46,NP,2023-03-02T05:41:09.000+05:45
10166,340919,285,36.28,DE,2023-05-16T04:59:20.000+05:45
10485,341237,346,14.79,BR,2025-04-07T07:10:54.000+05:45
10144,343380,150,29.12,NP,2024-08-19T05:28:04.000+05:45
10305,350728,184,17.06,IN,2025-09-05T03:59:40.000+05:45
10343,353269,253,166.47,AU,2025-01-11T08:09:43.000+05:45
10125,353970,311,101.57,NP,2025-03-06T14:24:43.000+05:45
10284,356592,485,51.54,US,2026-05-08T13:26:53.000+05:45
10154,356622,134,67.49,IN,2026-03-16T16:36:52.000+05:45
10113,357555,339,51.85,JP,2025-04-05T12:21:41.000+05:45
10415,360097,62,29.34,NP,2024-06-13T20:37:55.000+05:45
10197,360409,106,24.62,BR,2024-12-05T12:58:01.000+05:45
10295,363578,111,77.72,AU,2024-08-26T20:32:47.000+05:45
10179,364274,258,7.08,NP,2025-07-27T02:57:22.000+05:45
10045,365737,377,12.18,NP,2025-07-12T02:31:20.000+05:45
10491,366443,265,69.86,NP,2025-09-24T13:42:25.000+05:45
10318,370375,173,36.72,IN,2025-01-16T14:03:20.000+05:45
10085,370575,85,139.16,IN,2023-12-13T11:52:53.000+05:45
10373,370867,432,48.97,NP,2023-03-28T14:56:03.000+05:45
10153,371205,70,52.01,NP,2025-06-06T00:23:19.000+05:45
10141,371356,336,18.92,NP,2025-12-04T18:34:04.000+05:45
10193,372954,156,23.47,AU,2023-10-26T16:01:11.000+05:45
10440,374123,338,152.03,IN,2024-02-21T12:18:08.000+05:45
10134,380312,291,22.2,US,2023-06-05T22:39:46.000+05:45
10458,381447,303,198.38,AU,2024-05-29T05:37:05.000+05:45
10324,381955,159,34.5,US,2026-04-02T22:23:57.000+05:45
10414,381988,127,65.57,NP,2025-06-19T21:38:04.000+05:45
10371,382824,490,24.65,NP,2025-04-11T05:26:19.000+05:45
10364,383487,146,19.52,NP,2025-03-03T15:06:57.000+05:45
10114,383774,286,37.67,US,2024-11-23T16:03:42.000+05:45
10136,389817,426,238.73,NP,2025-02-25T17:47:00.000+05:45
10219,390248,43,1.91,DE,2025-12-27T12:57:51.000+05:45
10158,391454,67,6.77,AU,2025-08-26T00:30:17.000+05:45
10073,392546,119,13.8,JP,2024-09-04T06:20:54.000+05:45
10150,393948,3,29.17,GB,2025-07-15T15:58:24.000+05:45
10282,396407,163,122.55,US,2024-11-17T03:38:35.000+05:45
10292,399236,309,17.04,AU,2023-04-30T13:44:11.000+05:45
10213,401463,482,9.06,DE,2024-07-12T18:06:27.000+05:45
10206,402377,497,107.03,US,2024-01-25T06:17:10.000+05:45
10456,403167,357,93.41,NP,2024-03-04T05:32:56.000+05:45
10288,404325,421,10.97,NP,2025-02-11T03:35:46.000+05:45
10182,406190,357,43.26,NP,2023-01-11T16:19:48.000+05:45
10492,406578,228,191.82,NP,2026-04-15T04:45:46.000+05:45
10303,406723,183,6.29,NP,2026-03-02T15:47:22.000+05:45
10275,410460,77,34.72,NP,2025-07-28T05:07:58.000+05:45
10175,414299,482,176.53,US,2023-12-19T12:59:13.000+05:45
10496,414704,299,33.1,NP,2024-12-12T03:29:18.000+05:45
10106,415204,400,147.85,NP,2024-07-09T13:59:40.000+05:45
10369,415830,278,16.0,NP,2025-06-10T16:48:58.000+05:45
10145,415952,84,72.84,NP,2023-06-23T22:12:35.000+05:45
10151,416455,17,100.4,JP,2025-11-23T07:18:43.000+05:45
10202,416918,162,31.64,GB,2026-01-23T07:29:30.000+05:45
10286,419639,177,142.53,NP,2023-07-04T02:28:04.000+05:45
10335,420542,416,92.95,NP,2025-08-26T02:07:20.000+05:45
10314,420652,423,32.76,BR,2024-08-02T15:34:58.000+05:45
10222,421310,36,35.61,NP,2023-05-24T22:28:40.000+05:45
10468,422678,331,138.01,NP,2023-10-12T06:36:05.000+05:45
10239,423926,203,124.55,NP,2024-09-13T23:45:47.000+05:45
10283,424313,451,29.29,NP,2025-12-14T07:51:09.000+05:45
10310,424377,169,60.92,NP,2024-05-06T21:01:05.000+05:45
10223,425617,389,36.76,JP,2024-09-06T07:08:52.000+05:45
10126,425797,45,23.02,NP,2024-04-04T11:55:37.000+05:45
10410,426180,147,18.43,AU,2023-04-27T07:04:05.000+05:45
10391,428359,342,47.99,DE,2024-01-18T11:14:19.000+05:45
10146,429151,265,16.63,NP,2026-03-31T20:08:29.000+05:45
10380,430126,96,19.57,AU,2026-03-02T22:43:37.000+05:45
10237,430145,342,5.46,AU,2023-04-14T22:38:24.000+05:45
10333,430606,75,65.37,NP,2025-10-14T14:06:22.000+05:45
10169,431216,285,56.35,NP,2026-01-26T07:14:07.000+05:45
10015,431775,8,17.7,AU,2024-12-02T01:45:35.000+05:45
10379,431967,4,18.39,NP,2025-10-29T09:57:08.000+05:45
10242,433004,73,52.35,NP,2025-09-26T15:07:54.000+05:45
10235,433713,201,56.28,GB,2024-11-11T10:58:43.000+05:45
10425,435043,81,104.87,NP,2023-09-11T10:12:29.000+05:45
10107,438021,458,66.9,NP,2025-09-15T08:44:28.000+05:45
10235,438085,484,15.01,NP,2024-12-12T15:41:05.000+05:45
10151,438219,186,104.52,NP,2023-10-22T21:41:13.000+05:45
10325,438503,300,212.04,NP,2026-06-15T21:04:33.000+05:45
10030,442561,252,63.48,NP,2024-09-28T20:46:38.000+05:45
10160,442564,275,107.37,NP,2024-03-30T00:07:32.000+05:45
10344,442608,232,113.93,NP,2025-05-14T19:42:18.000+05:45
10487,442947,355,60.46,NP,2025-12-09T14:33:54.000+05:45
10055,443546,315,71.71,DE,2023-04-25T15:09:53.000+05:45
10032,443564,315,22.3,IN,2025-02-12T11:41:28.000+05:45
10479,444138,207,179.66,JP,2025-10-30T05:57:17.000+05:45
10402,444722,333,105.31,IN,2025-10-10T08:06:10.000+05:45
10013,446073,51,15.72,NP,2023-02-15T03:35:54.000+05:45
10118,446292,189,121.55,NP,2023-11-13T13:48:03.000+05:45
10457,448545,272,140.62,NP,2024-10-24T07:53:26.000+05:45
10020,448765,115,25.49,IN,2026-01-31T05:32:59.000+05:45
10165,449114,23,2.8,BR,2025-06-10T06:49:01.000+05:45
10076,449477,293,15.56,US,2024-05-12T18:27:23.000+05:45
10043,450240,129,3.98,NP,2023-02-12T09:09:04.000+05:45
10479,450995,223,3.42,NP,2023-03-20T06:28:49.000+05:45
10165,451095,110,104.35,JP,2024-01-12T13:52:35.000+05:45
10161,452455,79,9.79,NP,2024-11-06T05:13:41.000+05:45
10466,452709,241,44.42,DE,2023-01-29T14:02:06.000+05:45
10234,453958,500,45.69,NP,2025-07-20T10:21:18.000+05:45
10021,455763,33,113.85,NP,2024-04-11T03:25:38.000+05:45
10381,455795,443,141.86,NP,2024-03-19T08:29:41.000+05:45
10044,456798,410,2.58,IN,2024-09-01T10:00:05.000+05:45
10454,457048,74,53.28,NP,2024-05-24T07:51:06.000+05:45
10290,457590,84,104.61,GB,2025-12-27T14:59:43.000+05:45
10339,458334,299,209.1,BR,2023-01-18T15:28:47.000+05:45
10093,458364,205,142.25,IN,2024-06-24T04:37:25.000+05:45
10210,458778,321,156.3,NP,2023-12-17T21:35:12.000+05:45
10188,458947,226,303.88,IN,2025-05-16T18:10:42.000+05:45
10127,460216,5,128.66,NP,2025-11-08T08:42:41.000+05:45
10058,460357,359,123.68,NP,2025-12-03T09:05:41.000+05:45
10002,460656,83,222.36,DE,2024-08-22T06:47:43.000+05:45
10137,460792,298,57.63,NP,2023-09-11T23:12:29.000+05:45
10410,461138,403,137.06,US,2025-04-04T13:00:08.000+05:45
10134,461253,63,53.81,NP,2024-01-20T10:16:01.000+05:45
10430,462657,492,24.8,NP,2025-03-11T21:22:51.000+05:45
10231,464609,380,36.27,NP,2023-05-30T06:10:26.000+05:45
10380,467650,153,41.11,NP,2024-06-16T05:26:14.000+05:45
10097,467861,336,302.49,NP,2025-08-01T18:51:07.000+05:45
10100,468634,64,82.27,IN,2024-10-23T11:02:16.000+05:45
10041,471006,66,26.7,NP,2024-12-07T08:32:45.000+05:45
10239,473638,165,47.36,DE,2023-12-22T23:43:27.000+05:45
10251,473894,136,2.47,NP,2025-07-28T15:24:28.000+05:45
10303,474788,178,44.03,NP,2023-05-06T21:46:21.000+05:45
10178,475191,419,1.0,BR,2025-11-06T15:59:21.000+05:45
10471,475495,112,28.1,NP,2023-12-22T19:47:34.000+05:45
10416,476804,163,26.8,NP,2025-12-01T12:14:57.000+05:45
10216,477792,131,152.37,GB,2024-08-10T17:23:26.000+05:45
10055,480203,14,234.01,NP,2023-01-22T02:30:23.000+05:45
10390,480685,227,82.38,NP,2024-09-28T21:15:59.000+05:45
10251,482737,202,60.56,NP,2023-12-26T03:57:02.000+05:45
10119,483628,273,243.22,NP,2025-11-07T22:56:04.000+05:45
10041,484785,235,7.31,NP,2025-01-25T19:58:35.000+05:45
10489,484940,155,139.32,GB,2025-12-24T08:48:17.000+05:45
10196,485350,63,215.76,NP,2023-10-17T14:07:31.000+05:45
10498,485418,61,34.82,NP,2023-05-20T09:47:16.000+05:45
10266,485455,312,85.52,NP,2023-10-20T08:02:28.000+05:45
10112,487058,159,53.06,JP,2023-01-03T21:41:13.000+05:45
10180,487563,197,69.86,NP,2023-10-14T23:43:52.000+05:45
10126,487833,447,103.25,DE,2023-11-16T00:13:26.000+05:45
10331,489441,239,18.29,NP,2025-09-09T17:08:04.000+05:45
10131,490337,497,13.77,NP,2023-08-25T16:46:41.000+05:45
10202,490388,197,48.35,NP,2025-05-08T23:25:02.000+05:45
10111,491951,94,131.9,JP,2024-05-08T07:03:27.000+05:45
10403,493675,66,339.13,AU,2024-01-08T19:21:50.000+05:45
10355,494701,178,73.64,NP,2024-07-05T21:21:28.000+05:45
10447,495031,232,116.11,NP,2023-07-25T23:40:41.000+05:45
10268,495916,41,38.15,BR,2023-08-02T04:53:13.000+05:45
10150,497379,167,6.76,NP,2024-08-30T13:02:50.000+05:45
10271,497584,454,150.8,GB,2024-04-22T10:32:35.000+05:45
10020,497748,419,45.84,NP,2026-06-01T08:47:18.000+05:45
10214,498085,427,116.04,GB,2023-08-13T14:29:36.000+05:45
10409,500041,180,4.63,BR,2025-02-04T22:53:51.000+05:45
10223,502338,178,143.88,NP,2024-11-02T13:59:03.000+05:45
10184,503718,312,20.03,NP,2023-11-25T12:45:09.000+05:45
10335,503722,155,138.72,IN,2026-05-16T21:18:36.000+05:45
10452,503912,442,79.92,NP,2023-06-23T01:34:45.000+05:45
10429,506057,26,30.59,NP,2023-06-14T17:56:12.000+05:45
10243,508252,24,45.93,NP,2024-04-01T08:55:57.000+05:45
10377,508744,95,30.2,AU,2024-06-28T01:40:17.000+05:45
10303,509514,499,228.15,NP,2025-05-09T12:10:57.000+05:45
10350,509575,35,150.6,IN,2023-03-26T08:38:30.000+05:45
10286,511974,305,47.76,NP,2026-05-25T10:46:58.000+05:45
10181,512875,65,1.17,NP,2025-10-14T02:32:39.000+05:45
10348,513168,446,91.77,AU,2025-02-26T20:27:46.000+05:45
10083,513683,138,131.64,JP,2026-01-09T05:21:55.000+05:45
10470,513980,134,143.06,US,2025-04-15T02:45:33.000+05:45
10402,515953,404,197.84,NP,2023-06-10T09:20:09.000+05:45
10069,517709,115,463.27,IN,2026-02-22T21:51:11.000+05:45
10028,519648,153,25.72,NP,2024-03-24T22:39:46.000+05:45
10285,520199,334,131.11,NP,2025-10-23T17:21:09.000+05:45
10454,520658,256,16.63,US,2024-05-12T15:41:32.000+05:45
10294,521154,172,32.64,DE,2023-09-11T06:41:55.000+05:45
10362,521535,404,94.97,DE,2025-03-04T15:06:57.000+05:45
10351,522210,152,4.63,DE,2025-12-09T02:12:55.000+05:45
10484,523634,193,115.83,JP,2024-12-23T14:14:19.000+05:45
10159,523986,367,45.93,NP,2023-09-02T10:58:58.000+05:45
10106,528067,498,91.77,US,2024-10-12T20:57:39.000+05:45
10045,528689,326,24.33,US,2024-04-04T15:16:02.000+05:45
10003,528809,155,29.28,NP,2025-05-06T04:09:23.000+05:45
10180,529111,267,187.79,BR,2026-05-19T14:59:49.000+05:45
10384,531130,271,29.07,NP,2023-06-21T21:24:04.000+05:45
10054,531174,114,31.64,NP,2025-11-01T05:59:16.000+05:45
10432,532857,492,48.03,BR,2024-03-05T13:50:34.000+05:45
10471,533371,327,121.8,NP,2024-07-22T21:21:25.000+05:45
10170,536792,395,153.27,NP,2025-03-05T01:30:01.000+05:45
10440,538419,313,108.06,NP,2025-08-17T17:06:44.000+05:45
10461,539178,50,20.98,US,2025-07-19T16:57:40.000+05:45
10026,539580,52,55.03,NP,2023-10-18T11:37:47.000+05:45
10277,539683,265,8.24,NP,2023-12-04T04:17:49.000+05:45
10401,540710,422,59.6,US,2023-05-03T09:16:44.000+05:45
10454,540908,142,59.14,JP,2023-08-07T22:53:01.000+05:45
10082,541758,89,10.07,NP,2025-12-09T15:29:21.000+05:45
10487,541772,12,8.87,NP,2023-11-08T03:47:34.000+05:45
10197,542478,242,132.0,IN,2025-04-03T10:45:52.000+05:45
10193,544319,231,14.23,NP,2025-01-08T23:54:20.000+05:45
10103,545558,302,10.41,NP,2025-04-18T05:14:13.000+05:45
10496,545889,3,36.38,JP,2025-05-01T21:19:34.000+05:45
10133,547137,247,11.04,NP,2026-05-10T12:57:54.000+05:45
10453,547173,441,7.15,NP,2023-05-30T08:45:06.000+05:45
10414,548397,368,88.73,JP,2025-09-27T06:09:30.000+05:45
10430,548803,473,152.06,IN,2023-02-06T22:47:28.000+05:45
10088,553945,470,37.14,AU,2025-04-23T23:48:33.000+05:45
10079,555037,436,141.64,NP,2023-04-21T05:32:49.000+05:45
10337,555276,38,61.63,IN,2023-01-09T13:51:09.000+05:45
10193,557621,481,178.7,NP,2025-03-17T14:17:14.000+05:45
10106,558225,36,9.73,IN,2025-08-02T03:20:03.000+05:45
10299,559824,263,64.55,JP,2024-06-30T04:43:11.000+05:45
10200,560408,213,283.98,NP,2025-03-09T14:08:38.000+05:45
10253,560719,244,13.46,NP,2026-06-23T04:23:01.000+05:45
10376,561262,207,34.02,AU,2023-09-05T17:31:42.000+05:45
10020,561680,207,69.28,AU,2023-08-11T06:22:58.000+05:45
10356,561751,312,51.5,NP,2026-06-08T19:22:52.000+05:45
10019,562253,173,70.15,NP,2023-10-08T11:48:20.000+05:45
10342,566663,491,141.95,NP,2024-05-06T05:25:53.000+05:45
10194,566704,468,116.39,AU,2025-04-21T23:53:56.000+05:45
10489,567095,209,110.54,NP,2025-04-08T08:36:54.000+05:45
10132,570086,173,59.87,IN,2025-11-25T11:30:24.000+05:45
10306,571297,365,28.7,JP,2024-06-01T19:34:48.000+05:45
10425,573113,258,97.31,NP,2023-03-26T18:59:37.000+05:45
10204,574811,99,119.55,NP,2025-09-15T15:41:22.000+05:45
10191,576554,258,10.76,IN,2024-05-10T10:37:58.000+05:45
10149,576821,474,4.89,NP,2025-03-08T21:19:44.000+05:45
10445,577155,102,17.12,NP,2025-07-01T03:15:33.000+05:45
10273,577679,100,80.66,JP,2024-01-12T08:45:24.000+05:45
10339,581179,270,219.2,BR,2026-04-15T22:28:49.000+05:45
10015,586074,200,90.57,BR,2025-09-11T20:42:54.000+05:45
10185,586510,123,24.59,NP,2023-01-14T23:35:47.000+05:45
10032,589317,399,5.8,NP,2025-01-18T18:27:25.000+05:45
10422,589356,403,17.87,DE,2026-05-02T19:18:22.000+05:45
10016,590783,198,30.93,US,2025-07-07T23:44:23.000+05:45
10433,590922,419,38.23,NP,2024-11-26T19:58:57.000+05:45
10021,592537,54,10.65,NP,2025-09-19T02:59:07.000+05:45
10340,593022,189,6.56,NP,2023-04-30T19:22:12.000+05:45
10425,594280,349,138.4,NP,2026-04-04T11:58:46.000+05:45
10089,596505,59,27.58,JP,2025-03-19T16:27:59.000+05:45
10301,596828,143,17.44,IN,2025-01-10T13:30:39.000+05:45
10181,598113,11,135.35,NP,2025-07-16T06:07:32.000+05:45
10154,599014,213,202.34,JP,2025-04-27T00:29:47.000+05:45
10264,599928,358,19.87,NP,2025-08-19T23:23:09.000+05:45
10178,600825,302,55.32,JP,2025-03-19T13:04:19.000+05:45
10103,601488,265,26.62,NP,2025-07-23T09:10:37.000+05:45
10330,605717,373,6.73,NP,2025-10-27T15:47:23.000+05:45
10059,610475,106,153.29,IN,2023-03-25T16:21:50.000+05:45
10287,611211,356,103.16,IN,2026-03-27T13:48:03.000+05:45
10002,611876,390,60.49,NP,2023-03-24T09:56:42.000+05:45
10282,612854,190,59.23,GB,2024-12-25T01:13:45.000+05:45
10067,613529,136,82.54,NP,2024-07-15T10:23:48.000+05:45
10423,613602,421,70.17,AU,2024-10-15T17:15:01.000+05:45
10016,613632,28,43.26,DE,2023-10-12T08:26:07.000+05:45
10088,616102,313,57.41,NP,2023-01-24T20:41:41.000+05:45
10223,616283,296,91.96,IN,2023-11-28T11:15:58.000+05:45
10243,616401,22,89.64,NP,2023-04-21T08:09:41.000+05:45
10334,616832,393,45.53,NP,2026-03-12T22:48:23.000+05:45
10439,621795,341,97.12,AU,2024-02-26T00:41:13.000+05:45
10449,622776,381,58.97,NP,2025-07-01T08:33:02.000+05:45
10006,623156,338,46.68,NP,2025-11-04T06:35:00.000+05:45
10164,623364,380,248.45,NP,2023-03-25T16:15:55.000+05:45
10146,627019,225,50.18,NP,2023-09-06T19:37:58.000+05:45
10394,627724,265,171.4,DE,2025-06-22T17:42:50.000+05:45
10393,628036,150,359.08,JP,2023-12-14T05:53:04.000+05:45
10213,628283,245,174.88,IN,2025-01-19T12:42:57.000+05:45
10025,628529,15,228.13,US,2023-08-27T09:42:35.000+05:45
10286,629144,67,55.35,AU,2024-08-22T16:57:30.000+05:45
10208,631413,329,196.66,NP,2024-04-07T13:22:52.000+05:45
10239,632237,319,101.72,NP,2024-04-30T03:48:13.000+05:45
10246,633551,464,7.25,NP,2024-02-28T16:59:55.000+05:45
10046,633581,215,2.75,NP,2024-06-13T07:57:53.000+05:45
10452,633683,424,38.31,IN,2025-03-19T04:34:26.000+05:45
10034,634502,459,30.25,NP,2023-04-12T22:58:17.000+05:45
10205,634743,340,9.81,NP,2023-10-13T07:01:47.000+05:45
10190,635329,53,28.38,GB,2025-08-04T14:48:05.000+05:45
10185,635465,207,69.18,NP,2023-07-10T12:10:38.000+05:45
10440,636945,391,6.8,NP,2025-03-10T09:09:48.000+05:45
10492,637959,370,80.67,BR,2025-01-21T09:24:50.000+05:45
10216,641931,133,63.19,NP,2023-10-17T05:21:01.000+05:45
10189,642274,96,192.45,DE,2025-04-12T16:51:15.000+05:45
10255,642402,7,37.36,IN,2025-07-05T20:38:08.000+05:45
10183,644936,461,19.75,NP,2026-06-06T12:57:03.000+05:45
10108,646678,382,36.3,NP,2025-01-03T02:45:05.000+05:45
10473,646946,18,54.02,GB,2025-07-26T08:44:04.000+05:45
10284,648967,88,64.7,US,2023-04-01T17:20:59.000+05:45
10423,648999,190,3.58,NP,2026-05-10T11:39:59.000+05:45
10325,650372,182,68.11,IN,2026-05-04T05:52:08.000+05:45
10484,651356,33,7.01,US,2024-03-09T17:26:13.000+05:45
10058,653767,31,39.25,NP,2024-09-10T00:22:15.000+05:45
10423,657226,321,60.89,US,2023-05-12T20:04:16.000+05:45
10242,657830,44,44.5,NP,2025-07-12T21:17:25.000+05:45
10488,658660,91,43.41,NP,2023-01-12T14:43:06.000+05:45
10162,659134,287,108.66,GB,2024-07-25T19:19:17.000+05:45
10469,661249,326,269.38,NP,2025-11-01T17:28:24.000+05:45
10180,661749,71,15.97,NP,2025-01-14T21:11:36.000+05:45
10070,662737,46,63.81,NP,2024-09-21T07:26:06.000+05:45
10293,662740,401,4.96,US,2023-08-26T08:44:48.000+05:45
10152,662909,98,175.68,NP,2023-10-27T15:17:17.000+05:45
10171,663462,34,13.4,AU,2026-02-26T13:18:36.000+05:45
10188,664960,311,85.18,NP,2024-06-10T01:01:46.000+05:45
10363,666406,62,27.8,NP,2023-10-29T23:13:43.000+05:45
10293,667755,125,69.29,NP,2024-02-08T00:07:28.000+05:45
10135,667900,424,38.43,IN,2025-09-08T04:52:50.000+05:45
10133,667905,80,73.43,NP,2026-03-18T06:41:56.000+05:45
10329,668942,119,47.33,NP,2024-04-19T13:41:22.000+05:45
10453,669395,299,202.13,NP,2024-01-07T05:15:41.000+05:45
10105,669685,303,47.52,NP,2023-03-26T05:30:44.000+05:45
10183,671491,107,127.12,NP,2026-02-02T18:43:18.000+05:45
10429,676213,408,87.79,IN,2023-07-11T21:23:21.000+05:45
10259,680296,427,16.92,US,2023-09-12T06:59:14.000+05:45
10413,683063,132,380.09,NP,2025-12-03T03:59:14.000+05:45
10070,683114,44,41.04,JP,2023-04-16T06:41:40.000+05:45
10181,686590,219,10.55,NP,2023-05-22T17:50:43.000+05:45
10487,687760,381,21.19,IN,2024-07-24T03:25:46.000+05:45
10492,688439,479,72.72,US,2026-04-07T14:12:19.000+05:45
10145,688732,314,116.92,BR,2023-01-01T19:16:29.000+05:45
10100,690459,305,15.89,AU,2024-06-04T08:17:08.000+05:45
10148,690537,102,179.63,NP,2024-01-28T20:37:10.000+05:45
10479,693384,330,7.99,US,2025-11-30T15:32:24.000+05:45
10352,693689,465,8.79,DE,2026-01-17T07:16:04.000+05:45
10454,696324,117,219.17,NP,2026-01-12T09:50:38.000+05:45
10156,696891,85,34.95,JP,2024-01-15T05:37:52.000+05:45
10132,697263,490,25.21,AU,2023-03-05T16:44:54.000+05:45
10388,697735,258,137.15,IN,2025-03-20T23:00:07.000+05:45
10059,698209,439,158.53,NP,2025-02-15T04:39:03.000+05:45
10152,698951,213,45.04,JP,2024-10-19T16:14:37.000+05:45
10497,699452,494,103.9,NP,2023-09-01T07:48:34.000+05:45
10104,700378,84,3.38,NP,2023-04-16T02:28:13.000+05:45
10456,700514,473,9.93,JP,2024-07-10T00:45:22.000+05:45
10434,704569,452,189.9,IN,2024-03-28T09:30:36.000+05:45
10308,704631,196,84.24,AU,2024-06-08T05:55:34.000+05:45
10334,704856,124,44.1,NP,2025-03-27T12:54:13.000+05:45
10016,706355,94,3.62,DE,2026-03-05T13:01:04.000+05:45
10061,706377,448,137.43,NP,2024-08-09T22:34:10.000+05:45
10377,706776,297,281.91,NP,2023-09-17T01:16:11.000+05:45
10181,709354,1,32.42,NP,2023-03-29T16:27:30.000+05:45
10216,714027,408,33.83,NP,2025-05-10T21:33:10.000+05:45
10391,714172,1,156.82,BR,2024-10-21T07:34:55.000+05:45
10101,715867,24,178.19,NP,2023-03-13T21:44:49.000+05:45
10285,717140,421,148.88,NP,2025-11-27T00:05:33.000+05:45
10500,717211,207,200.73,NP,2024-11-25T12:09:32.000+05:45
10153,720165,205,16.95,GB,2024-04-04T15:12:01.000+05:45
10041,720501,190,173.2,NP,2024-01-02T22:46:03.000+05:45
10035,721474,75,94.34,NP,2025-05-29T19:52:18.000+05:45
10434,722439,499,45.46,NP,2025-08-05T21:07:51.000+05:45
10456,723137,88,56.39,AU,2024-05-12T12:04:49.000+05:45
10068,725284,491,22.63,NP,2025-07-16T05:21:06.000+05:45
10237,725866,126,26.22,NP,2025-11-26T11:00:48.000+05:45
10116,725927,462,318.63,NP,2023-07-06T10:27:16.000+05:45
10213,726329,152,36.17,AU,2024-07-20T06:38:20.000+05:45
10221,726664,49,39.06,NP,2024-12-14T00:17:22.000+05:45
10122,727244,203,12.48,NP,2025-07-02T07:44:47.000+05:45
10472,728268,168,29.78,NP,2023-04-19T16:09:09.000+05:45
10068,728983,329,64.02,NP,2026-01-11T22:55:46.000+05:45
10229,729390,491,125.96,NP,2025-12-05T11:05:20.000+05:45
10096,729405,352,32.7,IN,2025-09-19T02:03:13.000+05:45
10322,729980,484,66.55,JP,2026-02-02T03:24:36.000+05:45
10176,730312,175,32.56,NP,2023-11-09T17:10:26.000+05:45
10339,732639,303,105.76,NP,2023-04-20T19:08:48.000+05:45
10285,735841,148,21.95,NP,2026-04-30T04:29:38.000+05:45
10324,735949,90,17.74,NP,2023-06-16T18:26:20.000+05:45
10092,735973,29,124.69,NP,2024-07-25T21:17:07.000+05:45
10230,738218,110,78.88,IN,2024-03-14T21:14:34.000+05:45
10467,738331,208,59.53,NP,2025-06-11T06:07:34.000+05:45
10397,738712,148,36.82,NP,2025-10-27T22:19:06.000+05:45
10285,741165,306,15.65,GB,2023-04-10T20:33:27.000+05:45
10228,742470,352,3.51,NP,2023-11-25T09:21:10.000+05:45
10206,744507,483,9.08,NP,2023-07-31T14:16:19.000+05:45
10108,745539,432,74.9,NP,2023-03-25T09:19:57.000+05:45
10341,745961,183,112.46,NP,2026-06-23T21:43:51.000+05:45
10480,746553,116,100.28,NP,2026-01-30T19:33:45.000+05:45
10058,747614,109,310.11,NP,2023-05-02T13:18:50.000+05:45
10249,749086,263,107.13,GB,2024-09-03T18:55:32.000+05:45
10202,749147,330,29.48,JP,2025-02-01T14:27:35.000+05:45
10286,749882,123,17.12,DE,2023-02-15T12:53:30.000+05:45
10300,753152,374,34.84,NP,2025-06-14T23:32:58.000+05:45
10473,754562,31,126.93,AU,2024-01-10T12:41:51.000+05:45
10245,755660,259,95.11,NP,2024-02-18T04:30:03.000+05:45
10415,755698,226,145.3,NP,2024-08-11T02:53:25.000+05:45
10470,757596,401,30.88,NP,2025-03-30T02:43:39.000+05:45
10350,757936,108,183.5,NP,2023-12-06T06:10:20.000+05:45
10377,758696,68,17.12,AU,2023-07-10T12:27:06.000+05:45
10077,759993,95,183.58,NP,2024-05-08T06:49:15.000+05:45
10130,760129,235,118.85,DE,2025-12-16T12:48:40.000+05:45
10214,762689,36,171.81,NP,2024-01-21T08:44:23.000+05:45
10021,763154,10,107.24,DE,2023-06-11T05:30:41.000+05:45
10053,763665,156,68.63,NP,2026-04-22T22:41:12.000+05:45
10370,763844,374,65.77,NP,2023-09-26T20:47:42.000+05:45
10288,764109,496,81.82,NP,2025-09-20T12:50:21.000+05:45
10017,766011,325,77.43,NP,2025-12-20T17:11:43.000+05:45
10478,767069,353,80.01,NP,2026-05-26T02:33:40.000+05:45
10317,767939,92,48.26,IN,2023-09-18T10:50:09.000+05:45
10365,769703,221,34.09,NP,2025-03-06T00:26:06.000+05:45
10264,772268,348,65.41,NP,2025-10-09T23:21:57.000+05:45
10322,773236,138,39.46,NP,2023-07-08T21:11:54.000+05:45
10367,773293,407,62.14,NP,2026-05-25T14:23:16.000+05:45
10419,773697,11,31.78,JP,2023-12-23T01:48:19.000+05:45
10081,774163,77,82.6,NP,2025-10-15T11:44:38.000+05:45
10108,775855,313,103.69,DE,2024-04-27T22:12:03.000+05:45
10138,777385,176,12.72,US,2024-10-18T03:28:51.000+05:45
10198,777912,135,70.81,AU,2023-08-30T05:49:23.000+05:45
10438,780014,77,165.08,NP,2023-09-07T13:55:48.000+05:45
10376,780323,283,31.57,NP,2025-03-03T22:16:15.000+05:45
10040,780552,199,75.57,NP,2024-08-09T17:01:51.000+05:45
10429,780718,219,85.34,NP,2025-07-02T12:21:53.000+05:45
10434,781510,188,57.2,NP,2024-03-20T01:16:22.000+05:45
10037,783391,173,79.66,NP,2025-03-01T18:14:33.000+05:45
10236,783400,113,14.64,GB,2024-08-09T13:30:11.000+05:45
10410,783952,226,19.52,NP,2026-03-21T22:03:22.000+05:45
10191,785116,274,3.02,NP,2023-08-28T01:49:40.000+05:45
10412,786077,35,28.38,NP,2025-08-05T12:54:08.000+05:45
10444,790855,344,56.83,NP,2024-09-05T21:15:53.000+05:45
10004,792792,60,87.25,NP,2024-02-23T03:19:19.000+05:45
10356,794000,104,87.13,IN,2025-01-23T21:01:29.000+05:45
10200,794779,492,62.74,NP,2025-10-07T21:51:20.000+05:45
10141,796039,236,227.8,NP,2025-01-18T10:41:35.000+05:45
10146,796744,278,9.71,JP,2026-05-12T11:41:09.000+05:45
10041,796808,118,37.39,NP,2023-02-10T04:47:33.000+05:45
10346,796835,378,81.93,JP,2024-09-07T03:13:05.000+05:45
10424,797666,150,119.14,BR,2024-03-12T20:31:33.000+05:45
10090,802033,436,28.72,NP,2023-03-30T19:20:59.000+05:45
10197,802454,322,15.52,NP,2024-10-20T15:43:58.000+05:45
10421,802577,192,10.8,US,2025-09-22T04:12:44.000+05:45
10346,803537,30,3.47,NP,2025-08-31T21:39:48.000+05:45
10204,805346,199,47.75,NP,2023-01-23T03:05:58.000+05:45
10415,805688,475,56.33,NP,2026-01-18T21:53:14.000+05:45
10435,805942,429,56.66,DE,2024-09-02T14:07:51.000+05:45
10202,807069,338,7.3,IN,2025-09-27T05:59:25.000+05:45
10458,810932,346,61.36,NP,2026-02-03T18:42:06.000+05:45
10136,811654,497,96.34,NP,2024-03-13T12:46:00.000+05:45
10035,813969,72,81.47,NP,2024-07-05T09:31:43.000+05:45
10068,815313,483,5.97,NP,2023-06-21T18:32:22.000+05:45
10197,816268,345,6.62,NP,2024-02-29T20:01:09.000+05:45
10004,816464,140,130.85,IN,2025-01-13T10:55:11.000+05:45
10471,818748,91,162.95,NP,2025-10-21T04:46:34.000+05:45
10407,819498,128,19.3,AU,2024-10-26T20:35:01.000+05:45
10336,821621,85,152.96,NP,2023-09-07T15:49:36.000+05:45
10406,822365,31,1.05,NP,2024-12-18T07:15:31.000+05:45
10371,822750,235,10.03,NP,2025-03-27T13:36:20.000+05:45
10108,822979,154,9.99,DE,2023-05-11T04:14:44.000+05:45
10377,823640,125,143.77,AU,2024-05-04T00:50:29.000+05:45
10354,824519,106,1.3,NP,2024-07-26T06:50:59.000+05:45
10411,827847,235,11.82,BR,2024-09-13T12:21:30.000+05:45
10353,828322,98,25.44,NP,2025-03-14T04:00:55.000+05:45
10393,829402,164,155.72,US,2023-06-24T17:25:40.000+05:45
10248,829412,356,38.7,US,2026-05-13T10:30:29.000+05:45
10132,833743,243,15.03,NP,2024-05-03T22:41:35.000+05:45
10039,836096,167,282.07,JP,2025-10-14T23:31:51.000+05:45
10125,836658,165,29.49,NP,2025-09-25T18:11:24.000+05:45
10348,838886,437,23.5,AU,2025-05-18T12:32:18.000+05:45
10303,844115,90,5.15,NP,2023-03-27T03:00:22.000+05:45
10388,844251,19,13.25,IN,2025-10-10T07:19:04.000+05:45
10143,844338,390,72.33,NP,2025-12-22T20:43:51.000+05:45
10446,845093,417,133.53,IN,2023-11-29T20:07:26.000+05:45
10324,845299,389,65.49,AU,2025-05-07T13:48:51.000+05:45
10187,847256,8,46.46,US,2025-06-01T00:33:05.000+05:45
10332,848095,221,218.59,JP,2025-09-21T14:03:16.000+05:45
10247,848117,291,238.02,NP,2023-10-21T16:22:31.000+05:45
10370,849331,379,27.5,NP,2024-07-26T20:47:02.000+05:45
10069,849545,200,120.32,JP,2025-09-12T17:42:40.000+05:45
10120,849808,298,147.26,JP,2024-08-26T01:22:33.000+05:45
10479,850091,274,24.12,NP,2025-08-15T05:28:20.000+05:45
10321,850366,305,28.02,NP,2023-10-29T09:00:54.000+05:45
10152,850465,114,123.0,GB,2024-03-05T13:21:30.000+05:45
10475,851899,271,41.73,US,2023-09-01T09:12:15.000+05:45
10166,855048,31,38.21,NP,2024-01-19T05:05:23.000+05:45
10425,855845,119,66.44,AU,2024-03-28T21:39:53.000+05:45
10124,856834,322,101.78,NP,2023-12-10T07:41:41.000+05:45
10062,857571,312,84.42,AU,2026-02-02T07:20:37.000+05:45
10430,859293,140,118.31,NP,2026-02-08T21:57:26.000+05:45
10478,859901,278,31.29,US,2024-06-06T00:48:18.000+05:45
10249,860133,466,4.98,AU,2024-11-19T14:22:02.000+05:45
10241,865263,255,24.56,DE,2026-05-09T17:35:28.000+05:45
10116,865264,169,189.68,AU,2023-11-11T14:07:02.000+05:45
10471,865512,58,57.46,JP,2023-08-17T11:22:53.000+05:45
10061,866907,351,328.51,NP,2026-04-10T02:12:49.000+05:45
10249,866915,492,48.91,IN,2025-09-24T19:27:17.000+05:45
10211,867852,221,77.19,DE,2023-11-04T04:33:13.000+05:45
10247,868962,294,226.18,IN,2023-05-22T04:08:46.000+05:45
10401,869733,82,56.72,NP,2024-04-25T08:44:57.000+05:45
10282,870702,467,61.08,NP,2024-01-28T07:16:57.000+05:45
10098,871383,115,23.49,NP,2025-09-08T15:48:22.000+05:45
10296,872274,478,40.62,DE,2025-04-04T05:43:28.000+05:45
10389,872722,45,112.83,NP,2023-05-29T23:22:51.000+05:45
10017,874396,278,134.49,NP,2024-02-17T09:57:28.000+05:45
10420,874600,305,91.46,NP,2024-04-07T11:54:56.000+05:45
10105,874831,330,18.76,NP,2025-12-30T23:12:02.000+05:45
10183,874968,19,181.67,GB,2026-03-28T16:58:47.000+05:45
10325,875658,421,194.81,NP,2025-06-15T13:27:57.000+05:45
10206,878254,68,3.17,NP,2026-06-06T02:00:32.000+05:45
10408,880192,262,187.3,NP,2023-05-01T03:09:29.000+05:45
10210,880714,303,133.53,NP,2024-04-11T23:55:36.000+05:45
10298,882563,445,26.57,NP,2023-12-06T07:12:16.000+05:45
10205,882764,343,12.78,NP,2026-01-29T12:23:42.000+05:45
10086,883230,77,233.0,DE,2026-04-04T00:30:20.000+05:45
10291,885111,88,62.73,JP,2023-01-11T19:49:43.000+05:45
10431,885349,188,49.72,NP,2023-01-01T08:45:13.000+05:45
10279,886452,282,32.07,US,2024-06-20T03:19:59.000+05:45
10364,886532,323,43.01,NP,2024-06-22T12:51:11.000+05:45
10271,886719,59,203.82,NP,2025-02-06T12:21:48.000+05:45
10383,887265,91,72.3,NP,2024-11-15T17:02:39.000+05:45
10248,887437,412,5.83,GB,2026-01-27T04:49:50.000+05:45
10094,888138,252,107.65,IN,2025-10-06T17:40:05.000+05:45
10088,889231,433,15.65,IN,2023-10-30T23:17:34.000+05:45
10470,889294,92,45.26,IN,2025-12-16T14:50:58.000+05:45
10133,889931,89,146.72,NP,2024-02-17T23:40:28.000+05:45
10372,891003,218,155.89,AU,2023-05-24T03:12:32.000+05:45
10065,891108,488,135.68,US,2025-02-25T02:59:45.000+05:45
10198,891957,455,16.53,NP,2024-03-18T19:29:26.000+05:45
10365,892176,168,15.63,AU,2024-10-31T16:39:20.000+05:45
10322,893061,130,12.51,NP,2026-04-15T01:42:42.000+05:45
10175,894385,400,1.56,NP,2024-08-29T01:03:35.000+05:45
10453,895419,334,75.62,NP,2026-02-02T10:57:12.000+05:45
10186,898966,354,57.56,NP,2023-02-21T05:44:59.000+05:45
10240,899767,300,8.31,NP,2026-04-21T18:17:35.000+05:45
10424,900788,126,162.89,IN,2023-10-08T04:35:44.000+05:45
10124,901012,238,31.17,AU,2025-07-16T06:03:16.000+05:45
10220,903937,220,13.72,NP,2023-07-10T17:58:53.000+05:45
10071,904284,425,264.23,NP,2024-05-02T17:48:37.000+05:45
10287,904847,332,22.44,NP,2024-05-31T02:03:39.000+05:45
10405,906998,482,29.75,NP,2023-10-15T08:45:12.000+05:45
10102,908175,2,28.12,AU,2023-08-29T23:39:11.000+05:45
10379,908259,456,18.29,NP,2023-07-30T01:25:36.000+05:45
10313,909102,33,121.27,DE,2025-03-08T00:34:06.000+05:45
10485,909398,475,16.4,IN,2026-03-18T21:06:46.000+05:45
10037,910530,217,9.94,JP,2023-10-23T09:35:10.000+05:45
10246,912214,437,154.93,NP,2024-05-13T02:17:26.000+05:45
10278,914131,322,12.78,NP,2024-12-31T17:41:13.000+05:45
10368,917995,116,11.44,NP,2026-03-28T14:57:25.000+05:45
10008,921034,426,50.39,NP,2023-10-24T16:53:29.000+05:45
10299,921186,257,127.17,NP,2025-01-03T08:31:14.000+05:45
10466,922173,299,135.43,DE,2025-09-12T23:53:26.000+05:45
10431,923567,306,167.57,NP,2026-03-09T03:44:23.000+05:45
10426,924131,68,69.87,DE,2025-05-03T02:43:51.000+05:45
10327,924394,451,157.36,NP,2024-11-07T13:14:48.000+05:45
10196,924563,324,11.34,NP,2025-12-23T21:01:06.000+05:45
10276,925224,71,20.52,IN,2025-12-11T09:08:20.000+05:45
10139,925903,9,126.45,NP,2023-02-04T14:52:54.000+05:45
10073,928076,258,17.85,US,2025-11-30T21:10:46.000+05:45
10237,930888,126,132.92,NP,2025-03-11T17:54:39.000+05:45
10382,931171,89,6.81,JP,2025-12-21T21:12:21.000+05:45
10119,931600,376,102.18,NP,2025-08-18T05:21:47.000+05:45
10275,933536,487,42.6,NP,2025-02-27T15:27:48.000+05:45
10460,933983,424,63.59,IN,2023-02-11T03:30:29.000+05:45
10057,936363,103,32.56,NP,2025-05-29T17:13:50.000+05:45
10099,937313,64,37.21,NP,2025-01-18T07:45:09.000+05:45
10056,939299,155,8.35,NP,2024-03-20T19:16:51.000+05:45
10192,940587,106,66.52,NP,2023-03-17T12:32:33.000+05:45
10377,942600,273,91.63,NP,2024-08-26T22:27:45.000+05:45
10332,942943,496,305.81,NP,2026-01-04T17:38:13.000+05:45
10356,944783,24,13.81,JP,2024-02-11T21:37:50.000+05:45
10240,945680,299,232.48,NP,2024-05-21T18:55:08.000+05:45
10270,946193,109,9.61,NP,2024-11-21T13:33:59.000+05:45
10232,946472,275,5.94,BR,2026-05-10T20:35:53.000+05:45
10277,947226,149,5.4,NP,2023-08-06T15:35:47.000+05:45
10345,948144,425,324.81,US,2026-05-10T13:05:28.000+05:45
10396,948923,281,29.53,NP,2023-12-03T16:38:17.000+05:45
10040,950680,311,224.14,NP,2024-07-22T20:06:20.000+05:45
10259,952164,220,159.19,NP,2024-08-24T05:14:55.000+05:45
10467,953127,46,11.07,AU,2025-04-06T21:21:40.000+05:45
10450,954501,413,125.69,JP,2023-05-05T00:03:30.000+05:45
10335,955614,321,45.09,NP,2026-02-07T08:49:54.000+05:45
10025,958889,123,89.14,BR,2025-04-07T19:08:55.000+05:45
10208,959322,297,73.58,NP,2024-05-01T15:31:52.000+05:45
10205,960364,149,138.28,NP,2026-03-22T05:20:13.000+05:45
10420,961533,363,18.48,AU,2025-08-16T08:57:27.000+05:45
10468,962804,109,101.78,NP,2023-02-28T05:15:03.000+05:45
10325,962973,159,39.9,IN,2025-05-23T17:32:42.000+05:45
10019,965119,425,100.85,NP,2025-11-16T20:04:00.000+05:45
10197,965255,279,62.7,DE,2025-06-28T19:52:31.000+05:45
10077,966318,305,92.44,GB,2024-08-16T20:41:18.000+05:45
10391,967459,446,217.56,JP,2024-11-13T21:02:16.000+05:45
10011,967657,3,35.8,AU,2026-03-02T12:47:04.000+05:45
10296,968883,484,43.47,NP,2024-04-17T00:12:26.000+05:45
10418,970177,167,94.14,NP,2024-08-22T03:29:35.000+05:45
10113,971910,90,27.21,GB,2025-11-08T23:41:33.000+05:45
10459,972417,332,83.84,NP,2023-07-03T00:31:14.000+05:45
10445,973031,416,55.47,DE,2026-05-21T21:54:29.000+05:45
10155,974716,121,16.64,NP,2025-02-11T20:12:21.000+05:45
10073,976262,441,47.31,BR,2024-02-08T12:12:01.000+05:45
10004,976935,122,96.46,US,2026-02-21T11:14:17.000+05:45
10353,978156,423,41.2,NP,2025-08-30T00:30:18.000+05:45
10423,978321,488,23.33,NP,2025-06-03T13:44:41.000+05:45
10289,980903,433,18.04,IN,2025-06-03T08:13:38.000+05:45
10075,981015,83,63.86,NP,2023-04-09T13:13:18.000+05:45
10104,981242,93,97.14,IN,2026-06-04T08:12:20.000+05:45
10173,982489,491,14.93,IN,2023-01-13T18:44:30.000+05:45
10049,986035,436,22.12,US,2024-09-06T00:38:55.000+05:45
10354,986753,333,58.23,NP,2025-09-15T03:09:07.000+05:45
10186,987805,499,31.36,DE,2025-12-31T03:03:29.000+05:45
10266,990500,92,112.26,NP,2023-01-01T17:50:07.000+05:45
10085,991051,435,62.51,IN,2025-12-01T04:49:53.000+05:45
10087,992765,260,36.29,NP,2025-01-20T22:54:35.000+05:45
10212,993273,57,31.5,NP,2023-05-28T11:44:32.000+05:45
10198,993959,399,417.11,NP,2025-06-20T12:48:17.000+05:45
10396,995533,141,64.79,IN,2026-01-02T17:57:01.000+05:45
10075,995763,170,26.27,NP,2025-08-01T08:58:41.000+05:45
10495,996057,293,60.73,NP,2024-03-29T15:01:07.000+05:45
10010,996670,470,132.54,NP,2025-07-16T02:30:24.000+05:45
10142,996881,157,18.32,JP,2025-04-13T15:04:57.000+05:45
10189,997835,439,5.34,NP,2024-04-29T08:43:42.000+05:45
10184,998911,282,72.81,IN,2024-03-31T11:21:48.000+05:45
10445,999733,328,137.54,NP,2024-06-01T19:04:54.000+05:45
10496,130,142,36.43,IN,2023-06-19T13:37:47.000+05:45
10300,277,353,6.29,NP,2024-04-17T00:21:47.000+05:45
10470,1625,346,71.8,NP,2023-05-08T13:14:03.000+05:45
10285,1960,404,220.44,NP,2024-08-13T03:16:05.000+05:45
10398,4821,440,88.57,NP,2025-02-10T14:42:22.000+05:45
10259,4892,243,77.31,AU,2023-11-28T10:10:05.000+05:45
10494,5912,46,15.8,GB,2023-07-11T09:52:16.000+05:45
10317,7535,156,42.65,NP,2024-04-12T02:28:32.000+05:45
10500,8112,350,6.31,NP,2025-12-20T05:54:50.000+05:45
10003,8366,177,7.95,DE,2024-09-01T18:53:00.000+05:45
10358,8461,200,88.68,BR,2024-10-29T07:34:27.000+05:45
10345,8602,335,53.68,DE,2025-02-01T07:23:09.000+05:45
10071,8852,20,12.19,IN,2024-07-11T14:19:21.000+05:45
10236,9101,103,183.05,BR,2025-04-08T17:30:31.000+05:45
10247,11506,307,239.11,NP,2023-09-09T00:07:42.000+05:45
10157,11602,49,70.67,NP,2026-04-13T22:20:46.000+05:45
10304,11676,126,2.34,NP,2024-10-14T09:52:26.000+05:45
10172,13546,200,46.71,NP,2025-10-09T11:09:20.000+05:45
10228,23105,88,20.36,NP,2024-06-28T19:05:08.000+05:45
10414,24668,76,25.2,NP,2023-01-25T14:43:36.000+05:45
10253,29236,292,70.43,NP,2023-09-12T08:48:23.000+05:45
10162,29573,204,66.23,NP,2023-10-10T13:59:07.000+05:45
10107,30029,307,92.91,NP,2024-10-24T14:50:50.000+05:45
10359,31840,105,116.28,NP,2026-01-31T15:24:34.000+05:45
10235,33315,495,13.0,NP,2026-01-09T18:29:36.000+05:45
10250,34576,42,84.67,NP,2025-07-15T09:06:38.000+05:45
10128,35808,19,23.31,JP,2023-03-31T21:06:42.000+05:45
10067,36008,180,104.25,NP,2024-02-27T22:23:58.000+05:45
10020,37093,24,6.37,NP,2024-12-10T20:03:17.000+05:45
10497,37603,450,188.86,NP,2024-05-22T04:10:59.000+05:45
10380,38766,150,194.34,NP,2023-02-17T01:22:36.000+05:45
10361,43700,392,41.47,NP,2023-11-16T21:26:00.000+05:45
10169,44154,466,48.65,NP,2025-09-07T00:48:13.000+05:45
10194,45425,113,6.79,BR,2023-04-21T12:14:11.000+05:45
10092,45466,51,76.17,NP,2023-03-21T12:49:17.000+05:45
10284,45968,374,142.27,NP,2025-09-05T09:09:27.000+05:45
10359,46155,76,7.78,AU,2024-03-29T17:59:13.000+05:45
10496,46381,230,28.9,IN,2024-02-04T21:52:54.000+05:45
10303,47397,150,100.0,NP,2023-02-26T16:18:15.000+05:45
10346,48358,411,38.79,US,2024-07-15T21:04:47.000+05:45
10466,52117,463,63.69,NP,2024-11-17T21:10:21.000+05:45
10199,52205,235,205.24,IN,2026-01-14T20:21:32.000+05:45
10471,52837,151,109.04,NP,2025-07-26T18:51:32.000+05:45
10063,53830,393,32.41,NP,2025-12-11T17:26:04.000+05:45
10084,54753,13,165.44,NP,2026-03-31T22:24:36.000+05:45
10331,55304,161,55.09,NP,2023-01-03T03:20:45.000+05:45
10499,57330,490,51.71,NP,2024-02-05T20:57:12.000+05:45
10001,58003,229,19.07,NP,2025-12-13T00:17:23.000+05:45
10315,58295,169,73.84,US,2024-01-22T19:20:03.000+05:45
10166,58715,372,255.54,NP,2025-06-29T21:11:33.000+05:45
10416,59895,92,101.57,JP,2025-08-17T23:06:54.000+05:45
10071,60240,136,35.65,IN,2024-06-02T17:56:52.000+05:45
10381,62726,434,14.52,US,2024-03-10T19:58:26.000+05:45
10179,63168,217,1.8,NP,2025-09-13T02:28:56.000+05:45
10151,63674,391,23.97,NP,2023-08-08T09:10:08.000+05:45
10483,67946,89,56.48,NP,2024-08-31T01:57:13.000+05:45
10447,68511,391,127.6,IN,2024-03-28T06:35:11.000+05:45
10003,68656,455,213.58,NP,2023-08-08T08:23:28.000+05:45
10118,69612,313,49.36,AU,2024-02-13T00:02:43.000+05:45
10238,69721,62,31.88,AU,2025-01-25T10:46:20.000+05:45
10052,69845,459,32.3,AU,2024-10-28T12:34:35.000+05:45
10337,70977,178,199.63,NP,2024-10-15T06:32:20.000+05:45
10019,71274,205,256.87,IN,2025-05-22T19:00:47.000+05:45
10409,72092,212,46.72,US,2024-07-14T16:51:02.000+05:45
10200,73258,487,30.78,NP,2024-09-09T21:59:32.000+05:45
10136,73796,260,105.48,US,2024-11-19T13:29:46.000+05:45
10445,74244,179,6.55,NP,2023-04-19T07:40:19.000+05:45
10456,74991,48,195.31,NP,2024-09-07T18:36:01.000+05:45
10298,75784,480,178.91,NP,2025-07-16T23:51:47.000+05:45
10355,76339,393,4.98,NP,2025-12-10T03:54:39.000+05:45
10311,77358,169,60.85,BR,2024-01-30T03:02:45.000+05:45
10428,78548,283,66.23,JP,2026-06-25T00:23:07.000+05:45
10309,79506,218,49.07,AU,2023-09-07T07:51:07.000+05:45
10148,81594,45,54.7,NP,2024-10-13T08:55:20.000+05:45
10416,81661,228,10.39,JP,2024-12-05T21:22:34.000+05:45
10222,85311,214,6.78,NP,2024-03-01T13:49:15.000+05:45
10366,85945,455,6.87,GB,2023-12-22T05:33:55.000+05:45
10012,85978,53,139.21,NP,2024-10-01T22:18:07.000+05:45
10421,86641,270,138.15,GB,2025-06-01T03:55:46.000+05:45
10240,89397,189,3.63,NP,2024-12-09T01:59:44.000+05:45
10483,90163,111,8.95,NP,2023-06-20T15:26:40.000+05:45
10060,93200,183,21.28,NP,2023-11-26T06:54:33.000+05:45
10111,93900,200,83.86,NP,2024-06-15T19:46:57.000+05:45
10233,94833,202,88.57,GB,2023-06-10T20:58:00.000+05:45
10188,95912,480,211.58,US,2026-02-05T14:52:22.000+05:45
10154,100918,12,398.6,NP,2023-07-01T08:07:45.000+05:45
10426,104076,377,254.58,NP,2024-06-13T06:18:46.000+05:45
10370,104342,180,30.87,NP,2025-06-05T00:33:13.000+05:45
10311,104531,313,18.73,NP,2026-01-10T17:55:28.000+05:45
10117,106627,201,9.74,NP,2025-12-03T16:37:03.000+05:45
10203,107089,383,23.85,AU,2023-07-20T17:54:39.000+05:45
10334,107841,141,130.8,NP,2023-09-27T11:56:49.000+05:45
10325,108321,272,332.84,NP,2023-06-07T18:01:36.000+05:45
10408,111071,302,94.64,NP,2025-08-31T18:42:24.000+05:45
10252,112424,486,134.55,DE,2024-10-02T14:05:56.000+05:45
10024,113043,317,113.51,NP,2023-12-15T03:20:13.000+05:45
10081,113901,369,78.42,JP,2026-01-23T22:02:38.000+05:45
10487,114033,158,162.85,NP,2023-01-17T04:47:35.000+05:45
10010,115130,208,9.46,US,2025-09-20T06:50:09.000+05:45
10218,115369,20,136.33,GB,2023-08-09T03:36:22.000+05:45
10162,119723,195,97.0,NP,2023-11-02T03:42:26.000+05:45
10036,121467,454,49.17,US,2024-11-05T08:16:31.000+05:45
10099,121673,72,86.12,NP,2023-02-20T18:08:45.000+05:45
10132,123243,287,122.52,US,2023-08-05T15:41:59.000+05:45
10410,125157,217,28.36,AU,2024-03-18T07:21:01.000+05:45
10006,125964,452,42.49,NP,2025-03-17T11:20:08.000+05:45
10408,129003,478,77.92,NP,2025-03-06T03:54:01.000+05:45
10336,130400,478,82.93,NP,2025-12-14T07:49:15.000+05:45
10024,130768,49,1.38,NP,2023-06-06T00:39:50.000+05:45
10214,131304,381,74.43,NP,2023-10-12T13:37:55.000+05:45
10125,132638,91,68.62,IN,2025-08-26T09:21:28.000+05:45
10158,135901,254,193.41,NP,2024-12-13T03:25:13.000+05:45
10104,137777,321,42.73,GB,2025-07-25T21:59:32.000+05:45
10489,138844,331,59.95,NP,2024-10-26T02:09:43.000+05:45
10198,139299,165,26.62,GB,2024-05-21T12:26:59.000+05:45
10115,139686,24,3.75,NP,2023-01-23T18:42:24.000+05:45
10433,140553,83,81.04,NP,2023-04-03T01:09:48.000+05:45
10475,141333,28,27.57,NP,2024-02-05T13:52:22.000+05:45
10251,143119,90,31.25,JP,2024-01-22T06:08:46.000+05:45
10467,143721,223,66.43,BR,2026-03-04T15:02:26.000+05:45
10177,145220,115,152.39,JP,2025-01-29T16:48:33.000+05:45
10048,146252,94,66.45,JP,2026-06-27T08:51:01.000+05:45
10050,149289,161,15.43,US,2024-12-27T02:13:36.000+05:45
10441,151779,136,21.67,NP,2024-04-13T03:21:44.000+05:45
10373,152518,37,170.92,JP,2025-10-04T19:07:39.000+05:45
10016,152679,131,40.2,JP,2025-05-19T16:38:09.000+05:45
10364,153138,327,30.55,NP,2023-07-23T18:35:29.000+05:45
10279,156261,310,22.05,JP,2025-04-06T11:01:02.000+05:45
10194,156724,435,12.6,JP,2025-11-03T17:03:52.000+05:45
10044,157439,422,19.59,NP,2026-05-12T20:15:33.000+05:45
10164,157936,320,12.94,NP,2023-02-10T05:58:50.000+05:45
10416,159214,382,271.8,NP,2024-10-06T02:11:41.000+05:45
10326,160001,43,93.03,AU,2024-10-31T03:48:15.000+05:45
10039,161111,88,1.26,NP,2023-10-13T01:22:02.000+05:45
10374,162945,476,115.18,NP,2023-06-01T12:40:27.000+05:45
10176,162956,421,66.84,NP,2024-11-27T12:12:27.000+05:45
10107,165137,39,33.92,NP,2026-03-30T10:01:03.000+05:45
10333,167953,205,16.36,NP,2023-05-31T00:50:45.000+05:45
10293,170002,352,2.38,NP,2023-05-09T10:32:15.000+05:45
10255,170317,2,16.56,IN,2023-10-15T09:18:54.000+05:45
10229,172551,197,1.98,NP,2023-10-12T11:01:50.000+05:45
10216,175064,160,12.73,NP,2023-11-17T04:21:45.000+05:45
10359,177160,25,126.69,NP,2024-03-01T04:40:32.000+05:45
10368,178705,447,250.54,NP,2024-06-24T08:03:52.000+05:45
10326,179388,64,95.76,NP,2023-06-07T10:44:12.000+05:45
10334,179707,137,112.69,NP,2023-11-16T19:12:40.000+05:45
10355,180026,364,33.0,US,2025-07-18T01:18:40.000+05:45
10022,180416,305,188.8,NP,2024-08-01T23:52:15.000+05:45
10223,181676,438,13.19,NP,2023-01-15T19:32:18.000+05:45
10437,184698,310,2.72,NP,2025-11-21T14:28:38.000+05:45
10052,191125,327,46.93,DE,2024-03-02T17:33:47.000+05:45
10269,193713,292,40.11,NP,2025-03-26T10:08:50.000+05:45
10166,195105,17,39.63,GB,2025-12-26T16:16:22.000+05:45
10129,195351,31,47.03,NP,2025-07-23T13:22:48.000+05:45
10437,197673,93,39.78,NP,2025-07-25T23:09:04.000+05:45
10229,200976,125,41.19,NP,2024-09-26T16:46:20.000+05:45
10138,201578,410,24.44,NP,2023-07-24T20:38:42.000+05:45
10225,202834,8,186.59,NP,2024-01-22T10:33:48.000+05:45
10047,202855,311,217.04,NP,2023-01-22T12:30:29.000+05:45
10266,204773,141,27.72,NP,2024-04-17T19:47:37.000+05:45
10291,208700,382,16.89,NP,2024-11-26T03:36:24.000+05:45
10301,209322,42,13.62,NP,2026-02-27T11:43:41.000+05:45
10414,210349,56,34.86,NP,2023-07-26T19:56:04.000+05:45
10444,210448,387,20.59,NP,2023-03-25T23:16:21.000+05:45
10030,210485,368,106.6,NP,2023-08-11T17:55:51.000+05:45
10182,211734,143,11.52,NP,2023-02-20T01:35:40.000+05:45
10459,211774,255,10.84,AU,2023-01-03T08:32:35.000+05:45
10124,212093,107,7.64,US,2025-05-24T16:18:49.000+05:45
10472,212403,314,99.96,NP,2023-03-31T15:23:28.000+05:45
10379,212519,145,8.53,NP,2023-08-17T15:52:07.000+05:45
10068,213819,404,18.69,US,2024-11-24T16:13:32.000+05:45
10136,216618,119,136.18,JP,2023-09-09T12:40:44.000+05:45
10092,217026,498,57.89,JP,2024-07-03T19:05:16.000+05:45
10374,217866,242,35.18,NP,2024-03-20T08:26:18.000+05:45
10479,219090,243,247.25,NP,2025-02-11T09:38:18.000+05:45
10370,220721,418,48.81,NP,2024-10-31T21:20:41.000+05:45
10346,222116,60,23.82,US,2024-09-02T08:49:20.000+05:45
10310,223095,475,17.74,NP,2025-06-20T05:01:23.000+05:45
10156,224509,218,137.97,DE,2025-04-08T05:58:59.000+05:45
10459,226330,490,67.47,NP,2026-05-12T07:27:15.000+05:45
10475,229300,123,51.84,NP,2025-04-07T13:26:14.000+05:45
10069,230210,82,56.66,NP,2024-08-09T18:26:05.000+05:45
10387,232485,221,82.33,BR,2023-10-30T20:48:52.000+05:45
10010,232585,221,156.62,IN,2024-07-04T12:52:58.000+05:45
10339,234632,261,263.42,BR,2023-11-17T16:03:23.000+05:45
10251,235486,476,17.09,NP,2024-06-18T11:01:29.000+05:45
10123,236727,104,3.51,NP,2024-05-10T04:14:47.000+05:45
10460,236820,124,59.91,IN,2024-09-04T17:45:13.000+05:45
10030,239666,375,33.95,NP,2024-08-18T21:27:23.000+05:45
10053,241066,178,150.53,US,2024-11-16T13:05:32.000+05:45
10440,242466,429,205.99,BR,2023-06-20T03:58:19.000+05:45
10279,242494,56,17.8,NP,2024-03-17T09:13:23.000+05:45
10300,242608,375,176.9,NP,2025-03-11T01:57:15.000+05:45
10329,245912,260,13.16,NP,2023-09-09T01:17:52.000+05:45
10453,246002,77,111.84,NP,2025-06-25T04:11:59.000+05:45
10153,246670,257,81.46,DE,2025-01-12T23:25:04.000+05:45
10488,248991,154,117.37,NP,2025-08-26T03:16:14.000+05:45
10365,250325,393,30.81,NP,2024-01-04T02:43:01.000+05:45
10054,252227,118,179.0,US,2024-10-07T15:58:24.000+05:45
10112,253402,40,50.85,AU,2023-10-11T21:12:42.000+05:45
10041,253650,176,227.12,US,2025-02-17T16:12:35.000+05:45
10444,254505,464,88.73,NP,2025-06-03T09:59:35.000+05:45
10500,258673,135,91.7,BR,2023-09-30T16:29:53.000+05:45
10145,259239,449,95.59,NP,2023-09-18T13:54:08.000+05:45
10077,260180,414,157.0,GB,2024-12-27T04:37:10.000+05:45
10343,265331,102,115.68,US,2025-05-18T18:49:47.000+05:45
10153,265397,236,25.71,JP,2023-08-18T21:51:51.000+05:45
10259,267729,148,72.83,NP,2024-10-05T14:18:55.000+05:45
10321,267896,419,108.14,NP,2023-09-09T16:43:32.000+05:45
10395,268458,268,6.93,NP,2025-10-06T14:42:35.000+05:45
10054,268550,206,379.06,NP,2025-08-09T11:42:47.000+05:45
10225,271979,149,5.7,US,2024-05-31T20:40:22.000+05:45
10301,274691,52,72.34,JP,2024-05-11T03:04:04.000+05:45
10319,275271,104,29.08,NP,2023-07-26T04:27:38.000+05:45
10328,275335,163,60.91,NP,2025-06-05T13:11:43.000+05:45
10267,276044,56,161.51,NP,2023-08-31T08:38:07.000+05:45
10132,276547,294,16.34,US,2026-06-13T06:31:43.000+05:45
10176,276822,237,65.82,NP,2025-07-19T20:08:50.000+05:45
10388,278230,96,24.11,IN,2023-02-18T20:55:14.000+05:45
10029,280314,270,30.14,NP,2025-11-02T23:47:05.000+05:45
10074,280663,305,15.71,NP,2023-01-15T23:42:25.000+05:45
10227,285119,106,73.37,NP,2023-02-17T09:09:34.000+05:45
10455,285568,430,99.77,BR,2026-04-07T20:12:08.000+05:45
10359,287799,273,173.68,NP,2023-03-03T21:58:09.000+05:45
10398,288116,224,58.13,JP,2023-12-13T00:01:32.000+05:45
10141,289048,192,125.77,JP,2023-03-20T11:50:30.000+05:45
10411,289408,480,71.1,NP,2023-06-24T18:56:00.000+05:45
10025,290238,155,207.54,NP,2026-04-15T10:59:38.000+05:45
10429,290569,282,158.98,BR,2023-02-06T18:55:24.000+05:45
10002,291594,444,173.56,DE,2024-03-16T06:52:29.000+05:45
10029,293292,55,42.95,NP,2023-03-24T09:38:30.000+05:45
10248,296461,165,13.92,NP,2025-07-29T08:32:45.000+05:45
10459,297982,331,42.98,NP,2024-12-25T11:59:13.000+05:45
10050,298876,81,98.6,US,2026-02-14T19:48:48.000+05:45
10147,301660,275,173.92,DE,2026-02-12T06:15:47.000+05:45
10474,303433,437,128.14,NP,2025-08-18T07:29:02.000+05:45
10354,303528,53,14.75,JP,2025-06-14T21:33:44.000+05:45
10257,306433,376,44.54,NP,2023-06-23T04:16:15.000+05:45
10388,307700,283,90.5,NP,2024-05-21T11:31:55.000+05:45
10317,310255,190,59.61,NP,2023-12-17T01:23:50.000+05:45
10212,310791,168,12.04,NP,2026-06-05T02:04:43.000+05:45
10187,311266,64,126.23,NP,2024-06-26T18:48:18.000+05:45
10074,311806,154,25.19,US,2026-04-15T09:37:21.000+05:45
10007,311835,432,213.29,NP,2023-01-02T23:21:01.000+05:45
10132,312307,284,89.14,NP,2026-04-22T09:53:38.000+05:45
10156,314440,21,63.76,NP,2024-03-30T18:23:39.000+05:45
10230,317219,237,26.37,NP,2024-08-28T16:20:20.000+05:45
10019,318936,478,3.72,NP,2026-03-21T11:51:21.000+05:45
10151,320984,2,43.53,NP,2025-08-27T15:13:26.000+05:45
10349,321336,72,31.95,NP,2024-04-06T05:13:28.000+05:45
10460,322480,116,45.22,NP,2023-05-14T21:44:24.000+05:45
10049,323624,201,40.56,BR,2026-03-06T11:23:00.000+05:45
10352,323880,351,15.02,NP,2024-07-20T07:17:58.000+05:45
10466,326317,18,89.95,NP,2023-08-13T00:41:27.000+05:45
10389,333849,50,7.53,NP,2023-10-30T06:06:54.000+05:45
10345,335396,287,44.59,NP,2023-05-18T20:49:04.000+05:45
10479,338044,300,18.14,NP,2023-02-11T23:57:57.000+05:45
10070,338307,87,63.87,IN,2023-05-11T19:48:32.000+05:45
10270,341301,401,71.92,US,2026-01-09T14:06:20.000+05:45
10174,341522,444,110.34,NP,2023-03-09T04:46:06.000+05:45
10352,341650,362,2.98,GB,2026-04-09T06:08:42.000+05:45
10240,341739,318,13.88,GB,2023-12-02T14:16:07.000+05:45
10486,342855,355,76.76,IN,2025-12-02T09:52:02.000+05:45
10191,344058,227,178.63,NP,2023-08-10T14:58:34.000+05:45
10123,346373,218,14.28,AU,2025-01-09T17:52:04.000+05:45
10096,347474,409,46.29,NP,2025-12-09T14:30:22.000+05:45
10269,350536,146,15.62,NP,2025-06-11T16:01:10.000+05:45
10121,351501,349,6.84,NP,2024-03-05T22:03:55.000+05:45
10220,351613,237,36.84,JP,2024-03-16T19:45:43.000+05:45
10176,351906,495,102.33,NP,2023-10-23T05:01:05.000+05:45
10450,353162,211,1.24,NP,2023-06-09T04:18:52.000+05:45
10021,353491,59,18.17,NP,2024-01-20T19:09:29.000+05:45
10167,354550,206,148.29,NP,2026-04-22T21:17:20.000+05:45
10260,356243,201,27.22,NP,2026-03-31T13:57:18.000+05:45
10292,357470,257,80.66,NP,2026-05-03T16:16:13.000+05:45
10023,357807,273,58.98,US,2023-09-13T19:53:13.000+05:45
10043,357808,293,69.22,NP,2023-12-16T01:28:22.000+05:45
10264,359609,164,35.39,BR,2024-01-25T21:54:08.000+05:45
10491,359817,382,198.57,NP,2025-02-12T01:32:02.000+05:45
10233,360518,136,99.35,NP,2026-02-06T02:52:55.000+05:45
10423,361025,478,8.37,NP,2026-01-28T06:51:26.000+05:45
10080,362250,138,22.19,NP,2023-02-28T09:19:48.000+05:45
10190,364132,327,45.75,IN,2024-07-18T22:07:36.000+05:45
10335,364366,62,128.71,NP,2024-04-30T18:46:34.000+05:45
10269,364946,85,65.98,IN,2026-04-16T17:07:13.000+05:45
10113,366436,20,58.49,NP,2024-12-19T18:59:32.000+05:45
10404,367264,474,59.15,DE,2023-09-14T11:07:36.000+05:45
10022,368303,54,19.95,DE,2025-06-29T20:59:15.000+05:45
10058,368334,156,78.69,US,2023-06-06T22:07:44.000+05:45
10435,368781,164,128.86,DE,2025-09-08T05:55:52.000+05:45
10158,369897,269,63.83,BR,2024-01-02T00:06:29.000+05:45
10410,374883,236,30.7,NP,2025-02-25T06:25:06.000+05:45
10025,375687,467,77.95,IN,2023-05-09T22:18:51.000+05:45
10154,376946,407,122.23,NP,2024-03-06T09:30:05.000+05:45
10297,383453,377,1.06,IN,2024-08-08T07:19:44.000+05:45
10118,383616,434,44.09,BR,2025-05-30T00:04:04.000+05:45
10143,385278,458,52.23,NP,2023-07-12T04:38:53.000+05:45
10138,385778,283,49.73,GB,2024-09-23T00:12:58.000+05:45
10192,386414,38,17.29,DE,2023-10-28T01:19:21.000+05:45
10358,388980,484,21.36,DE,2023-08-19T02:31:10.000+05:45
10080,389479,164,4.09,NP,2023-01-16T05:39:50.000+05:45
10339,389657,408,112.29,NP,2023-01-21T02:12:35.000+05:45
10348,390326,134,51.55,BR,2025-02-08T22:40:00.000+05:45
10018,390487,134,26.1,BR,2023-09-30T03:36:01.000+05:45
10120,391690,97,208.01,NP,2024-10-25T04:21:06.000+05:45
10387,392162,96,220.83,NP,2025-08-03T09:29:08.000+05:45
10247,392862,220,10.16,NP,2023-10-18T08:22:03.000+05:45
10220,393033,470,76.89,US,2024-10-05T02:46:20.000+05:45
10044,394844,273,10.17,NP,2024-12-17T18:50:06.000+05:45
10295,395138,161,31.23,IN,2024-12-01T01:41:53.000+05:45
10404,396124,371,99.81,NP,2024-08-09T22:01:01.000+05:45
10456,396478,389,87.07,NP,2024-04-05T16:41:50.000+05:45
10262,396999,149,53.92,NP,2025-03-10T00:41:17.000+05:45
10309,397328,52,41.79,NP,2024-10-13T19:08:54.000+05:45
10317,398245,377,70.69,IN,2023-04-04T17:14:37.000+05:45
10213,402371,262,36.64,NP,2023-06-15T02:50:57.000+05:45
10038,403721,37,7.49,NP,2023-07-21T02:09:14.000+05:45
10308,405545,304,6.27,NP,2025-10-06T19:01:31.000+05:45
10325,405645,427,57.88,US,2024-12-05T17:42:01.000+05:45
10187,414124,73,98.46,NP,2025-02-18T15:44:47.000+05:45
10365,414711,234,121.97,DE,2025-11-08T20:37:07.000+05:45
10421,417629,2,37.45,NP,2024-07-10T20:07:10.000+05:45
10292,418951,7,159.21,NP,2025-11-30T03:06:33.000+05:45
10323,419603,490,129.93,NP,2023-12-25T12:28:54.000+05:45
10159,419746,85,117.64,NP,2023-04-11T07:57:38.000+05:45
10318,420063,189,66.65,IN,2024-08-09T17:35:01.000+05:45
10005,420684,17,33.85,NP,2024-05-22T07:28:23.000+05:45
10453,423740,34,4.0,NP,2026-04-01T10:47:47.000+05:45
10479,425192,187,2.25,NP,2026-04-20T22:46:54.000+05:45
10265,426600,96,484.32,NP,2024-04-09T03:44:05.000+05:45
10111,431040,474,10.11,GB,2026-06-26T03:28:11.000+05:45
10041,431846,343,127.07,NP,2025-05-06T00:23:22.000+05:45
10351,431969,83,30.46,NP,2025-02-10T17:58:18.000+05:45
10444,432292,257,78.46,NP,2023-07-10T10:41:21.000+05:45
10424,434977,409,3.63,NP,2025-03-22T06:23:56.000+05:45
10420,436252,89,93.46,DE,2024-03-22T01:45:13.000+05:45
10320,436694,304,33.25,NP,2026-05-25T06:25:16.000+05:45
10446,436770,429,167.12,JP,2024-11-25T12:06:35.000+05:45
10084,440653,121,215.76,NP,2025-06-27T09:14:02.000+05:45
10267,442167,409,27.67,NP,2025-09-28T18:43:09.000+05:45
10179,442241,323,27.94,NP,2025-06-22T16:50:41.000+05:45
10003,442670,102,122.7,NP,2025-05-31T16:12:14.000+05:45
10112,443798,443,52.36,US,2026-03-08T09:19:37.000+05:45
10388,447099,407,11.87,NP,2024-10-22T05:08:28.000+05:45
10226,448105,56,165.71,NP,2025-07-18T22:29:00.000+05:45
10431,448897,100,46.11,NP,2023-10-14T16:26:53.000+05:45
10394,449964,241,171.27,NP,2025-07-20T12:59:01.000+05:45
10139,450289,418,234.82,NP,2025-09-01T17:47:38.000+05:45
10110,451101,282,199.74,NP,2026-03-10T10:17:15.000+05:45
10493,451322,339,67.61,NP,2025-04-18T22:22:48.000+05:45
10233,451934,462,33.53,US,2026-06-20T00:46:29.000+05:45
10156,452430,193,137.44,IN,2024-04-06T22:06:59.000+05:45
10357,453063,299,32.36,NP,2025-04-06T10:30:02.000+05:45
10278,455096,237,74.28,AU,2025-07-13T00:51:48.000+05:45
10147,455728,86,115.61,NP,2025-02-02T13:42:05.000+05:45
10347,457361,282,3.88,US,2023-04-23T11:32:56.000+05:45
10185,459225,173,92.79,NP,2023-07-19T03:48:10.000+05:45
10228,460397,466,123.4,NP,2025-03-29T03:50:24.000+05:45
10132,460900,297,72.38,NP,2023-06-29T15:22:37.000+05:45
10420,462807,278,166.31,JP,2024-10-23T11:12:03.000+05:45
10382,466316,249,1.2,US,2024-01-08T19:01:52.000+05:45
10204,467623,358,244.19,US,2023-07-12T07:56:37.000+05:45
10344,468413,473,6.76,NP,2024-03-25T07:10:21.000+05:45
10398,468458,316,32.06,NP,2025-10-05T09:41:01.000+05:45
10060,469377,207,96.0,IN,2023-02-27T20:02:24.000+05:45
10112,474524,155,169.32,US,2025-05-02T22:01:57.000+05:45
10006,474867,340,131.07,NP,2023-03-30T21:27:18.000+05:45
10071,478676,219,330.05,US,2026-04-18T14:25:27.000+05:45
10391,481490,454,184.76,NP,2023-10-09T01:02:40.000+05:45
10470,482687,274,194.89,NP,2023-03-12T17:29:54.000+05:45
10419,487850,117,104.24,NP,2025-12-15T04:07:24.000+05:45
10406,488396,132,118.02,US,2025-10-18T18:02:54.000+05:45
10472,490339,383,107.81,NP,2023-04-14T15:11:21.000+05:45
10166,492445,457,198.56,NP,2023-12-23T19:38:29.000+05:45
10474,492585,175,24.13,NP,2023-12-31T11:30:48.000+05:45
10307,493937,224,15.85,NP,2023-01-08T10:39:12.000+05:45
10158,496269,140,40.47,AU,2026-06-16T02:48:48.000+05:45
10191,497450,252,26.1,NP,2025-06-29T15:59:36.000+05:45
10334,498683,421,4.48,NP,2023-06-12T00:12:37.000+05:45
10023,501726,373,59.56,NP,2024-10-26T18:40:31.000+05:45
10486,501962,392,128.32,GB,2025-02-26T05:48:46.000+05:45
10349,502816,369,207.17,NP,2023-03-15T17:10:09.000+05:45
10240,502967,457,24.46,NP,2025-12-24T15:51:11.000+05:45
10334,504586,113,91.55,NP,2024-02-25T01:08:33.000+05:45
10365,504730,456,96.1,NP,2026-01-01T11:34:50.000+05:45
10151,504739,418,287.97,NP,2024-05-25T00:51:40.000+05:45
10294,505274,406,117.2,NP,2023-02-08T09:50:30.000+05:45
10263,505756,436,174.71,JP,2025-10-11T08:00:48.000+05:45
10028,505874,115,63.96,US,2026-02-28T12:22:55.000+05:45
10057,507961,187,144.89,NP,2025-02-11T10:31:48.000+05:45
10436,508374,317,10.8,US,2025-12-13T15:54:19.000+05:45
10464,508609,25,32.44,IN,2023-09-02T01:27:21.000+05:45
10372,508762,191,44.15,NP,2024-11-13T14:21:30.000+05:45
10071,513453,270,119.59,NP,2023-09-19T07:32:20.000+05:45
10363,514166,444,21.45,NP,2024-12-14T10:07:54.000+05:45
10222,514779,149,104.96,US,2024-10-28T20:36:22.000+05:45
10286,520126,380,20.44,NP,2024-03-21T12:44:44.000+05:45
10273,520326,123,60.35,DE,2023-08-25T17:55:36.000+05:45
10302,520526,400,288.71,IN,2024-08-12T15:50:45.000+05:45
10113,521771,137,8.78,NP,2024-05-23T23:20:40.000+05:45
10482,522326,459,347.29,NP,2025-08-29T16:38:31.000+05:45
10434,522522,389,64.26,IN,2026-05-24T13:22:04.000+05:45
10064,523067,401,212.1,NP,2023-04-03T02:34:22.000+05:45
10387,524251,30,87.19,NP,2023-04-17T22:09:49.000+05:45
10259,524704,337,273.34,JP,2024-07-19T07:39:11.000+05:45
10232,527755,486,35.56,NP,2023-11-23T21:17:55.000+05:45
10069,528693,81,92.25,US,2024-03-15T14:26:31.000+05:45
10164,534593,475,221.01,GB,2025-09-07T14:56:09.000+05:45
10420,534983,201,5.3,NP,2024-02-18T21:55:23.000+05:45
10045,535416,167,22.95,NP,2023-03-05T13:50:37.000+05:45
10052,535653,454,1.29,JP,2024-06-28T17:21:47.000+05:45
10045,536120,244,19.04,NP,2026-05-03T14:11:14.000+05:45
10095,536350,285,7.91,BR,2023-04-26T01:44:05.000+05:45
10389,537962,43,39.95,JP,2024-07-06T07:26:48.000+05:45
10264,539420,247,24.31,DE,2025-08-08T10:13:23.000+05:45
10290,540088,402,186.7,IN,2024-12-22T19:01:11.000+05:45
10393,542768,451,22.84,NP,2024-10-29T09:17:52.000+05:45
10119,544699,352,117.84,US,2024-05-09T09:34:11.000+05:45
10156,545363,242,120.37,NP,2023-11-26T18:32:46.000+05:45
10344,545418,113,292.49,NP,2023-07-28T17:13:26.000+05:45
10039,547816,338,141.19,NP,2024-12-10T18:06:53.000+05:45
10117,551378,295,1.64,NP,2026-04-20T02:10:46.000+05:45
10226,552574,321,68.27,NP,2023-03-08T08:02:47.000+05:45
10011,555086,55,167.02,NP,2024-01-21T17:45:46.000+05:45
10313,558381,147,76.87,BR,2025-03-21T23:57:39.000+05:45
10161,558501,367,77.27,NP,2023-08-04T03:56:00.000+05:45
10220,561481,130,59.98,NP,2023-11-24T23:29:35.000+05:45
10331,563195,444,11.74,US,2024-02-01T15:17:39.000+05:45
10294,564763,17,274.3,NP,2025-10-26T09:39:59.000+05:45
10402,565902,381,1.3,NP,2024-09-24T05:37:36.000+05:45
10478,566655,352,367.37,NP,2025-06-13T05:55:10.000+05:45
10195,567598,280,1.66,US,2024-03-22T13:10:58.000+05:45
10492,568733,331,14.46,NP,2023-01-01T07:02:37.000+05:45
10097,569683,207,118.38,GB,2024-03-15T11:00:09.000+05:45
10426,570105,195,143.18,DE,2024-02-02T12:48:22.000+05:45
10198,570463,22,15.53,NP,2025-09-30T08:55:44.000+05:45
10204,572065,160,73.51,AU,2023-02-18T16:43:22.000+05:45
10337,572396,289,137.57,IN,2026-04-07T14:14:50.000+05:45
10184,573693,85,4.45,NP,2023-03-09T08:47:24.000+05:45
10357,574774,365,2.57,NP,2025-11-27T07:33:53.000+05:45
10278,574839,225,67.5,AU,2023-09-25T04:27:56.000+05:45
10338,576393,174,198.37,DE,2025-06-24T22:59:49.000+05:45
10470,579013,248,15.82,IN,2025-08-21T19:13:16.000+05:45
10040,580409,482,133.76,NP,2025-12-11T23:05:27.000+05:45
10401,581718,161,183.7,NP,2024-12-08T22:46:03.000+05:45
10120,582799,80,250.62,NP,2026-02-24T19:40:57.000+05:45
10242,584298,114,37.62,NP,2023-04-15T14:14:27.000+05:45
10318,584627,369,93.82,IN,2026-04-21T14:43:01.000+05:45
10406,585263,242,2.38,NP,2024-03-19T21:55:25.000+05:45
10186,586089,457,1.19,DE,2026-05-04T05:18:02.000+05:45
10017,586466,390,52.11,NP,2025-06-21T13:52:28.000+05:45
10068,588260,306,92.36,IN,2023-06-29T14:25:43.000+05:45
10324,588268,298,18.18,NP,2023-07-05T02:43:22.000+05:45
10220,589311,419,51.32,DE,2026-02-12T03:37:51.000+05:45
10479,590054,21,97.93,NP,2024-12-19T15:23:09.000+05:45
10252,590748,237,217.25,DE,2025-01-29T16:59:57.000+05:45
10475,590949,389,17.58,NP,2023-08-04T14:02:11.000+05:45
10134,594580,14,2.55,NP,2023-06-10T06:19:51.000+05:45
10149,596405,11,14.32,DE,2024-05-20T12:04:25.000+05:45
10295,598491,380,2.0,NP,2024-06-17T23:31:23.000+05:45
10472,601151,325,19.42,IN,2023-05-18T08:29:25.000+05:45
10486,602844,244,95.99,NP,2024-11-19T09:03:45.000+05:45
10236,604091,496,18.89,NP,2023-01-13T02:14:22.000+05:45
10319,604166,243,21.0,NP,2023-05-21T19:44:36.000+05:45
10008,605490,31,18.78,AU,2024-07-01T16:17:37.000+05:45
10400,608769,313,55.31,DE,2026-04-09T21:38:47.000+05:45
10299,609071,41,46.38,BR,2023-12-18T02:52:15.000+05:45
10439,611738,281,29.7,NP,2026-03-27T07:26:18.000+05:45
10377,612459,266,175.8,NP,2025-12-31T22:35:54.000+05:45
10157,612727,178,78.34,JP,2025-05-24T21:31:55.000+05:45
10225,614182,51,67.99,AU,2026-03-15T20:05:51.000+05:45
10067,614489,304,63.53,IN,2024-01-12T03:37:05.000+05:45
10445,614721,463,46.32,IN,2024-05-02T07:06:09.000+05:45
10419,614784,233,48.17,NP,2025-09-24T10:09:19.000+05:45
10389,619670,316,92.68,NP,2023-09-02T01:18:55.000+05:45
10308,621189,490,119.44,NP,2026-03-28T03:53:40.000+05:45
10376,625033,448,83.75,NP,2023-01-03T20:49:23.000+05:45
10408,625240,72,32.24,NP,2025-05-08T07:34:54.000+05:45
10052,625429,186,114.2,GB,2025-03-26T21:03:27.000+05:45
10389,625908,23,290.23,NP,2024-02-15T19:57:53.000+05:45
10038,626304,33,1.9,JP,2023-11-20T14:46:48.000+05:45
10237,628209,192,391.43,NP,2025-06-13T10:27:42.000+05:45
10426,628474,423,14.53,NP,2025-09-02T20:41:18.000+05:45
10221,628492,449,10.5,IN,2024-05-25T21:43:19.000+05:45
10288,629819,164,134.65,NP,2025-07-23T20:33:46.000+05:45
10465,630789,202,171.26,NP,2023-10-10T15:38:32.000+05:45
10116,630911,198,47.06,NP,2023-07-23T01:14:25.000+05:45
10058,633120,488,246.02,NP,2023-09-30T19:00:35.000+05:45
10400,633855,279,1.61,NP,2025-07-19T09:55:08.000+05:45
10183,634114,353,125.67,IN,2025-01-19T02:11:24.000+05:45
10312,635411,171,16.63,NP,2025-06-22T22:43:32.000+05:45
10102,636989,94,274.2,US,2023-11-29T16:05:48.000+05:45
10119,638320,22,111.79,JP,2026-03-27T10:08:41.000+05:45
10371,638981,196,80.3,NP,2025-10-08T23:06:11.000+05:45
10349,639285,233,44.37,NP,2024-06-11T18:47:26.000+05:45
10283,643044,251,81.67,AU,2026-06-25T05:03:14.000+05:45
10249,648257,339,34.24,US,2024-02-26T22:19:43.000+05:45
10010,648773,403,18.78,GB,2023-02-10T14:29:14.000+05:45
10089,651183,116,15.11,JP,2025-10-21T08:07:36.000+05:45
10162,654669,252,42.45,NP,2023-02-01T08:47:54.000+05:45
10480,656188,122,182.06,NP,2023-04-09T18:06:25.000+05:45
10388,657394,73,1.69,IN,2025-07-29T17:03:34.000+05:45
10481,658309,261,1.55,US,2023-06-13T06:31:33.000+05:45
10014,658874,103,112.3,JP,2024-08-27T21:30:01.000+05:45
10024,660059,295,131.04,NP,2023-11-17T22:01:14.000+05:45
10271,660840,294,222.02,NP,2024-04-08T05:17:51.000+05:45
10444,661668,127,96.75,IN,2024-04-17T07:24:16.000+05:45
10442,662931,157,1.12,NP,2024-09-24T12:27:04.000+05:45
10376,663048,328,69.0,NP,2024-11-06T08:50:40.000+05:45
10285,665026,75,18.34,NP,2023-06-05T04:28:46.000+05:45
10110,666963,415,32.41,IN,2025-05-05T10:22:25.000+05:45
10262,667016,8,17.47,NP,2026-01-31T18:34:07.000+05:45
10293,667240,322,49.79,NP,2023-01-23T07:48:59.000+05:45
10185,669872,72,117.84,NP,2026-05-18T06:42:56.000+05:45
10447,673037,397,67.76,NP,2023-10-08T08:26:17.000+05:45
10432,673708,159,29.7,BR,2023-05-21T13:23:41.000+05:45
10366,673942,298,100.3,NP,2024-11-02T06:48:46.000+05:45
10286,674735,91,75.72,NP,2026-01-27T13:26:54.000+05:45
10414,675830,337,129.01,NP,2023-03-22T20:19:50.000+05:45
10018,675997,381,55.42,NP,2026-06-25T19:01:48.000+05:45
10016,676557,308,62.25,US,2024-07-21T20:25:13.000+05:45
10066,676593,159,40.53,IN,2025-07-21T07:35:09.000+05:45
10218,677746,32,78.26,NP,2025-01-24T02:54:48.000+05:45
10117,678215,224,122.83,US,2024-12-28T06:45:00.000+05:45
10299,678613,173,3.17,NP,2025-06-30T02:33:32.000+05:45
10468,679557,226,32.98,NP,2023-04-26T01:19:43.000+05:45
10101,680385,53,24.93,US,2025-03-31T20:56:29.000+05:45
10358,684431,247,23.97,NP,2024-08-04T12:51:13.000+05:45
10072,684911,324,16.92,AU,2026-05-29T11:51:58.000+05:45
10389,685340,179,181.05,IN,2025-05-12T03:15:09.000+05:45
10022,685616,330,1.01,IN,2023-01-31T02:42:29.000+05:45
10167,686497,102,155.82,NP,2023-08-17T02:20:22.000+05:45
10023,689988,237,58.18,NP,2024-07-12T23:53:15.000+05:45
10021,690815,106,79.88,NP,2025-12-19T06:26:47.000+05:45
10123,691242,431,27.95,NP,2024-05-03T08:55:44.000+05:45
10480,692626,286,98.86,NP,2025-04-11T22:31:53.000+05:45
10199,693427,19,16.9,US,2025-09-06T07:40:54.000+05:45
10221,694123,308,5.78,BR,2024-09-12T06:49:15.000+05:45
10193,694943,422,111.79,NP,2025-09-08T12:25:37.000+05:45
10069,695195,317,29.45,NP,2023-01-17T14:10:28.000+05:45
10375,700079,241,44.42,GB,2023-02-14T22:24:29.000+05:45
10114,702010,31,82.4,JP,2023-03-03T23:37:58.000+05:45
10037,702790,445,281.09,NP,2025-10-10T10:43:24.000+05:45
10405,705079,146,14.33,NP,2023-11-03T22:16:54.000+05:45
10345,707286,90,10.89,BR,2024-03-01T13:55:24.000+05:45
10176,707287,401,191.85,NP,2025-11-04T01:21:17.000+05:45
10170,707750,474,41.85,NP,2023-02-13T16:13:55.000+05:45
10249,708588,360,111.07,NP,2026-03-13T05:24:06.000+05:45
10440,709005,289,2.87,NP,2023-06-09T17:20:02.000+05:45
10202,709111,423,11.46,NP,2023-09-18T22:27:47.000+05:45
10293,710572,255,40.47,GB,2023-03-24T22:14:59.000+05:45
10047,711076,58,323.13,NP,2025-05-21T10:40:05.000+05:45
10218,712489,479,18.19,GB,2025-02-26T02:41:12.000+05:45
10234,713174,74,99.16,NP,2024-03-03T20:28:22.000+05:45
10363,713762,112,20.15,GB,2026-01-14T06:17:41.000+05:45
10472,715200,272,3.39,NP,2025-02-24T01:28:47.000+05:45
10273,716314,88,95.96,NP,2024-01-02T22:37:34.000+05:45
10443,716404,165,1.49,AU,2023-08-15T10:32:25.000+05:45
10359,716572,361,23.5,NP,2023-12-12T02:03:07.000+05:45
10199,717054,413,198.69,NP,2023-10-02T09:13:35.000+05:45
10148,717547,305,2.55,NP,2025-12-21T23:23:48.000+05:45
10382,717684,147,100.09,IN,2024-02-02T05:29:37.000+05:45
10195,717877,500,77.28,US,2024-08-17T10:05:33.000+05:45
10264,719250,201,56.06,US,2025-02-16T23:08:23.000+05:45
10282,720455,338,49.47,NP,2026-01-05T13:57:25.000+05:45
10399,722787,450,16.78,IN,2024-05-18T01:16:35.000+05:45
10211,723529,384,32.1,IN,2026-04-01T00:11:20.000+05:45
10422,723764,34,18.89,NP,2023-09-29T07:25:01.000+05:45
10304,723924,402,51.0,US,2023-06-03T07:24:07.000+05:45
10111,724320,305,119.89,NP,2025-06-23T09:13:52.000+05:45
10289,725005,286,177.56,NP,2025-09-16T22:40:16.000+05:45
10457,725513,40,260.84,NP,2023-05-02T08:00:23.000+05:45
10401,726512,83,177.07,NP,2023-11-11T17:38:11.000+05:45
10403,728260,243,49.71,NP,2024-02-16T16:07:23.000+05:45
10342,728954,237,33.63,US,2025-03-13T22:41:24.000+05:45
10408,730299,232,37.81,NP,2026-04-14T02:48:25.000+05:45
10382,730948,237,29.3,BR,2024-12-21T00:55:55.000+05:45
10262,733105,99,275.66,US,2026-02-20T17:07:29.000+05:45
10115,735799,368,30.01,NP,2023-06-23T13:38:25.000+05:45
10284,737790,2,90.62,NP,2026-02-27T01:59:09.000+05:45
10366,740121,467,78.61,NP,2025-02-02T06:05:04.000+05:45
10261,741240,388,139.66,JP,2026-02-26T10:05:46.000+05:45
10192,742067,360,43.1,NP,2023-07-07T18:55:13.000+05:45
10287,742892,37,71.3,JP,2023-02-01T06:56:34.000+05:45
10149,744808,307,5.96,NP,2023-09-03T19:36:53.000+05:45
10222,747646,49,51.94,DE,2025-12-16T22:54:09.000+05:45
10457,748329,4,193.24,NP,2025-04-18T12:25:36.000+05:45
10352,748361,38,32.14,US,2024-06-16T19:54:01.000+05:45
10497,748494,94,53.54,NP,2023-03-08T17:24:10.000+05:45
10205,748801,241,23.79,NP,2023-08-22T15:18:44.000+05:45
10486,749268,170,29.39,US,2025-12-18T00:44:21.000+05:45
10429,754752,249,44.75,US,2024-07-25T22:59:22.000+05:45
10363,755181,237,32.66,NP,2023-03-13T14:55:02.000+05:45
10019,755378,378,145.52,IN,2026-01-26T06:20:08.000+05:45
10215,756005,193,17.23,NP,2026-03-22T04:19:05.000+05:45
10029,756296,131,42.45,NP,2023-10-17T01:54:51.000+05:45
10461,757687,414,10.52,NP,2025-07-13T14:24:36.000+05:45
10031,757786,1,53.39,IN,2023-04-29T02:45:09.000+05:45
10206,758040,149,102.91,AU,2025-03-16T23:13:05.000+05:45
10479,758378,403,3.31,NP,2026-05-31T13:50:40.000+05:45
10023,759609,26,88.69,NP,2023-11-07T12:59:20.000+05:45
10344,762317,482,6.38,NP,2023-10-25T10:51:23.000+05:45
10204,763952,399,15.68,IN,2025-03-30T01:09:46.000+05:45
10333,764462,410,1.77,US,2025-05-17T20:04:07.000+05:45
10336,764771,231,62.38,IN,2024-02-21T20:05:26.000+05:45
10026,765059,322,90.54,AU,2023-03-08T17:32:26.000+05:45
10473,767080,446,54.06,US,2025-10-26T03:26:41.000+05:45
10484,770696,423,120.79,NP,2025-03-09T23:34:19.000+05:45
10309,771033,475,64.36,GB,2026-06-06T02:30:49.000+05:45
10468,772455,253,259.58,NP,2026-03-12T23:39:10.000+05:45
10425,773058,156,154.49,NP,2025-01-04T06:07:17.000+05:45
10331,773220,380,29.02,GB,2023-04-21T02:09:49.000+05:45
10170,774272,30,36.12,IN,2026-04-19T02:31:52.000+05:45
10205,775364,258,19.91,NP,2025-03-28T23:15:46.000+05:45
10236,777820,38,117.07,NP,2023-12-09T04:10:15.000+05:45
10190,784711,396,78.53,US,2025-03-25T11:54:11.000+05:45
10221,784913,358,17.32,NP,2023-11-26T01:55:01.000+05:45
10134,785455,226,7.55,US,2023-12-22T06:15:31.000+05:45
10403,789340,226,31.77,NP,2025-10-03T03:00:16.000+05:45
10197,789590,1,28.51,NP,2025-06-01T04:24:44.000+05:45
10433,792364,462,135.23,BR,2023-01-17T21:17:26.000+05:45
10477,793260,432,11.41,NP,2024-10-25T23:02:07.000+05:45
10226,793518,208,33.54,NP,2026-03-15T19:05:58.000+05:45
10222,794469,181,13.25,NP,2023-12-05T16:41:01.000+05:45
10306,796811,192,51.87,NP,2024-04-29T21:07:25.000+05:45
10149,797300,358,18.67,NP,2025-08-12T11:46:46.000+05:45
10245,799694,496,47.15,JP,2023-01-05T08:13:24.000+05:45
10228,799844,411,34.07,AU,2024-11-20T01:04:36.000+05:45
10408,799973,328,104.07,NP,2025-02-03T08:48:17.000+05:45
10002,801576,154,134.65,NP,2024-07-15T09:18:39.000+05:45
10476,804100,183,52.11,NP,2026-01-10T23:50:26.000+05:45
10341,804852,74,119.3,NP,2025-03-31T14:44:55.000+05:45
10352,805616,412,50.71,BR,2024-07-27T20:00:10.000+05:45
10041,806351,78,14.33,AU,2025-12-08T16:23:47.000+05:45
10078,806397,349,26.76,NP,2025-01-07T20:54:12.000+05:45
10138,810350,223,29.02,NP,2023-12-10T22:07:41.000+05:45
10382,810499,458,9.2,NP,2024-12-11T15:41:00.000+05:45
10018,810627,281,41.39,JP,2024-01-26T14:55:07.000+05:45
10389,811176,232,42.09,GB,2024-11-01T13:50:39.000+05:45
10454,811555,34,105.69,NP,2025-06-25T17:47:50.000+05:45
10308,811901,420,256.48,NP,2023-04-09T23:28:15.000+05:45
10057,812348,93,75.53,NP,2026-02-13T12:24:42.000+05:45
10498,814976,462,99.2,NP,2023-02-05T07:51:05.000+05:45
10391,817003,336,47.74,NP,2024-05-02T22:20:31.000+05:45
10497,818010,176,131.01,NP,2024-11-12T06:31:50.000+05:45
10124,820214,46,71.32,NP,2024-08-06T08:05:10.000+05:45
10247,820899,102,21.89,NP,2025-08-30T01:04:52.000+05:45
10347,822045,214,4.0,NP,2025-05-26T21:32:44.000+05:45
10313,823163,124,13.97,NP,2023-07-17T08:17:19.000+05:45
10403,824111,155,11.31,NP,2023-02-03T02:36:50.000+05:45
10272,824135,360,7.77,NP,2023-10-20T17:59:57.000+05:45
10300,825567,288,12.19,NP,2026-06-01T09:15:34.000+05:45
10009,825630,295,2.22,US,2024-11-13T08:56:18.000+05:45
10215,826812,135,143.72,NP,2025-06-01T22:46:54.000+05:45
10278,828802,329,1.41,GB,2024-11-01T20:51:09.000+05:45
10348,831582,84,63.05,GB,2025-04-24T03:38:05.000+05:45
10164,832098,284,58.38,NP,2026-02-11T20:36:21.000+05:45
10394,832479,49,120.44,IN,2025-06-24T20:44:23.000+05:45
10424,832480,364,17.05,US,2023-07-02T03:36:57.000+05:45
10428,833585,379,141.7,NP,2025-02-12T21:43:54.000+05:45
10402,834613,153,166.98,BR,2026-01-20T11:18:47.000+05:45
10474,836760,55,23.6,BR,2024-09-22T02:48:00.000+05:45
10228,838675,496,51.74,NP,2026-01-28T20:30:33.000+05:45
10122,839726,405,8.79,NP,2023-08-25T09:02:32.000+05:45
10337,841965,55,119.17,IN,2026-05-24T06:49:41.000+05:45
10217,841992,296,28.89,US,2023-11-14T07:38:34.000+05:45
10290,842689,393,35.0,NP,2024-01-02T06:27:45.000+05:45
10116,844508,317,45.73,IN,2026-03-24T23:51:55.000+05:45
10245,845368,279,248.31,DE,2024-04-14T20:20:24.000+05:45
10219,846258,262,60.46,NP,2023-06-16T11:15:24.000+05:45
10287,848960,483,55.19,IN,2024-11-30T11:36:46.000+05:45
10443,851078,335,74.98,NP,2024-10-17T02:10:43.000+05:45
10144,853153,70,7.8,NP,2023-01-04T20:39:21.000+05:45
10222,854075,345,24.92,NP,2023-02-16T18:57:57.000+05:45
10335,855065,213,147.79,DE,2024-07-09T06:15:09.000+05:45
10392,856498,59,12.71,JP,2026-04-28T12:16:04.000+05:45
10261,857585,347,54.56,US,2024-03-20T06:13:19.000+05:45
10416,858627,429,117.27,JP,2025-10-24T18:07:47.000+05:45
10197,859950,468,180.58,NP,2024-11-08T05:03:37.000+05:45
10338,860203,99,20.9,NP,2025-10-05T17:26:50.000+05:45
10368,862016,59,21.45,DE,2025-06-15T09:51:29.000+05:45
10450,862584,7,87.18,NP,2025-12-19T13:49:25.000+05:45
10071,862909,248,79.62,NP,2024-08-18T17:21:39.000+05:45
10002,864353,304,75.74,NP,2023-10-05T20:48:31.000+05:45
10494,864770,411,123.03,GB,2023-11-25T13:18:18.000+05:45
10212,865851,498,12.47,NP,2026-04-11T21:39:51.000+05:45
10460,867398,469,1.53,IN,2024-12-11T17:02:34.000+05:45
10195,870913,427,121.66,NP,2025-01-30T13:36:49.000+05:45
10433,871534,320,423.58,NP,2025-08-21T12:41:58.000+05:45
10422,872650,424,174.89,BR,2023-08-10T01:31:29.000+05:45
10073,873008,2,107.22,US,2024-10-13T13:22:00.000+05:45
10433,875727,134,30.5,US,2025-12-10T03:45:05.000+05:45
10296,876076,115,12.43,US,2025-02-23T01:29:02.000+05:45
10213,877786,492,43.5,NP,2023-04-13T14:28:13.000+05:45
10460,878230,117,69.68,NP,2023-01-19T01:02:29.000+05:45
10254,878942,402,153.08,NP,2025-11-06T02:57:52.000+05:45
10328,879055,431,196.76,GB,2024-12-03T19:52:33.000+05:45
10112,881369,174,101.98,JP,2025-08-30T09:40:11.000+05:45
10473,883797,398,107.95,NP,2023-09-02T22:39:31.000+05:45
10117,884713,132,46.76,NP,2025-11-22T03:50:40.000+05:45
10359,885968,115,37.26,IN,2024-12-04T11:18:45.000+05:45
10072,887300,255,124.88,NP,2023-11-26T21:13:19.000+05:45
10472,888589,306,330.21,NP,2025-10-12T10:10:00.000+05:45
10067,892842,204,47.28,NP,2025-11-09T10:03:37.000+05:45
10383,893760,448,40.02,NP,2025-03-03T19:03:39.000+05:45
10407,894345,284,11.21,JP,2023-09-22T19:18:28.000+05:45
10282,897854,276,40.69,NP,2025-01-24T01:58:29.000+05:45
10177,898011,99,21.31,IN,2026-02-10T18:26:55.000+05:45
10179,898020,498,10.61,NP,2024-07-04T19:37:00.000+05:45
10444,898534,135,91.43,NP,2023-07-27T05:27:59.000+05:45
10488,899374,424,286.33,NP,2024-09-13T21:16:00.000+05:45
10112,901794,373,4.63,NP,2025-12-06T12:03:00.000+05:45
10406,902103,319,22.3,NP,2024-07-13T11:15:25.000+05:45
10423,903086,369,237.22,NP,2024-09-08T02:24:57.000+05:45
10323,903611,175,168.3,NP,2026-05-01T23:35:48.000+05:45
10374,905624,77,96.46,NP,2023-11-08T16:33:04.000+05:45
10386,905917,351,3.96,JP,2023-05-30T12:55:27.000+05:45
10088,906442,335,125.23,NP,2023-11-19T23:53:34.000+05:45
10368,907876,228,274.23,NP,2023-04-30T02:35:14.000+05:45
10448,908293,129,117.39,NP,2023-03-21T13:53:13.000+05:45
10046,910586,232,98.4,BR,2023-07-20T10:25:24.000+05:45
10137,912851,58,35.02,NP,2023-10-30T22:35:10.000+05:45
10103,913098,176,69.43,AU,2026-02-24T18:19:57.000+05:45
10154,914109,281,85.23,AU,2023-09-19T17:39:09.000+05:45
10007,914372,482,164.34,NP,2024-02-12T05:06:46.000+05:45
10032,914447,319,159.33,NP,2024-02-21T21:31:27.000+05:45
10321,915864,458,30.31,GB,2024-02-22T15:21:53.000+05:45
10297,917327,303,86.21,NP,2025-04-30T07:15:42.000+05:45
10355,917374,48,73.87,GB,2026-06-05T07:48:31.000+05:45
10221,919971,71,37.22,NP,2025-01-21T17:46:12.000+05:45
10070,920526,69,23.68,NP,2025-08-30T22:19:29.000+05:45
10430,922558,228,59.22,NP,2024-05-18T15:53:57.000+05:45
10200,925222,478,46.03,GB,2025-04-11T11:23:34.000+05:45
10276,925267,139,32.54,AU,2025-04-16T03:54:56.000+05:45
10168,927175,253,12.7,BR,2023-05-29T04:03:10.000+05:45
10055,927532,150,17.92,NP,2025-11-12T10:37:07.000+05:45
10340,929166,328,65.41,NP,2023-07-25T04:44:51.000+05:45
10419,931232,183,83.89,NP,2023-10-23T06:56:14.000+05:45
10076,931991,440,37.48,GB,2023-06-30T10:48:43.000+05:45
10020,932902,273,82.51,IN,2024-08-02T02:34:40.000+05:45
10305,933052,297,42.32,BR,2023-12-09T19:43:43.000+05:45
10448,934172,240,417.3,NP,2025-04-22T17:56:42.000+05:45
10286,935534,360,24.86,NP,2024-09-09T03:43:29.000+05:45
10312,936151,166,277.14,NP,2026-04-18T18:00:15.000+05:45
10492,936451,333,173.05,NP,2024-09-19T15:13:05.000+05:45
10307,936798,289,42.27,DE,2024-08-10T19:46:35.000+05:45
10065,937544,2,85.81,GB,2025-12-02T22:18:02.000+05:45
10119,937923,214,78.45,US,2023-06-02T19:29:26.000+05:45
10047,940158,46,1.18,NP,2025-09-12T16:52:57.000+05:45
10133,945201,389,48.96,DE,2025-11-10T20:10:08.000+05:45
10397,945478,164,20.38,US,2025-05-13T09:05:57.000+05:45
10244,946212,30,170.42,NP,2026-06-25T17:36:21.000+05:45
10448,947463,352,15.1,NP,2024-09-28T02:45:48.000+05:45
10278,949965,7,103.67,NP,2024-08-27T05:55:22.000+05:45
10258,952687,459,28.3,NP,2023-05-29T11:29:35.000+05:45
10258,953828,494,27.59,IN,2024-04-18T23:10:51.000+05:45
10384,955038,292,54.04,IN,2023-01-10T21:45:51.000+05:45
10248,957010,399,64.55,IN,2023-11-26T07:13:52.000+05:45
10476,958781,178,87.52,IN,2026-06-21T12:58:49.000+05:45
10106,959876,195,10.36,DE,2025-12-16T08:27:23.000+05:45
10384,960619,105,28.47,NP,2023-07-21T23:27:52.000+05:45
10482,961548,314,11.69,GB,2026-06-25T14:57:26.000+05:45
10004,963472,151,11.57,NP,2025-01-11T15:21:04.000+05:45
10440,964946,3,56.22,JP,2023-10-11T05:05:33.000+05:45
10457,965075,425,177.47,NP,2024-01-31T22:26:40.000+05:45
10039,965376,453,62.03,AU,2026-05-26T15:10:17.000+05:45
10058,965648,275,203.42,NP,2025-10-17T00:28:48.000+05:45
10416,966215,148,3.49,US,2023-05-21T07:26:49.000+05:45
10096,966888,384,100.36,NP,2026-01-29T09:35:18.000+05:45
10244,968636,491,85.86,NP,2024-12-14T12:45:31.000+05:45
10398,969430,324,238.37,NP,2026-05-16T09:44:02.000+05:45
10408,970093,5,10.34,NP,2025-04-26T19:32:28.000+05:45
10374,975033,169,292.48,BR,2026-01-09T11:25:45.000+05:45
10087,976960,123,269.26,GB,2025-05-14T23:25:05.000+05:45
10228,977437,18,206.09,NP,2025-04-03T18:38:13.000+05:45
10272,978998,405,13.52,NP,2026-05-22T12:28:42.000+05:45
10409,979010,445,123.93,NP,2023-05-02T04:09:57.000+05:45
10274,979642,71,3.07,NP,2026-03-03T08:08:30.000+05:45
10199,981675,447,61.4,NP,2023-02-28T03:37:06.000+05:45
10459,981893,261,83.72,NP,2023-04-26T01:33:37.000+05:45
10457,982928,98,138.9,JP,2024-02-15T09:53:33.000+05:45
10248,983310,382,36.62,NP,2023-05-31T05:18:26.000+05:45
10356,984181,127,125.93,NP,2023-09-09T00:02:44.000+05:45
10119,986306,172,9.78,NP,2023-06-18T00:38:25.000+05:45
10395,986599,69,159.0,NP,2024-01-02T11:11:33.000+05:45
10057,986635,455,35.36,NP,2024-09-05T02:13:33.000+05:45
10305,987696,163,214.93,NP,2025-06-09T12:26:35.000+05:45
10336,989523,96,47.82,NP,2025-03-03T11:19:57.000+05:45
10165,989870,316,34.14,NP,2025-04-07T19:12:38.000+05:45
10029,990024,236,53.3,US,2025-10-03T20:32:22.000+05:45
10442,990381,258,230.47,GB,2026-04-02T20:14:16.000+05:45
10403,992266,438,153.8,BR,2026-04-15T07:01:42.000+05:45
10229,993441,114,103.05,NP,2025-10-19T19:42:17.000+05:45
10246,994962,410,131.74,NP,2023-07-28T06:43:54.000+05:45
10372,995082,475,27.08,NP,2023-05-06T21:01:34.000+05:45
10356,995230,248,153.26,AU,2023-07-10T13:11:11.000+05:45
10493,998501,289,37.74,NP,2025-07-24T22:16:52.000+05:45
10090,999450,492,214.36,JP,2026-03-10T13:20:40.000+05:45
10156,1543,474,14.78,GB,2024-06-15T22:46:00.000+05:45
10313,2050,246,29.21,JP,2023-10-06T05:16:21.000+05:45
10486,2553,84,53.94,US,2025-10-29T06:58:44.000+05:45
10307,4098,199,87.42,NP,2025-08-27T17:52:27.000+05:45
10259,5705,128,46.85,US,2023-10-02T14:31:28.000+05:45
10158,5957,296,25.6,JP,2023-04-13T04:19:00.000+05:45
10181,6593,466,108.26,NP,2024-03-03T03:09:12.000+05:45
10436,6977,362,16.84,US,2023-09-19T16:09:30.000+05:45
10118,6981,114,55.16,NP,2024-12-13T23:01:01.000+05:45
10270,7294,476,208.34,NP,2024-01-25T03:21:54.000+05:45
10150,8188,92,80.31,IN,2025-01-12T13:35:55.000+05:45
10486,9635,463,66.66,US,2026-01-11T05:39:53.000+05:45
10155,9887,419,24.6,NP,2025-04-04T08:31:24.000+05:45
10404,10327,180,3.67,US,2023-03-21T17:09:41.000+05:45
10014,11473,446,37.34,NP,2026-05-11T06:58:09.000+05:45
10352,13171,110,513.64,GB,2024-02-22T09:22:22.000+05:45
10314,13664,135,75.04,NP,2024-02-10T10:30:43.000+05:45
10027,14226,206,74.21,IN,2025-03-18T22:53:58.000+05:45
10466,14459,140,77.19,NP,2023-03-08T04:00:47.000+05:45
10143,15734,433,77.49,NP,2025-05-12T20:01:26.000+05:45
10426,16511,394,84.8,GB,2025-04-29T13:35:07.000+05:45
10126,17024,421,333.38,DE,2025-05-10T04:43:11.000+05:45
10413,18226,17,359.92,US,2023-04-08T11:42:35.000+05:45
10121,19771,215,133.88,AU,2025-02-04T19:47:56.000+05:45
10007,20359,64,89.09,IN,2026-02-09T20:08:21.000+05:45
10276,21281,319,378.02,NP,2023-06-28T18:18:13.000+05:45
10387,23485,246,6.27,NP,2025-01-30T15:46:37.000+05:45
10299,25242,97,17.47,NP,2026-05-23T23:11:19.000+05:45
10418,26105,375,10.54,IN,2023-10-23T10:22:39.000+05:45
10028,26552,111,63.82,DE,2025-11-11T23:43:38.000+05:45
10334,26825,304,42.09,GB,2025-01-03T21:55:41.000+05:45
10121,26892,71,180.6,NP,2026-06-28T11:20:22.000+05:45
10426,31098,150,326.33,NP,2023-11-25T02:51:39.000+05:45
10053,32081,497,64.73,NP,2024-08-17T02:41:12.000+05:45
10163,33171,268,142.73,JP,2024-10-23T18:07:53.000+05:45
10322,34668,138,194.82,NP,2025-05-19T01:33:15.000+05:45
10346,34820,192,28.29,NP,2025-06-06T23:42:59.000+05:45
10453,35976,320,225.11,IN,2024-06-05T23:35:54.000+05:45
10347,36786,411,153.53,NP,2025-01-31T11:59:50.000+05:45
10025,38226,185,342.81,AU,2024-03-03T20:11:40.000+05:45
10111,39114,55,217.77,AU,2026-02-27T06:42:29.000+05:45
10040,42251,491,4.36,NP,2025-01-13T14:11:47.000+05:45
10256,43756,30,194.74,IN,2023-05-21T01:39:21.000+05:45
10199,44381,304,10.31,JP,2024-12-25T02:48:20.000+05:45
10128,44484,236,19.9,BR,2026-04-13T01:01:00.000+05:45
10121,46288,165,87.31,IN,2026-03-25T05:37:24.000+05:45
10216,47105,109,24.19,NP,2024-12-14T11:22:05.000+05:45
10461,47878,426,48.76,NP,2024-05-05T19:38:45.000+05:45
10376,48062,424,252.33,DE,2023-12-25T23:29:00.000+05:45
10003,49831,194,13.76,US,2025-01-08T04:43:42.000+05:45
10061,50639,387,233.93,JP,2024-12-14T14:14:40.000+05:45
10054,50826,137,45.08,DE,2023-03-20T20:42:10.000+05:45
10231,52280,304,128.19,NP,2023-05-13T01:48:30.000+05:45
10466,53580,189,59.16,NP,2023-08-27T19:57:47.000+05:45
10392,54049,429,43.07,NP,2023-07-09T08:11:00.000+05:45
10256,54209,119,35.0,NP,2023-04-28T11:25:40.000+05:45
10216,54252,184,89.35,NP,2023-11-29T00:32:59.000+05:45
10242,54872,105,147.5,AU,2024-10-27T22:59:34.000+05:45
10132,58641,333,44.39,AU,2025-12-02T21:44:02.000+05:45
10266,58972,375,23.04,DE,2025-10-04T21:20:20.000+05:45
10449,60205,58,4.28,NP,2026-03-15T01:24:19.000+05:45
10210,61209,402,17.17,NP,2024-03-08T16:56:25.000+05:45
10037,61450,174,48.72,NP,2025-10-11T01:41:16.000+05:45
10364,61808,309,167.44,DE,2025-08-20T18:46:21.000+05:45
10094,62374,217,23.12,NP,2025-05-04T16:59:24.000+05:45
10336,63732,161,64.64,NP,2025-07-07T18:11:00.000+05:45
10321,64595,423,12.61,JP,2026-04-20T01:24:03.000+05:45
10085,64959,10,61.44,AU,2024-03-07T10:31:29.000+05:45
10270,66237,442,66.04,NP,2024-07-18T21:10:03.000+05:45
10119,68835,434,26.62,AU,2024-06-26T10:36:26.000+05:45
10014,69925,359,36.58,BR,2023-01-03T22:08:04.000+05:45
10092,71873,171,84.89,GB,2024-07-25T23:19:00.000+05:45
10208,72403,447,271.21,DE,2024-09-04T19:47:29.000+05:45
10291,72573,472,105.22,NP,2024-03-22T23:39:02.000+05:45
10430,74453,97,35.95,AU,2024-11-05T19:56:06.000+05:45
10461,76476,80,27.6,NP,2023-09-21T07:15:31.000+05:45
10229,78429,408,34.03,NP,2025-11-09T20:22:14.000+05:45
10473,79318,335,7.99,NP,2025-05-27T06:21:44.000+05:45
10078,80323,50,72.0,JP,2023-12-09T20:53:14.000+05:45
10298,81789,435,7.26,DE,2025-09-19T23:38:59.000+05:45
10499,83142,103,56.47,BR,2023-11-15T22:48:47.000+05:45
10422,85894,479,165.8,NP,2024-02-13T13:03:44.000+05:45
10010,92572,232,45.18,US,2026-03-09T08:43:23.000+05:45
10144,92887,280,126.98,NP,2023-09-26T07:43:11.000+05:45
10143,94104,209,36.68,US,2023-02-09T18:03:30.000+05:45
10057,94627,263,38.15,US,2024-10-08T22:23:19.000+05:45
10358,95837,462,216.86,NP,2026-06-14T11:26:01.000+05:45
10435,96440,34,51.61,US,2024-08-09T17:24:36.000+05:45
10351,96670,141,8.65,NP,2023-05-19T20:35:44.000+05:45
10486,96888,238,43.72,NP,2024-12-18T19:43:36.000+05:45
10387,97142,312,85.64,NP,2026-04-01T12:01:11.000+05:45
10031,98238,88,69.09,DE,2026-02-16T04:00:13.000+05:45
10001,99600,16,20.77,AU,2024-05-23T22:55:51.000+05:45
10461,100923,475,126.52,NP,2023-02-07T18:00:22.000+05:45
10171,100932,435,28.14,NP,2026-05-27T10:20:57.000+05:45
10418,101494,449,20.01,NP,2025-12-14T19:31:48.000+05:45
10201,105217,153,57.41,NP,2023-01-02T10:46:58.000+05:45
10465,105572,416,27.65,US,2025-08-15T23:39:36.000+05:45
10248,105881,414,45.36,AU,2023-01-20T08:08:36.000+05:45
10217,106003,199,48.24,GB,2023-05-18T06:51:14.000+05:45
10447,107030,10,165.75,NP,2025-03-12T03:43:49.000+05:45
10047,107069,259,57.63,DE,2023-04-01T06:27:06.000+05:45
10152,107598,465,136.26,AU,2025-10-17T19:52:18.000+05:45
10464,109479,76,85.29,NP,2023-10-22T23:22:11.000+05:45
10454,110917,67,160.99,NP,2023-09-03T18:28:15.000+05:45
10205,110964,157,1.8,NP,2026-05-21T11:28:27.000+05:45
10286,111051,299,245.18,DE,2023-05-25T07:24:59.000+05:45
10056,113598,177,2.28,NP,2024-01-07T10:38:12.000+05:45
10428,113684,387,32.56,NP,2024-03-13T10:38:53.000+05:45
10442,113936,250,33.37,NP,2025-11-30T22:11:14.000+05:45
10232,114040,283,60.85,NP,2025-12-12T05:21:51.000+05:45
10185,114075,334,15.95,NP,2025-05-28T06:15:00.000+05:45
10150,114107,488,162.58,NP,2025-04-26T09:04:06.000+05:45
10228,116343,361,31.8,NP,2024-09-17T04:35:07.000+05:45
10391,116787,26,5.37,GB,2024-06-14T12:34:57.000+05:45
10203,117157,179,223.33,US,2023-07-04T02:34:55.000+05:45
10427,117545,451,24.54,NP,2024-07-09T09:19:49.000+05:45
10462,117942,5,40.94,NP,2023-08-04T08:01:50.000+05:45
10079,118000,238,44.53,NP,2023-09-14T15:15:11.000+05:45
10239,121065,391,40.89,IN,2025-08-11T17:16:49.000+05:45
10495,122233,216,107.79,NP,2025-03-17T03:33:19.000+05:45
10331,122548,22,33.24,US,2025-02-16T03:39:32.000+05:45
10402,124085,402,20.52,NP,2025-10-05T22:59:21.000+05:45
10352,124717,45,35.36,NP,2024-10-28T05:31:46.000+05:45
10276,127100,283,54.25,DE,2026-05-29T00:41:54.000+05:45
10223,127705,17,65.22,DE,2023-08-21T22:47:04.000+05:45
10428,128416,488,99.57,NP,2024-10-29T04:53:28.000+05:45
10446,128520,324,76.99,IN,2023-09-02T23:06:48.000+05:45
10353,131729,306,33.18,DE,2024-12-17T12:19:42.000+05:45
10345,132122,405,17.88,IN,2024-05-03T05:43:48.000+05:45
10067,133690,14,139.09,NP,2026-06-10T00:39:55.000+05:45
10381,139217,177,29.88,NP,2025-07-10T14:26:20.000+05:45
10286,139548,186,93.3,NP,2023-04-26T19:39:26.000+05:45
10372,140311,84,128.96,GB,2026-06-10T00:06:22.000+05:45
10012,141015,86,6.54,NP,2023-03-16T08:08:15.000+05:45
10372,141750,58,75.43,NP,2026-01-25T09:17:05.000+05:45
10018,143103,129,53.29,NP,2025-02-09T03:36:10.000+05:45
10381,147092,24,61.94,NP,2023-08-02T18:30:59.000+05:45
10287,147235,227,165.82,US,2024-11-20T18:10:48.000+05:45
10240,147834,381,30.4,NP,2023-07-25T15:42:01.000+05:45
10148,150184,111,6.04,NP,2025-02-09T11:53:31.000+05:45
10378,150551,458,45.36,NP,2025-09-16T18:02:25.000+05:45
10133,150570,56,1.89,NP,2026-06-07T21:25:38.000+05:45
10186,152070,366,69.35,IN,2024-08-08T21:37:15.000+05:45
10185,152712,477,2.53,US,2023-02-07T03:12:04.000+05:45
10177,153066,250,204.88,NP,2026-03-08T01:44:24.000+05:45
10168,156973,302,18.96,DE,2026-02-26T06:43:52.000+05:45
10299,157494,235,42.96,NP,2023-02-14T06:54:23.000+05:45
10158,159039,316,69.47,NP,2023-12-20T20:21:44.000+05:45
10182,159655,324,255.97,US,2024-07-25T11:32:42.000+05:45
10062,161001,461,24.42,NP,2024-11-07T04:08:06.000+05:45
10263,163321,467,62.36,JP,2025-05-25T20:06:15.000+05:45
10071,163890,447,231.83,NP,2025-07-17T19:25:04.000+05:45
10207,165209,228,46.94,IN,2023-05-23T19:22:26.000+05:45
10375,165507,397,12.61,NP,2025-07-25T16:01:35.000+05:45
10010,166585,301,279.96,IN,2026-01-22T21:59:16.000+05:45
10379,167075,225,13.76,NP,2025-11-07T16:32:54.000+05:45
10061,173606,300,11.26,NP,2023-11-19T21:17:08.000+05:45
10295,174565,214,42.11,IN,2024-08-25T20:40:57.000+05:45
10312,179920,394,29.06,GB,2025-05-12T14:41:58.000+05:45
10478,179956,9,92.86,NP,2026-02-19T10:37:03.000+05:45
10352,179971,81,6.7,NP,2025-04-02T08:54:13.000+05:45
10433,181032,422,23.41,NP,2025-11-30T01:39:37.000+05:45
10465,181395,325,137.52,NP,2026-03-10T07:39:58.000+05:45
10439,182306,39,39.15,NP,2026-02-18T10:59:23.000+05:45
10454,182768,355,67.31,NP,2025-04-21T22:39:54.000+05:45
10151,182808,167,127.66,NP,2025-11-14T00:51:56.000+05:45
10454,183883,177,24.09,NP,2025-10-01T01:24:36.000+05:45
10362,185192,173,33.54,NP,2023-10-11T12:49:37.000+05:45
10098,186740,180,68.85,DE,2024-10-11T08:37:33.000+05:45
10261,188372,64,41.3,NP,2024-03-24T18:06:16.000+05:45
10101,188546,427,8.9,NP,2023-02-23T21:14:07.000+05:45
10203,189612,431,30.45,NP,2024-10-06T12:31:24.000+05:45
10421,190177,363,19.43,US,2023-10-21T21:25:10.000+05:45
10026,190704,4,27.83,NP,2025-06-30T18:36:42.000+05:45
10223,190785,285,27.5,JP,2025-05-21T16:43:02.000+05:45
10145,191703,369,264.46,NP,2025-04-17T10:25:17.000+05:45
10384,193129,302,20.85,NP,2024-03-08T15:37:30.000+05:45
10475,193608,235,72.11,IN,2025-06-12T06:48:45.000+05:45
10223,194362,272,124.74,NP,2023-06-25T08:08:59.000+05:45
10071,195267,160,189.24,US,2024-01-18T17:26:16.000+05:45
10002,199677,210,54.16,NP,2025-07-27T05:40:20.000+05:45
10098,201174,353,148.01,NP,2023-01-20T16:15:52.000+05:45
10164,202311,401,88.02,JP,2023-08-26T20:37:03.000+05:45
10402,202788,277,32.79,IN,2025-09-17T17:49:36.000+05:45
10117,206108,221,86.36,JP,2025-11-24T05:06:33.000+05:45
10057,206769,207,135.05,NP,2024-10-17T07:03:32.000+05:45
10419,207165,80,240.42,BR,2024-07-29T10:11:04.000+05:45
10285,207605,134,12.23,NP,2023-11-29T04:54:27.000+05:45
10070,211976,170,3.09,NP,2023-09-23T01:09:48.000+05:45
10289,215497,256,32.76,US,2025-02-01T15:17:11.000+05:45
10289,215579,166,44.27,NP,2024-05-27T14:18:00.000+05:45
10409,216392,84,57.05,NP,2026-05-04T00:29:51.000+05:45
10298,216417,17,31.04,NP,2024-12-23T08:09:19.000+05:45
10480,217294,347,26.53,NP,2023-04-29T06:04:37.000+05:45
10412,217452,485,124.23,NP,2024-10-14T11:37:33.000+05:45
10134,217528,299,36.1,NP,2023-11-22T04:22:46.000+05:45
10446,219435,410,7.76,NP,2026-01-30T13:10:42.000+05:45
10401,222438,275,169.61,US,2024-05-24T10:20:15.000+05:45
10188,223564,202,129.69,DE,2023-04-29T13:55:57.000+05:45
10212,228835,274,118.84,NP,2024-07-27T00:34:16.000+05:45
10403,231258,396,176.46,NP,2025-06-28T20:55:33.000+05:45
10359,231612,147,8.26,NP,2024-08-02T14:45:32.000+05:45
10338,232635,293,168.08,NP,2026-02-03T10:16:37.000+05:45
10354,233388,460,71.13,NP,2023-11-02T09:14:52.000+05:45
10003,234246,177,92.06,NP,2025-06-30T23:10:43.000+05:45
10276,237257,399,139.57,NP,2023-02-02T18:00:34.000+05:45
10213,240481,277,188.43,BR,2024-07-13T19:53:18.000+05:45
10256,240779,30,14.22,DE,2024-08-21T15:04:15.000+05:45
10339,242256,389,22.3,GB,2024-01-07T18:28:46.000+05:45
10205,244499,378,2.28,NP,2025-12-06T18:26:06.000+05:45
10262,244719,64,43.55,IN,2024-08-28T02:25:25.000+05:45
10325,247512,62,275.7,JP,2023-06-19T11:47:04.000+05:45
10267,249789,143,83.94,US,2025-12-10T16:22:55.000+05:45
10404,251203,118,150.61,BR,2024-09-27T20:01:33.000+05:45
10089,251659,174,2.68,NP,2023-08-26T22:06:22.000+05:45
10090,252778,408,53.14,IN,2025-02-14T11:48:06.000+05:45
10217,252831,242,118.95,NP,2025-01-23T04:23:01.000+05:45
10386,253086,23,253.98,NP,2026-02-15T18:56:58.000+05:45
10283,253967,44,130.93,NP,2023-09-06T15:01:00.000+05:45
10167,254536,179,110.08,NP,2025-02-19T05:47:29.000+05:45
10256,254930,306,16.51,DE,2024-06-18T22:27:21.000+05:45
10227,256649,178,91.7,NP,2025-12-28T17:01:15.000+05:45
10146,257010,303,101.38,US,2023-03-15T11:06:14.000+05:45
10120,257168,469,147.88,NP,2025-08-31T22:17:26.000+05:45
10352,257318,310,114.36,NP,2025-01-25T05:38:49.000+05:45
10049,257458,192,192.56,NP,2026-01-17T06:41:02.000+05:45
10337,258347,244,100.29,NP,2024-06-30T00:11:23.000+05:45
10185,261401,207,45.67,JP,2025-02-26T00:12:08.000+05:45
10260,262008,356,122.41,NP,2023-08-02T06:26:07.000+05:45
10286,262197,459,88.37,JP,2025-06-30T08:35:47.000+05:45
10382,262577,261,12.0,NP,2024-02-24T21:30:55.000+05:45
10372,263078,385,12.76,NP,2025-06-12T21:28:49.000+05:45
10469,265556,262,35.21,BR,2024-07-29T14:43:45.000+05:45
10142,266091,407,135.9,NP,2024-04-02T10:40:34.000+05:45
10118,267146,491,77.56,NP,2025-10-19T12:25:31.000+05:45
10070,267425,386,182.6,BR,2023-07-15T23:17:29.000+05:45
10291,269157,1,48.93,NP,2024-01-24T21:54:24.000+05:45
10365,269976,422,48.48,NP,2023-08-23T05:58:19.000+05:45
10077,270554,345,58.52,IN,2024-03-28T00:02:41.000+05:45
10319,270822,266,267.72,NP,2024-07-13T19:30:42.000+05:45
10377,270959,193,63.75,IN,2026-05-11T19:15:08.000+05:45
10241,271066,192,186.46,NP,2025-12-11T20:40:23.000+05:45
10075,271709,105,71.52,NP,2025-09-22T00:58:46.000+05:45
10013,272692,356,122.71,DE,2024-07-21T08:32:53.000+05:45
10068,272867,442,145.63,US,2024-05-06T08:29:29.000+05:45
10399,273833,362,2.95,US,2024-09-13T23:37:46.000+05:45
10494,274174,406,283.85,IN,2023-08-27T01:22:53.000+05:45
10128,274449,287,32.5,DE,2024-07-07T16:04:41.000+05:45
10230,274634,182,35.71,IN,2024-08-09T21:09:02.000+05:45
10154,275077,494,2.18,IN,2026-06-28T00:49:19.000+05:45
10150,275484,42,72.88,JP,2026-01-18T08:23:41.000+05:45
10032,276398,302,91.88,GB,2024-12-07T11:42:38.000+05:45
10154,277451,300,115.65,NP,2024-10-25T09:29:07.000+05:45
10345,280190,273,24.85,US,2026-02-12T21:16:28.000+05:45
10301,280350,51,168.28,AU,2024-09-14T11:49:01.000+05:45
10376,280586,236,42.84,NP,2023-10-25T08:08:45.000+05:45
10264,281601,199,146.43,AU,2023-03-30T19:43:49.000+05:45
10148,282765,270,23.73,NP,2026-04-08T14:01:11.000+05:45
10379,283543,499,18.39,NP,2023-02-25T10:11:19.000+05:45
10460,285070,15,51.63,NP,2023-06-16T03:19:38.000+05:45
10085,285149,250,26.61,GB,2025-03-17T03:38:30.000+05:45
10342,285280,198,30.12,IN,2026-04-18T05:50:48.000+05:45
10109,290025,218,108.11,NP,2026-05-06T20:06:11.000+05:45
10129,292350,124,90.25,NP,2024-02-18T13:50:17.000+05:45
10414,292546,334,26.59,NP,2026-02-01T13:13:27.000+05:45
10026,296209,372,43.6,NP,2026-05-15T23:07:28.000+05:45
10082,296575,370,78.32,NP,2024-12-18T05:43:07.000+05:45
10135,298387,440,46.04,BR,2024-05-17T22:37:37.000+05:45
10282,298542,85,27.03,GB,2024-05-29T01:04:45.000+05:45
10313,299329,257,70.31,GB,2023-08-01T16:06:15.000+05:45
10201,301184,215,111.02,NP,2023-05-14T21:05:02.000+05:45
10022,303138,186,36.94,NP,2025-06-13T17:58:54.000+05:45
10041,303305,278,53.21,NP,2025-04-20T11:27:10.000+05:45
10356,304501,27,63.6,BR,2024-02-29T20:34:58.000+05:45
10345,307791,177,120.72,IN,2026-06-02T14:46:54.000+05:45
10147,308561,479,37.43,NP,2024-09-22T01:05:00.000+05:45
10488,309604,235,84.39,BR,2023-08-31T04:12:40.000+05:45
10429,310148,3,144.77,NP,2026-01-04T18:56:54.000+05:45
10131,311576,40,119.56,NP,2026-04-27T20:18:15.000+05:45
10059,312259,138,57.8,NP,2025-05-17T10:42:47.000+05:45
10453,313689,86,150.22,NP,2025-05-27T07:48:34.000+05:45
10478,315350,278,49.66,NP,2023-05-18T17:21:00.000+05:45
10042,315696,348,184.88,IN,2023-09-23T04:05:18.000+05:45
10111,319285,131,75.43,NP,2025-09-14T23:02:10.000+05:45
10311,322552,103,171.19,IN,2025-04-12T03:05:47.000+05:45
10235,323528,193,135.28,NP,2025-09-23T05:25:56.000+05:45
10257,323652,89,180.9,DE,2023-09-11T01:35:41.000+05:45
10219,325013,284,175.62,NP,2025-03-03T03:18:25.000+05:45
10335,325243,398,41.96,BR,2023-08-19T14:24:20.000+05:45
10209,325704,226,3.87,BR,2026-05-11T19:37:49.000+05:45
10127,326369,18,48.72,NP,2023-06-18T01:31:04.000+05:45
10424,329247,105,112.87,NP,2024-10-20T06:25:32.000+05:45
10227,329902,84,29.75,NP,2024-11-18T16:52:17.000+05:45
10149,336142,84,53.66,NP,2024-03-16T14:48:31.000+05:45
10226,336471,5,17.65,NP,2026-06-11T04:53:13.000+05:45
10354,343394,420,81.05,NP,2025-08-07T14:14:52.000+05:45
10339,343970,89,29.12,NP,2024-07-31T04:43:47.000+05:45
10412,344534,446,22.94,NP,2023-02-07T06:06:39.000+05:45
10271,345116,151,25.13,NP,2025-08-19T22:14:07.000+05:45
10099,347832,117,3.45,US,2023-12-07T21:17:38.000+05:45
10402,348439,32,70.64,NP,2025-05-11T23:07:34.000+05:45
10425,349942,136,297.49,IN,2023-12-22T05:03:47.000+05:45
10415,351626,168,54.29,NP,2025-05-02T00:16:26.000+05:45
10262,352148,37,3.26,IN,2023-08-06T08:29:17.000+05:45
10469,352651,96,70.24,NP,2024-10-12T09:25:46.000+05:45
10370,354006,415,15.48,NP,2023-06-17T04:20:11.000+05:45
10482,354695,205,270.94,NP,2024-02-13T23:43:18.000+05:45
10204,354701,427,40.24,NP,2024-03-29T05:08:01.000+05:45
10483,354737,104,59.59,NP,2025-10-20T13:44:26.000+05:45
10423,355060,486,120.54,JP,2025-12-19T05:37:15.000+05:45
10118,357874,169,117.0,NP,2023-01-02T18:54:07.000+05:45
10046,359029,275,33.85,NP,2023-05-18T18:25:51.000+05:45
10037,359142,135,94.22,JP,2026-02-12T22:20:11.000+05:45
10268,362837,281,58.3,IN,2023-10-23T06:57:08.000+05:45
10290,367709,125,128.9,NP,2024-04-23T15:23:54.000+05:45
10010,368666,345,112.85,IN,2025-08-31T07:18:19.000+05:45
10025,370508,322,22.33,NP,2025-05-24T07:54:15.000+05:45
10087,370665,252,4.26,AU,2025-10-30T04:43:10.000+05:45
10070,370894,368,55.39,NP,2025-10-31T06:29:23.000+05:45
10444,371141,23,154.19,NP,2024-11-24T06:06:27.000+05:45
10246,371556,281,7.43,NP,2025-11-04T22:16:16.000+05:45
10228,373323,123,7.11,NP,2024-02-24T22:48:09.000+05:45
10277,373438,335,3.68,AU,2024-09-30T02:52:48.000+05:45
10039,373731,316,67.39,NP,2023-07-06T22:27:32.000+05:45
10234,374259,408,52.19,NP,2024-01-25T15:06:49.000+05:45
10151,374423,327,418.51,NP,2023-05-10T08:37:59.000+05:45
10226,374939,496,10.79,GB,2023-02-14T01:52:53.000+05:45
10216,378438,57,19.13,NP,2025-01-26T08:10:55.000+05:45
10171,380807,249,106.62,GB,2023-03-22T08:10:16.000+05:45
10412,381068,32,59.56,NP,2024-02-13T03:05:45.000+05:45
10175,383788,375,16.26,NP,2024-04-03T08:40:54.000+05:45
10394,384222,463,13.62,BR,2023-06-01T17:00:13.000+05:45
10253,384646,44,81.74,JP,2025-11-18T12:08:43.000+05:45
10478,384738,174,21.17,NP,2024-05-30T08:41:40.000+05:45
10410,385627,352,97.0,NP,2023-11-01T16:23:56.000+05:45
10127,386639,109,58.44,JP,2023-12-11T01:18:17.000+05:45
10439,386887,234,25.33,NP,2025-10-29T14:16:15.000+05:45
10268,387658,140,88.89,NP,2024-05-23T18:02:22.000+05:45
10472,388132,323,60.68,DE,2023-07-27T13:05:40.000+05:45
10441,391906,388,59.81,NP,2023-04-17T05:35:20.000+05:45
10248,392115,348,79.83,US,2024-07-27T23:24:01.000+05:45
10460,392206,474,46.9,NP,2023-12-17T20:35:58.000+05:45
10127,392301,36,106.66,NP,2025-09-19T02:30:12.000+05:45
10179,394435,325,68.03,NP,2026-04-22T12:46:50.000+05:45
10125,395281,409,58.95,NP,2024-03-26T05:47:49.000+05:45
10471,397275,97,96.56,JP,2024-05-08T19:28:11.000+05:45
10359,397692,279,206.81,US,2024-01-30T04:02:54.000+05:45
10334,398400,461,72.6,NP,2023-07-03T18:05:52.000+05:45
10343,399059,19,30.75,DE,2024-02-02T20:33:27.000+05:45
10331,399957,59,48.19,NP,2026-05-27T08:18:17.000+05:45
10009,400307,208,197.14,US,2023-11-14T14:59:00.000+05:45
10149,400527,259,104.97,NP,2025-08-28T03:20:42.000+05:45
10294,400626,333,53.17,NP,2023-09-12T11:33:46.000+05:45
10106,400905,133,98.05,NP,2023-07-14T22:28:43.000+05:45
10360,401790,449,195.96,JP,2026-03-25T06:28:38.000+05:45
10403,402115,25,169.43,NP,2025-06-02T19:28:33.000+05:45
10138,403839,240,20.96,NP,2024-06-23T12:22:20.000+05:45
10144,404477,213,8.3,NP,2024-07-03T06:08:22.000+05:45
10143,405199,175,237.1,NP,2025-03-16T17:57:49.000+05:45
10245,406308,400,7.94,NP,2025-11-01T10:32:51.000+05:45
10181,406589,388,67.98,AU,2024-05-26T19:51:27.000+05:45
10469,407430,192,195.51,BR,2024-08-15T22:55:51.000+05:45
10101,407609,308,50.33,IN,2025-12-25T16:55:18.000+05:45
10278,407718,392,3.59,NP,2024-10-08T05:59:31.000+05:45
10256,410461,119,110.81,JP,2024-06-06T12:54:51.000+05:45
10130,413128,353,17.07,US,2024-09-12T07:56:23.000+05:45
10306,417435,52,22.28,DE,2023-06-02T09:22:45.000+05:45
10113,418651,462,80.04,US,2023-02-03T06:07:08.000+05:45
10317,419620,107,19.28,NP,2025-06-12T02:51:52.000+05:45
10056,420126,377,311.18,GB,2025-04-11T00:48:18.000+05:45
10289,420968,390,37.83,NP,2023-02-20T08:29:52.000+05:45
10296,421514,302,4.04,AU,2025-03-07T15:51:37.000+05:45
10435,421661,452,21.97,NP,2025-11-26T12:50:11.000+05:45
10037,421951,46,88.1,IN,2024-07-18T17:25:09.000+05:45
10286,422308,215,47.75,AU,2026-03-22T03:19:06.000+05:45
10409,424535,196,101.95,NP,2023-05-10T04:04:21.000+05:45
10070,425147,326,294.94,NP,2026-02-05T01:30:56.000+05:45
10362,425958,132,17.0,NP,2026-02-05T12:11:48.000+05:45
10010,429807,195,60.03,NP,2024-12-26T22:25:05.000+05:45
10237,430492,475,108.15,NP,2024-07-28T14:13:26.000+05:45
10293,430933,222,140.12,NP,2024-11-03T03:39:59.000+05:45
10156,431464,137,13.8,IN,2023-03-22T17:02:10.000+05:45
10249,432833,219,64.45,NP,2024-04-14T06:32:17.000+05:45
10215,433635,293,83.26,US,2023-06-20T12:33:07.000+05:45
10019,434719,289,113.1,US,2024-03-15T15:25:00.000+05:45
10273,435210,246,1.43,NP,2024-08-09T09:02:10.000+05:45
10092,439337,277,94.06,DE,2024-01-08T20:47:11.000+05:45
10043,439404,133,20.52,US,2025-02-01T04:54:31.000+05:45
10068,442569,15,28.55,NP,2023-10-24T07:48:59.000+05:45
10207,443285,343,33.33,NP,2025-10-10T14:21:01.000+05:45
10113,443812,114,287.97,DE,2025-05-22T12:55:11.000+05:45
10075,443858,493,36.94,JP,2025-02-13T04:40:38.000+05:45
10075,444069,334,223.62,NP,2025-12-10T02:02:32.000+05:45
10462,444319,486,236.24,NP,2024-11-09T13:12:21.000+05:45
10063,445115,87,1.67,NP,2023-08-21T13:27:35.000+05:45
10225,445844,490,152.67,NP,2026-05-24T07:06:41.000+05:45
10071,446665,129,36.71,DE,2024-05-15T19:22:40.000+05:45
10386,446667,108,65.92,NP,2023-03-16T05:47:01.000+05:45
10187,447142,286,93.35,NP,2025-06-01T16:27:30.000+05:45
10281,453359,7,3.53,BR,2026-03-14T05:34:59.000+05:45
10253,453394,464,108.63,NP,2026-04-11T15:21:36.000+05:45
10097,454271,73,3.58,NP,2025-05-20T22:47:58.000+05:45
10363,456136,233,128.27,NP,2023-10-17T18:25:14.000+05:45
10228,457155,452,21.07,NP,2023-07-24T19:05:08.000+05:45
10176,457229,114,9.64,NP,2025-08-01T23:14:03.000+05:45
10199,457917,216,305.22,IN,2026-01-16T16:37:16.000+05:45
10320,458441,473,81.33,NP,2025-12-05T18:18:46.000+05:45
10150,458513,292,154.66,NP,2023-10-24T10:44:18.000+05:45
10342,459501,83,27.87,IN,2026-06-05T15:49:02.000+05:45
10356,460861,335,135.58,NP,2024-01-21T04:27:35.000+05:45
10013,461247,384,69.43,US,2024-01-04T20:57:40.000+05:45
10432,461946,349,144.34,IN,2025-04-14T14:06:03.000+05:45
10449,463031,423,2.83,NP,2026-04-26T09:05:34.000+05:45
10244,463413,42,48.54,GB,2025-10-11T23:46:33.000+05:45
10191,463448,108,26.04,NP,2024-01-31T01:14:41.000+05:45
10383,464329,256,78.47,IN,2025-07-30T23:04:33.000+05:45
10098,464938,36,51.42,NP,2024-12-25T16:26:30.000+05:45
10069,465012,438,11.12,NP,2024-08-11T15:05:45.000+05:45
10441,465527,288,20.61,IN,2024-12-22T15:09:21.000+05:45
10271,466176,201,2.94,IN,2024-08-31T07:23:21.000+05:45
10006,466883,237,4.72,BR,2025-05-13T11:02:39.000+05:45
10186,468898,173,3.11,AU,2025-08-08T06:09:55.000+05:45
10323,469616,201,53.48,AU,2025-05-25T03:39:57.000+05:45
10173,469903,107,100.77,US,2026-04-02T22:35:43.000+05:45
10314,470282,451,16.92,US,2023-06-02T06:38:43.000+05:45
10429,471096,121,10.82,NP,2025-04-18T14:50:26.000+05:45
10260,472265,243,33.71,NP,2026-02-01T18:09:31.000+05:45
10010,472772,29,90.9,NP,2024-07-31T12:19:44.000+05:45
10425,473928,241,51.53,US,2023-10-02T03:05:12.000+05:45
10380,474355,10,275.6,NP,2023-08-01T14:48:46.000+05:45
10310,474491,401,1.31,IN,2025-10-21T01:37:26.000+05:45
10059,475645,19,48.47,JP,2024-12-11T03:33:55.000+05:45
10030,479065,150,25.88,US,2023-03-01T22:31:06.000+05:45
10252,479188,440,37.7,GB,2024-07-14T03:27:21.000+05:45
10213,480147,298,13.0,BR,2025-12-24T05:53:33.000+05:45
10226,481979,23,63.04,US,2025-02-28T02:59:32.000+05:45
10264,482309,341,45.62,NP,2024-06-08T14:07:54.000+05:45
10429,482786,300,15.33,IN,2024-03-22T22:37:35.000+05:45
10217,483170,166,81.0,NP,2024-04-01T12:23:51.000+05:45
10291,485239,266,179.26,AU,2024-06-30T00:36:19.000+05:45
10188,487832,427,53.14,NP,2025-03-13T09:42:03.000+05:45
10348,488741,52,66.8,US,2023-05-07T19:33:31.000+05:45
10419,489541,12,13.26,IN,2023-01-02T17:44:30.000+05:45
10423,489869,1,125.96,US,2025-02-28T23:23:30.000+05:45
10157,491814,63,247.25,NP,2023-04-24T05:26:55.000+05:45
10166,492571,117,9.41,NP,2026-02-25T01:01:21.000+05:45
10333,493012,6,12.08,US,2024-07-21T09:16:22.000+05:45
10391,493775,67,38.72,NP,2025-12-12T05:58:13.000+05:45
10241,498417,193,143.63,NP,2024-10-27T22:15:52.000+05:45
10087,498504,445,15.56,DE,2025-11-14T08:32:07.000+05:45
10345,501698,256,104.78,DE,2025-07-23T20:15:29.000+05:45
10089,504645,408,34.25,NP,2023-05-28T01:22:05.000+05:45
10159,505477,118,26.06,GB,2023-03-21T00:13:00.000+05:45
10188,508923,206,28.74,AU,2026-06-09T07:59:44.000+05:45
10388,511085,64,38.05,NP,2025-06-18T11:08:59.000+05:45
10411,511847,61,142.47,IN,2026-02-23T01:48:36.000+05:45
10250,514685,127,42.6,NP,2023-08-08T02:36:50.000+05:45
10200,516327,494,8.81,NP,2026-05-13T00:44:51.000+05:45
10188,517077,226,93.4,NP,2025-05-26T16:03:47.000+05:45
10450,517334,338,165.15,NP,2024-02-19T12:21:15.000+05:45
10278,517865,260,21.3,US,2023-08-22T07:29:43.000+05:45
10225,518275,53,24.19,NP,2025-10-30T22:56:20.000+05:45
10136,518791,271,134.59,US,2024-05-15T08:41:14.000+05:45
10425,519014,268,84.24,NP,2025-06-15T20:22:10.000+05:45
10194,519851,292,147.41,NP,2025-03-03T00:48:49.000+05:45
10028,519880,122,22.47,US,2023-01-29T14:17:31.000+05:45
10132,520267,213,41.92,NP,2026-05-05T11:49:09.000+05:45
10475,520307,468,20.36,NP,2024-09-29T02:32:57.000+05:45
10144,520477,40,134.19,IN,2024-07-21T16:10:40.000+05:45
10182,522226,9,55.3,NP,2026-04-26T16:04:56.000+05:45
10422,522579,348,176.36,NP,2025-05-12T14:03:49.000+05:45
10191,522926,419,28.93,GB,2024-10-03T16:54:07.000+05:45
10441,524604,373,50.91,NP,2024-07-13T03:51:10.000+05:45
10166,526372,440,93.93,US,2025-09-06T05:15:50.000+05:45
10183,526897,364,56.95,US,2024-05-13T16:55:48.000+05:45
10452,527351,445,5.74,NP,2024-10-10T00:30:59.000+05:45
10459,527746,122,6.51,US,2025-02-16T06:27:40.000+05:45
10141,528421,308,146.29,AU,2024-04-13T14:37:07.000+05:45
10486,528813,114,42.73,IN,2024-10-10T08:05:37.000+05:45
10384,528931,441,221.99,NP,2025-08-05T17:17:35.000+05:45
10451,529065,361,118.33,US,2024-12-18T18:00:06.000+05:45
10409,530483,369,1.84,IN,2025-09-16T23:16:24.000+05:45
10332,530579,422,3.94,IN,2024-01-13T23:29:45.000+05:45
10412,531141,231,1.3,IN,2025-05-13T02:33:47.000+05:45
10260,531530,317,29.69,JP,2024-10-13T08:33:23.000+05:45
10464,532498,273,47.32,NP,2023-12-18T23:55:42.000+05:45
10487,533010,183,34.5,NP,2025-11-24T19:03:31.000+05:45
10407,533763,342,8.59,NP,2026-04-19T00:48:33.000+05:45
10243,535409,328,25.3,IN,2023-07-08T08:45:55.000+05:45
10281,537489,491,64.55,NP,2023-11-18T12:18:14.000+05:45
10458,538950,91,17.48,NP,2026-04-13T17:39:07.000+05:45
10443,539283,253,177.51,NP,2025-04-20T23:04:41.000+05:45
10028,539998,253,6.5,NP,2024-08-05T17:27:21.000+05:45
10417,540362,84,91.81,NP,2026-06-03T22:13:26.000+05:45
10219,542307,256,60.05,NP,2023-02-08T22:33:53.000+05:45
10431,543358,137,63.5,GB,2023-01-16T03:51:41.000+05:45
10370,546687,46,13.65,NP,2025-11-09T14:24:08.000+05:45
10249,548672,136,188.89,US,2023-01-19T01:40:16.000+05:45
10328,549994,159,115.18,NP,2023-09-02T21:16:58.000+05:45
10389,550091,400,114.33,NP,2023-10-13T23:22:38.000+05:45
10116,550691,135,9.2,NP,2024-02-14T11:47:15.000+05:45
10238,551218,36,41.12,US,2024-11-29T00:12:16.000+05:45
10056,551944,25,48.24,AU,2025-03-16T21:12:45.000+05:45
10126,553721,214,24.2,NP,2024-09-27T07:57:17.000+05:45
10500,554008,58,42.41,NP,2025-05-03T15:19:14.000+05:45
10112,554276,467,6.45,IN,2026-03-10T08:07:43.000+05:45
10135,555008,211,117.76,NP,2024-03-31T14:36:22.000+05:45
10154,556321,349,106.87,US,2026-04-05T10:38:16.000+05:45
10465,557179,450,73.22,IN,2024-04-27T08:48:15.000+05:45
10125,558001,176,211.53,NP,2023-02-12T08:12:36.000+05:45
10196,558703,214,24.66,NP,2024-03-28T09:56:17.000+05:45
10409,558903,58,81.03,NP,2026-03-07T10:36:33.000+05:45
10246,559237,244,111.06,NP,2023-05-27T06:00:59.000+05:45
10274,559437,356,12.54,NP,2024-06-11T23:56:33.000+05:45
10245,560156,172,57.07,AU,2025-09-19T03:03:42.000+05:45
10376,560157,24,36.25,US,2023-01-27T05:25:25.000+05:45
10201,562625,271,67.18,NP,2025-03-13T23:59:45.000+05:45
10443,562979,185,26.09,NP,2024-04-04T12:08:06.000+05:45
10466,564380,375,239.8,IN,2026-05-05T03:47:19.000+05:45
10041,564550,333,74.03,DE,2025-03-06T06:52:58.000+05:45
10472,564869,225,18.76,US,2023-08-17T12:52:11.000+05:45
10177,565145,397,41.54,NP,2024-02-07T23:42:00.000+05:45
10278,565438,488,498.89,JP,2026-03-01T00:23:02.000+05:45
10065,565534,466,11.36,NP,2023-07-13T21:44:51.000+05:45
10351,565614,44,11.92,NP,2025-10-09T19:50:54.000+05:45
10164,568648,411,85.68,AU,2025-04-26T14:28:05.000+05:45
10243,569195,349,75.09,NP,2024-03-21T12:56:44.000+05:45
10253,569776,244,170.97,IN,2024-08-25T13:46:48.000+05:45
10367,570097,247,30.2,NP,2024-09-03T15:19:10.000+05:45
10389,571694,304,194.33,IN,2026-01-03T02:19:37.000+05:45
10372,571812,250,37.43,US,2026-05-07T23:39:20.000+05:45
10007,572377,480,215.75,NP,2024-03-09T21:35:35.000+05:45
10484,574179,276,11.32,NP,2023-12-09T16:40:03.000+05:45
10493,574473,351,85.96,JP,2026-06-06T17:32:38.000+05:45
10406,574847,386,115.11,IN,2023-02-13T07:50:28.000+05:45
10222,576251,112,250.54,BR,2024-08-01T03:51:35.000+05:45
10096,576677,420,96.91,NP,2024-12-25T16:35:06.000+05:45
10170,578045,439,23.41,NP,2025-05-27T09:05:31.000+05:45
10209,578738,29,110.52,JP,2023-06-27T08:49:14.000+05:45
10430,578974,88,164.59,NP,2024-09-05T16:56:41.000+05:45
10110,579412,246,328.45,NP,2024-12-02T11:01:54.000+05:45
10357,581381,250,231.8,IN,2024-12-06T21:17:24.000+05:45
10158,583886,179,39.71,IN,2024-04-24T11:38:31.000+05:45
10020,584347,389,74.59,AU,2024-03-19T09:56:59.000+05:45
10165,584772,298,267.33,JP,2026-05-27T06:32:19.000+05:45
10371,585763,143,20.52,US,2024-06-27T13:14:42.000+05:45
10153,586794,318,48.3,NP,2023-12-20T13:47:33.000+05:45
10328,587320,183,136.82,NP,2025-01-20T12:17:20.000+05:45
10389,588722,27,25.44,IN,2023-06-28T19:29:49.000+05:45
10213,588880,171,68.47,US,2023-05-08T13:56:11.000+05:45
10369,589999,246,32.73,NP,2026-04-06T17:59:18.000+05:45
10348,590809,261,10.1,GB,2024-02-22T08:36:02.000+05:45
10145,593013,130,125.02,US,2025-06-22T02:19:55.000+05:45
10280,593815,257,47.73,NP,2024-07-14T01:01:27.000+05:45
10236,594371,11,45.29,NP,2023-04-25T08:24:15.000+05:45
10494,594662,102,196.42,NP,2023-04-24T09:42:28.000+05:45
10490,594801,264,44.7,AU,2026-03-10T05:35:35.000+05:45
10164,596352,140,90.56,GB,2025-04-28T08:03:56.000+05:45
10222,598461,257,57.58,NP,2023-03-07T05:42:31.000+05:45
10138,598655,299,14.71,NP,2024-01-19T15:50:09.000+05:45
10388,599231,315,220.11,NP,2023-01-30T18:03:23.000+05:45
10328,599733,31,210.79,NP,2023-05-26T13:53:39.000+05:45
10259,600233,426,15.22,US,2024-06-21T17:34:56.000+05:45
10124,600641,125,67.02,US,2024-05-01T20:20:33.000+05:45
10076,600934,109,176.29,NP,2024-05-07T00:38:01.000+05:45
10179,604846,469,24.08,DE,2026-02-07T15:56:25.000+05:45
10227,606247,298,189.08,NP,2023-01-12T15:35:07.000+05:45
10425,606489,285,111.92,NP,2024-07-24T20:49:05.000+05:45
10343,606938,129,22.0,IN,2023-12-25T05:21:27.000+05:45
10144,608820,79,28.37,AU,2026-05-14T10:03:59.000+05:45
10461,609271,336,37.93,NP,2025-01-15T17:25:34.000+05:45
10277,609385,321,140.56,AU,2026-02-13T03:57:48.000+05:45
10231,610383,468,72.1,NP,2023-05-01T05:46:10.000+05:45
10403,612560,213,150.61,IN,2024-11-06T18:21:55.000+05:45
10093,613652,143,79.24,GB,2024-02-15T22:31:25.000+05:45
10021,614224,90,72.96,NP,2023-12-08T11:46:56.000+05:45
10053,617618,247,115.28,NP,2024-09-03T06:08:02.000+05:45
10305,619709,3,34.68,IN,2024-07-12T13:50:15.000+05:45
10010,620454,472,97.05,DE,2026-01-15T12:53:47.000+05:45
10077,621253,316,2.63,NP,2025-10-18T00:15:24.000+05:45
10166,621982,486,43.64,NP,2026-01-14T10:59:54.000+05:45
10186,622548,234,85.09,NP,2025-03-23T23:46:23.000+05:45
10198,624918,418,18.68,NP,2025-03-29T13:48:41.000+05:45
10174,625270,392,52.3,NP,2024-10-10T17:05:20.000+05:45
10498,626438,193,63.09,US,2023-03-26T01:59:05.000+05:45
10343,629272,126,57.45,IN,2025-09-19T06:05:40.000+05:45
10243,630776,340,5.26,NP,2025-01-25T03:03:39.000+05:45
10019,633377,80,28.97,NP,2026-03-13T05:40:17.000+05:45
10223,633424,182,39.64,NP,2025-12-07T06:56:15.000+05:45
10470,634422,326,120.49,AU,2023-05-20T06:08:31.000+05:45
10247,635414,84,42.27,NP,2023-08-17T21:55:59.000+05:45
10475,636099,479,71.2,NP,2026-02-19T09:48:43.000+05:45
10053,636490,407,38.18,NP,2025-04-26T16:06:31.000+05:45
10497,636749,130,25.47,NP,2023-05-07T13:29:02.000+05:45
10346,638654,262,33.99,NP,2025-02-20T18:59:04.000+05:45
10441,638895,173,218.01,NP,2024-08-01T02:25:45.000+05:45
10054,642733,79,61.45,NP,2024-02-02T22:28:49.000+05:45
10242,643758,341,5.82,NP,2026-05-28T12:45:10.000+05:45
10488,644662,307,35.64,NP,2023-07-11T15:07:17.000+05:45
10228,645655,456,37.13,US,2023-04-23T13:32:57.000+05:45
10260,646276,112,40.82,NP,2025-01-24T07:47:02.000+05:45
10051,647647,366,40.78,AU,2026-06-19T19:26:27.000+05:45
10431,648809,295,65.57,NP,2025-04-24T17:08:47.000+05:45
10488,649484,108,49.87,NP,2023-03-04T03:43:19.000+05:45
10128,654054,465,11.36,NP,2025-04-29T16:01:18.000+05:45
10430,654218,199,56.82,NP,2026-04-12T04:00:01.000+05:45
10095,654662,15,46.72,GB,2025-06-05T14:40:29.000+05:45
10122,655009,387,14.95,NP,2026-05-11T23:51:32.000+05:45
10478,655158,271,232.73,IN,2023-06-13T02:45:25.000+05:45
10268,656734,495,7.56,NP,2023-05-30T05:17:22.000+05:45
10446,657493,407,140.37,AU,2023-09-24T19:38:23.000+05:45
10266,658721,239,73.84,NP,2025-03-06T17:03:30.000+05:45
10454,659898,133,55.04,NP,2025-11-12T23:09:24.000+05:45
10101,660895,206,2.75,IN,2024-08-12T02:13:42.000+05:45
10121,666453,104,516.06,NP,2026-03-31T19:32:43.000+05:45
10061,667940,213,118.99,IN,2025-09-11T22:42:45.000+05:45
10168,668845,102,83.33,NP,2023-02-10T21:04:53.000+05:45
10285,669841,260,25.17,JP,2025-09-08T22:45:55.000+05:45
10326,670557,262,45.24,NP,2023-11-24T01:00:26.000+05:45
10456,671365,452,99.36,IN,2024-07-01T14:23:47.000+05:45
10112,671489,15,147.8,US,2024-10-10T16:17:38.000+05:45
10251,672226,87,69.55,NP,2025-05-29T13:53:00.000+05:45
10435,672420,17,153.91,IN,2023-06-09T12:25:54.000+05:45
10490,672611,190,24.11,IN,2023-03-20T08:37:39.000+05:45
10158,673522,458,48.63,JP,2025-03-10T18:54:59.000+05:45
10427,674161,422,9.38,NP,2026-06-08T00:06:51.000+05:45
10101,674519,37,18.23,IN,2024-06-13T04:01:59.000+05:45
10320,676120,102,43.24,NP,2025-10-28T05:00:31.000+05:45
10489,676875,306,114.02,US,2025-12-07T06:36:44.000+05:45
10115,677809,264,256.65,NP,2025-11-28T03:42:29.000+05:45
10358,680299,434,68.19,GB,2023-05-30T20:40:02.000+05:45
10211,682307,360,197.81,NP,2026-05-05T02:36:41.000+05:45
10498,682550,500,59.49,NP,2024-06-01T10:09:00.000+05:45
10332,685615,433,58.3,AU,2024-08-14T05:29:45.000+05:45
10327,686160,492,75.05,NP,2024-06-28T00:05:17.000+05:45
10359,688259,406,17.54,BR,2023-11-24T14:56:30.000+05:45
10044,690977,137,38.09,AU,2025-07-26T15:04:43.000+05:45
10401,693190,33,371.78,NP,2025-03-23T07:31:11.000+05:45
10286,694390,432,13.72,DE,2026-01-26T00:00:09.000+05:45
10269,695944,144,60.63,DE,2024-01-28T08:55:44.000+05:45
10295,696024,392,83.98,NP,2023-08-17T02:22:39.000+05:45
10381,697197,410,18.19,JP,2026-05-28T16:10:04.000+05:45
10206,698149,451,127.27,US,2024-01-17T10:04:27.000+05:45
10267,698802,40,262.07,DE,2024-09-02T18:04:22.000+05:45
10483,699688,372,17.41,DE,2024-03-25T07:45:05.000+05:45
10486,699980,413,60.81,IN,2025-04-24T12:15:13.000+05:45
10232,700531,111,88.69,AU,2025-02-19T06:56:42.000+05:45
10055,701769,294,40.25,NP,2025-08-16T16:10:51.000+05:45
10320,703192,385,212.01,NP,2026-04-06T05:14:54.000+05:45
10087,703960,427,2.54,IN,2025-12-28T08:40:32.000+05:45
10267,704454,7,67.47,NP,2023-05-26T13:46:07.000+05:45
10353,705149,500,217.52,US,2023-06-12T12:52:04.000+05:45
10468,705332,488,96.26,GB,2023-04-12T00:05:16.000+05:45
10266,706142,211,48.88,AU,2023-02-16T00:26:55.000+05:45
10261,706616,172,32.12,NP,2023-06-12T02:07:02.000+05:45
10259,706761,500,34.53,IN,2024-12-17T20:02:34.000+05:45
10463,707164,85,48.8,NP,2025-05-03T09:50:24.000+05:45
10098,708455,24,12.15,NP,2026-06-26T14:20:09.000+05:45
10456,709746,493,275.61,NP,2023-03-17T01:13:02.000+05:45
10075,711445,282,18.87,NP,2023-07-20T03:11:05.000+05:45
10366,712061,20,196.32,NP,2026-02-17T16:08:47.000+05:45
10188,712709,30,30.02,AU,2023-08-05T10:15:56.000+05:45
10090,714204,239,64.01,NP,2023-02-22T06:19:13.000+05:45
10334,714249,34,33.36,NP,2025-06-17T04:30:14.000+05:45
10058,714912,115,18.14,NP,2026-05-28T14:16:52.000+05:45
10095,715123,349,352.87,NP,2025-02-06T21:13:56.000+05:45
10403,716226,432,126.92,NP,2025-07-16T01:40:29.000+05:45
10163,717470,268,70.85,NP,2025-05-19T15:57:33.000+05:45
10355,718134,34,191.6,GB,2024-10-27T20:52:30.000+05:45
10430,719713,27,71.79,NP,2024-12-04T15:55:21.000+05:45
10389,720836,423,25.58,NP,2025-01-13T06:44:00.000+05:45
10056,720922,201,170.7,NP,2024-07-25T13:26:25.000+05:45
10063,721406,195,45.01,JP,2024-07-24T02:04:47.000+05:45
10320,721521,83,11.99,BR,2025-11-14T10:25:23.000+05:45
10340,722072,121,143.8,NP,2024-09-04T06:23:28.000+05:45
10330,722759,235,44.16,NP,2025-09-29T22:46:57.000+05:45
10034,722889,56,37.8,NP,2024-10-03T02:42:24.000+05:45
10031,724138,45,47.27,NP,2023-10-07T19:49:25.000+05:45
10077,725276,336,223.25,DE,2023-03-18T18:24:05.000+05:45
10378,725668,399,7.97,NP,2025-06-25T14:08:37.000+05:45
10014,725798,344,142.12,NP,2025-04-09T15:23:52.000+05:45
10186,727364,430,246.38,NP,2024-07-29T19:56:16.000+05:45
10267,730405,492,9.43,NP,2023-11-14T19:38:13.000+05:45
10364,730730,163,178.04,NP,2023-06-28T03:44:35.000+05:45
10300,731406,288,16.79,NP,2023-06-05T08:00:52.000+05:45
10444,733849,426,2.49,DE,2023-07-19T17:59:01.000+05:45
10087,734299,230,94.17,NP,2024-07-07T02:29:02.000+05:45
10373,735266,53,72.42,NP,2023-10-25T19:21:08.000+05:45
10302,736287,359,29.14,NP,2024-08-08T01:06:53.000+05:45
10396,738197,267,9.67,NP,2025-12-15T06:17:03.000+05:45
10174,738284,1,2.32,NP,2024-09-27T23:59:37.000+05:45
10115,740873,56,160.16,NP,2025-02-05T02:44:56.000+05:45
10324,741881,93,33.3,NP,2024-11-24T05:05:12.000+05:45
10108,743441,191,38.55,NP,2024-08-08T15:33:40.000+05:45
10180,745672,95,173.32,US,2025-01-03T00:46:37.000+05:45
10057,746460,355,113.59,AU,2024-05-07T17:26:32.000+05:45
10158,749918,151,160.66,NP,2026-05-22T09:11:22.000+05:45
10091,751011,77,159.57,NP,2024-09-20T17:52:33.000+05:45
10376,752931,93,10.56,IN,2024-09-11T16:11:43.000+05:45
10359,753013,483,58.11,DE,2025-10-11T13:40:10.000+05:45
10331,753085,411,180.46,NP,2023-10-02T10:03:42.000+05:45
10401,753118,21,25.67,NP,2023-01-09T02:23:56.000+05:45
10476,754963,397,203.95,BR,2024-10-01T16:54:41.000+05:45
10044,755583,288,8.85,DE,2023-07-27T13:59:02.000+05:45
10299,755613,405,58.88,AU,2023-03-01T06:32:16.000+05:45
10485,756186,280,73.21,NP,2025-03-03T10:11:22.000+05:45
10290,758064,400,60.54,NP,2026-05-05T04:16:27.000+05:45
10054,759659,161,3.81,NP,2025-05-01T12:58:37.000+05:45
10107,760365,275,24.28,BR,2023-11-22T13:57:28.000+05:45
10257,764094,328,105.13,NP,2024-05-27T10:03:01.000+05:45
10101,764457,243,25.86,NP,2025-04-16T03:57:59.000+05:45
10468,765325,239,36.56,NP,2024-01-09T04:32:55.000+05:45
10385,766830,366,26.56,US,2023-11-20T10:04:48.000+05:45
10488,768153,87,152.67,BR,2025-10-18T19:11:45.000+05:45
10008,768261,73,11.15,DE,2023-12-21T19:49:29.000+05:45
10280,769823,489,76.05,NP,2024-05-20T04:51:40.000+05:45
10349,773325,64,114.4,NP,2024-01-28T09:55:13.000+05:45
10261,774903,326,116.09,BR,2023-11-28T16:03:29.000+05:45
10325,774999,108,491.92,US,2025-09-11T21:17:28.000+05:45
10468,777130,486,112.47,NP,2026-02-12T18:15:23.000+05:45
10323,779110,381,225.15,AU,2025-12-01T10:04:09.000+05:45
10398,780997,408,7.28,AU,2024-04-23T16:43:44.000+05:45
10042,781389,161,89.36,JP,2024-06-18T08:58:43.000+05:45
10352,782910,123,25.67,NP,2025-05-01T00:49:49.000+05:45
10370,783207,155,175.17,NP,2024-06-06T20:11:36.000+05:45
10049,788389,267,171.23,NP,2025-01-04T20:42:34.000+05:45
10154,788894,67,110.96,NP,2024-11-21T22:47:20.000+05:45
10047,789592,317,49.67,NP,2023-10-17T15:39:32.000+05:45
10010,793555,252,17.39,BR,2023-08-04T07:16:16.000+05:45
10071,794956,73,110.4,NP,2025-12-11T06:19:52.000+05:45
10094,797014,63,207.92,NP,2026-03-17T12:25:45.000+05:45
10146,797126,299,177.12,NP,2024-09-09T05:57:58.000+05:45
10167,798316,204,198.5,JP,2023-09-19T13:37:03.000+05:45
10331,798683,474,4.12,JP,2026-05-25T12:03:32.000+05:45
10279,799867,64,40.52,NP,2025-04-28T13:35:04.000+05:45
10297,800914,383,174.75,DE,2025-12-19T02:22:50.000+05:45
10220,802448,376,306.95,DE,2025-09-24T14:07:01.000+05:45
10212,804404,203,95.33,IN,2024-11-01T15:39:42.000+05:45
10267,804836,379,134.98,IN,2023-09-07T23:20:07.000+05:45
10153,806184,280,26.22,NP,2026-05-17T23:43:56.000+05:45
10473,807985,478,30.89,NP,2025-11-15T21:16:19.000+05:45
10177,808536,231,102.48,NP,2023-02-23T11:30:33.000+05:45
10138,809652,191,48.81,NP,2025-01-08T14:32:49.000+05:45
10456,810352,481,59.37,NP,2025-03-29T14:48:54.000+05:45
10349,811069,348,18.55,NP,2024-01-26T04:59:44.000+05:45
10016,812609,5,204.65,NP,2024-11-08T23:11:40.000+05:45
10044,813776,132,61.08,NP,2024-03-14T01:20:45.000+05:45
10071,814197,412,53.52,IN,2025-07-27T09:39:49.000+05:45
10136,814459,488,41.86,NP,2023-05-14T00:31:14.000+05:45
10226,815295,204,5.28,BR,2023-08-18T02:42:54.000+05:45
10178,815460,197,174.48,JP,2025-06-30T06:35:03.000+05:45
10209,819278,363,19.19,JP,2025-01-28T00:27:30.000+05:45
10447,819553,325,79.17,NP,2025-08-07T12:05:46.000+05:45
10173,820259,250,7.34,NP,2023-11-27T10:41:21.000+05:45
10149,820692,298,18.83,JP,2024-03-16T03:04:47.000+05:45
10254,821466,179,151.45,NP,2024-03-07T03:07:04.000+05:45
10397,825320,434,50.66,NP,2024-02-12T19:58:30.000+05:45
10423,825439,46,10.03,NP,2023-07-02T06:23:20.000+05:45
10309,827977,259,79.66,AU,2023-05-28T12:21:45.000+05:45
10002,832057,406,38.12,NP,2023-04-14T13:29:00.000+05:45
10483,832936,145,33.05,NP,2024-10-23T14:31:37.000+05:45
10054,835825,118,21.62,NP,2025-05-04T22:55:58.000+05:45
10271,837582,254,90.2,NP,2023-01-29T20:21:37.000+05:45
10404,837658,162,172.21,NP,2023-02-07T02:11:24.000+05:45
10271,838429,291,34.44,DE,2023-04-09T05:49:04.000+05:45
10167,839545,245,89.65,IN,2023-12-02T14:15:30.000+05:45
10458,840573,418,95.16,NP,2024-06-13T21:41:03.000+05:45
10436,842602,308,19.21,NP,2025-10-04T18:45:56.000+05:45
10199,844000,349,197.42,NP,2023-10-08T19:51:49.000+05:45
10021,847183,471,52.2,NP,2023-02-09T21:10:51.000+05:45
10083,847563,406,57.81,US,2025-09-23T20:37:29.000+05:45
10215,851714,178,188.83,IN,2024-06-23T17:58:31.000+05:45
10162,852830,31,19.35,NP,2023-06-30T12:13:04.000+05:45
10233,859367,52,45.23,NP,2023-11-20T13:13:33.000+05:45
10476,862524,227,253.5,NP,2024-11-09T06:57:50.000+05:45
10088,863617,147,25.15,NP,2026-02-19T03:30:12.000+05:45
10345,865909,388,18.33,NP,2023-07-02T05:38:08.000+05:45
10438,867709,479,105.65,US,2023-05-17T23:37:55.000+05:45
10226,868439,433,8.79,NP,2024-06-27T11:12:05.000+05:45
10403,868676,445,196.17,NP,2025-02-04T22:34:50.000+05:45
10089,869684,392,105.51,NP,2025-08-31T00:48:48.000+05:45
10090,871012,205,8.72,NP,2025-10-20T05:30:14.000+05:45
10382,872554,385,160.76,NP,2026-05-21T02:54:41.000+05:45
10093,872737,210,89.8,BR,2024-01-04T11:07:30.000+05:45
10284,873176,250,43.56,NP,2024-01-19T00:41:27.000+05:45
10218,874094,216,57.18,NP,2025-12-08T07:42:24.000+05:45
10046,875904,497,133.32,NP,2025-04-18T04:56:31.000+05:45
10119,876749,210,104.19,NP,2023-07-07T06:40:21.000+05:45
10343,880489,177,177.89,NP,2025-11-08T04:43:00.000+05:45
10226,881127,112,11.54,NP,2026-04-11T22:59:05.000+05:45
10098,881198,229,17.88,NP,2024-04-21T19:04:39.000+05:45
10005,882278,408,102.23,IN,2025-10-15T00:17:53.000+05:45
10386,884377,210,11.01,NP,2023-04-05T08:11:35.000+05:45
10411,884436,114,24.4,JP,2025-09-21T12:20:04.000+05:45
10389,885012,23,43.47,US,2023-11-12T15:43:12.000+05:45
10025,885151,25,16.98,US,2025-06-18T04:53:03.000+05:45
10282,886933,77,4.19,NP,2024-01-08T01:55:16.000+05:45
10224,887760,415,58.67,AU,2023-11-19T11:22:43.000+05:45
10104,892018,193,195.27,NP,2024-02-23T20:08:05.000+05:45
10127,895071,476,17.42,US,2024-07-04T10:39:50.000+05:45
10031,896914,257,59.59,NP,2025-12-27T02:54:41.000+05:45
10279,897354,184,17.18,NP,2024-11-06T04:28:05.000+05:45
10442,900923,208,31.61,NP,2024-06-21T18:01:07.000+05:45
10081,901144,495,87.58,NP,2026-03-02T09:21:06.000+05:45
10444,904536,170,122.46,NP,2023-11-26T08:21:25.000+05:45
10128,906565,257,194.29,BR,2024-05-07T18:35:05.000+05:45
10371,909864,368,135.96,IN,2024-08-04T05:24:22.000+05:45
10096,909927,253,117.57,NP,2023-09-15T18:01:08.000+05:45
10323,910526,177,109.31,AU,2023-04-27T04:09:44.000+05:45
10262,911032,56,11.22,NP,2023-12-01T01:51:07.000+05:45
10004,911222,103,124.92,NP,2023-10-22T02:28:31.000+05:45
10401,914416,170,90.13,US,2024-12-27T23:45:16.000+05:45
10466,915262,132,9.13,BR,2026-05-16T01:05:35.000+05:45
10002,915424,79,59.36,NP,2024-06-15T16:38:42.000+05:45
10079,916247,153,5.57,IN,2023-09-25T01:35:03.000+05:45
10262,918515,451,76.61,GB,2025-07-29T23:09:48.000+05:45
10203,920835,217,39.45,JP,2024-08-27T22:36:40.000+05:45
10108,921839,340,80.62,US,2023-07-27T02:00:16.000+05:45
10285,921922,92,30.92,GB,2026-06-26T20:12:19.000+05:45
10185,922515,56,18.45,IN,2025-05-03T18:37:20.000+05:45
10321,922761,228,59.36,AU,2023-08-05T12:45:43.000+05:45
10372,923550,437,340.12,DE,2024-10-18T11:19:04.000+05:45
10334,924919,114,191.54,NP,2024-09-08T11:13:32.000+05:45
10264,925946,121,8.94,NP,2025-05-04T22:15:27.000+05:45
10156,927531,119,16.95,IN,2025-01-09T13:28:38.000+05:45
10153,928552,402,35.59,NP,2025-08-03T14:58:26.000+05:45
10062,929302,353,245.77,NP,2025-03-28T09:54:32.000+05:45
10261,929521,426,358.45,NP,2024-06-21T12:44:52.000+05:45
10362,929902,224,37.1,IN,2023-02-06T01:56:00.000+05:45
10149,929946,83,63.51,NP,2024-11-24T22:27:32.000+05:45
10348,930206,274,3.08,NP,2026-01-09T20:16:04.000+05:45
10120,932223,408,100.87,IN,2026-03-02T22:48:13.000+05:45
10102,932249,280,67.85,NP,2025-03-28T05:05:34.000+05:45
10355,936145,427,96.45,NP,2025-03-06T03:48:47.000+05:45
10327,936297,143,17.81,NP,2023-09-27T13:38:21.000+05:45
10092,936332,214,26.11,NP,2026-05-28T19:01:36.000+05:45
10124,938860,169,65.73,NP,2024-05-20T14:31:53.000+05:45
10103,938863,390,251.99,AU,2023-03-16T08:08:33.000+05:45
10209,940010,339,32.44,NP,2025-01-02T15:00:48.000+05:45
10183,941399,4,17.58,NP,2023-05-24T23:11:48.000+05:45
10056,941777,380,218.07,NP,2023-01-22T15:18:44.000+05:45
10197,944449,176,331.34,NP,2023-08-16T00:27:50.000+05:45
10283,944629,397,104.73,NP,2024-12-21T05:03:52.000+05:45
10422,944982,79,22.95,IN,2026-06-09T08:13:11.000+05:45
10066,945429,304,54.74,NP,2026-01-13T06:27:17.000+05:45
10385,946594,39,5.26,NP,2023-12-19T21:32:43.000+05:45
10101,946688,34,152.97,NP,2025-09-27T09:43:27.000+05:45
10169,947076,247,33.76,IN,2026-06-24T07:30:20.000+05:45
10312,947967,475,274.73,NP,2025-03-11T01:43:45.000+05:45
10182,948837,77,65.22,NP,2024-05-01T06:05:47.000+05:45
10482,950059,254,140.28,NP,2023-07-10T23:10:05.000+05:45
10092,950660,498,11.36,NP,2023-03-18T12:17:29.000+05:45
10453,953191,104,42.76,NP,2024-08-15T20:30:34.000+05:45
10458,954522,181,27.42,US,2024-06-27T14:02:54.000+05:45
10497,955198,217,83.29,NP,2026-05-13T18:22:50.000+05:45
10410,955817,330,89.58,NP,2025-08-23T13:46:44.000+05:45
10295,959381,7,10.38,NP,2023-02-10T23:32:25.000+05:45
10460,961249,324,68.82,DE,2026-03-22T22:29:54.000+05:45
10394,961759,334,93.93,NP,2024-08-05T01:23:04.000+05:45
10372,962481,69,236.14,DE,2023-06-10T22:19:17.000+05:45
10468,963464,215,6.15,NP,2025-11-09T00:01:52.000+05:45
10218,966334,183,76.82,GB,2023-12-12T04:38:48.000+05:45
10347,966546,357,97.69,NP,2024-08-17T16:00:53.000+05:45
10082,968304,289,33.34,NP,2024-07-25T12:44:30.000+05:45
10265,968476,156,18.02,BR,2023-09-10T15:38:34.000+05:45
10420,969315,208,50.0,AU,2024-09-05T06:34:16.000+05:45
10304,969804,497,83.51,US,2024-10-25T01:41:19.000+05:45
10120,970800,219,65.6,NP,2024-09-04T22:30:52.000+05:45
10236,971191,293,81.84,DE,2024-06-26T05:03:46.000+05:45
10229,972296,296,138.5,GB,2023-03-12T10:29:29.000+05:45
10196,973091,67,58.73,AU,2023-07-01T03:54:40.000+05:45
10315,974539,63,2.74,NP,2025-08-09T13:34:07.000+05:45
10187,975447,302,2.61,NP,2024-07-27T04:56:11.000+05:45
10238,976159,446,27.35,NP,2024-09-05T06:42:12.000+05:45
10498,976682,430,50.71,DE,2025-09-08T21:57:58.000+05:45
10246,977260,267,12.59,NP,2024-04-22T20:58:03.000+05:45
10448,977935,262,24.29,NP,2024-01-30T15:28:26.000+05:45
10240,979371,402,227.5,NP,2023-05-18T20:56:44.000+05:45
10375,979693,318,119.44,US,2024-01-05T06:55:09.000+05:45
10371,981157,19,17.59,NP,2025-08-04T04:54:50.000+05:45
10027,981412,75,27.62,NP,2024-05-30T06:32:58.000+05:45
10490,982047,416,3.13,AU,2025-12-18T04:24:16.000+05:45
10117,983190,359,533.8,BR,2026-06-23T23:58:13.000+05:45
10056,983230,451,68.36,NP,2025-09-17T04:46:24.000+05:45
10378,983472,112,5.9,NP,2025-03-08T22:16:25.000+05:45
10425,983750,161,289.78,NP,2023-04-01T03:56:46.000+05:45
10298,984386,500,73.11,NP,2024-07-27T04:05:55.000+05:45
10059,984961,244,148.66,NP,2025-11-20T21:12:18.000+05:45
10043,986950,342,65.25,AU,2024-08-03T15:12:01.000+05:45
10025,988109,6,20.18,NP,2023-11-16T06:13:14.000+05:45
10174,989051,362,27.87,US,2025-03-02T11:41:57.000+05:45
10218,994436,475,143.99,NP,2025-08-01T11:22:05.000+05:45
10434,994485,28,223.05,NP,2023-05-16T15:56:06.000+05:45
10054,995427,218,135.51,NP,2023-02-04T12:11:09.000+05:45
10260,996553,220,32.12,NP,2026-04-26T15:08:59.000+05:45
10190,996880,54,15.02,AU,2025-04-22T13:33:38.000+05:45
10051,997011,358,15.76,NP,2023-11-24T20:04:35.000+05:45
10413,999551,194,45.23,US,2025-05-24T09:45:16.000+05:45
10329,608,96,5.64,NP,2025-02-19T13:00:31.000+05:45
10471,1188,279,8.14,NP,2023-02-19T15:30:20.000+05:45
10388,1450,432,117.72,US,2024-05-07T14:32:07.000+05:45
10114,2707,151,27.94,AU,2025-09-21T15:27:03.000+05:45
10472,5399,247,92.16,AU,2025-05-18T05:58:29.000+05:45
10286,6356,352,110.72,JP,2025-04-10T12:00:18.000+05:45
10138,7394,466,50.2,NP,2024-04-24T11:28:15.000+05:45
10398,8677,300,24.02,IN,2026-01-11T07:49:16.000+05:45
10144,9210,339,105.74,NP,2024-05-27T00:42:22.000+05:45
10174,10825,143,48.49,NP,2024-03-10T11:35:01.000+05:45
10267,10865,151,77.82,IN,2026-01-16T16:49:07.000+05:45
10034,11236,151,96.78,AU,2023-08-16T11:30:18.000+05:45
10137,12053,434,49.24,NP,2024-10-14T16:21:19.000+05:45
10048,13209,436,110.29,NP,2024-01-24T18:38:05.000+05:45
10426,14664,408,251.45,NP,2024-06-27T03:30:17.000+05:45
10158,14962,166,6.71,JP,2023-06-20T22:50:00.000+05:45
10357,17474,263,11.85,NP,2026-02-12T15:19:07.000+05:45
10096,18625,193,75.24,NP,2024-05-15T11:16:16.000+05:45
10451,19568,224,77.33,AU,2024-07-11T17:49:56.000+05:45
10179,19835,479,61.06,AU,2023-04-17T01:36:57.000+05:45
10446,19914,221,24.86,NP,2023-09-27T20:30:21.000+05:45
10129,20202,495,35.06,IN,2024-09-06T10:02:12.000+05:45
10476,20541,169,23.86,GB,2023-11-18T12:55:15.000+05:45
10429,24428,343,93.58,JP,2024-12-14T02:35:45.000+05:45
10335,24449,193,4.0,GB,2025-01-29T04:29:01.000+05:45
10477,24502,187,75.49,NP,2026-06-06T09:04:10.000+05:45
10491,24790,5,85.18,NP,2025-06-30T16:32:42.000+05:45
10129,25774,203,22.11,GB,2024-08-27T04:26:56.000+05:45
10304,25903,49,116.26,JP,2026-05-29T15:52:46.000+05:45
10096,26117,160,12.02,NP,2026-01-16T14:00:18.000+05:45
10247,27516,372,54.14,NP,2025-04-25T06:11:28.000+05:45
10399,28615,218,7.59,AU,2023-11-10T05:29:29.000+05:45
10150,29851,21,40.45,NP,2023-06-03T04:36:16.000+05:45
10007,29886,288,129.33,IN,2024-06-05T22:22:00.000+05:45
10418,33648,295,2.35,NP,2025-04-06T15:25:20.000+05:45
10455,35006,26,61.39,NP,2023-01-26T03:07:18.000+05:45
10208,35611,192,70.39,NP,2024-01-08T11:51:48.000+05:45
10209,35729,500,25.43,NP,2026-02-15T09:38:30.000+05:45
10441,38869,29,11.16,NP,2023-03-27T19:37:01.000+05:45
10192,39260,431,88.94,BR,2024-06-13T19:28:25.000+05:45
10164,39707,371,102.56,JP,2024-10-14T17:02:37.000+05:45
10021,40260,262,37.52,NP,2024-08-03T08:28:23.000+05:45
10176,42126,314,24.14,JP,2024-11-09T02:44:18.000+05:45
10332,42962,465,143.57,NP,2023-08-05T13:07:16.000+05:45
10478,44841,261,50.59,AU,2024-02-20T08:41:56.000+05:45
10136,45637,61,21.5,NP,2026-01-13T14:59:36.000+05:45
10250,45980,489,15.72,NP,2023-05-19T05:24:34.000+05:45
10429,46497,326,57.35,US,2025-06-24T07:12:10.000+05:45
10082,47918,151,342.16,US,2025-06-28T12:30:33.000+05:45
10179,48158,275,85.7,IN,2026-02-09T17:40:54.000+05:45
10351,49695,374,95.45,NP,2025-10-24T15:05:50.000+05:45
10131,50801,328,119.59,IN,2024-07-28T22:45:35.000+05:45
10238,51882,430,153.97,DE,2024-03-01T00:04:08.000+05:45
10255,54594,261,35.49,NP,2025-06-20T00:28:56.000+05:45
10034,55000,282,185.4,NP,2023-12-12T01:21:46.000+05:45
10030,55944,68,17.14,IN,2025-09-12T22:09:35.000+05:45
10028,56242,392,6.42,AU,2025-07-08T07:42:07.000+05:45
10290,57283,486,51.05,NP,2026-03-29T13:00:22.000+05:45
10067,60235,150,113.16,NP,2024-03-08T01:30:57.000+05:45
10088,61216,453,17.08,DE,2024-02-03T08:28:52.000+05:45
10432,61507,68,128.85,NP,2023-11-17T03:53:47.000+05:45
10207,63828,325,135.66,IN,2025-06-17T20:43:49.000+05:45
10113,64627,430,49.17,NP,2025-06-22T19:18:28.000+05:45
10167,64793,458,44.04,JP,2023-10-27T18:59:00.000+05:45
10025,66196,284,436.17,NP,2025-02-07T16:22:36.000+05:45
10273,67067,191,58.69,NP,2025-01-25T00:14:46.000+05:45
10203,67705,319,62.27,JP,2024-05-25T15:28:09.000+05:45
10412,68055,444,170.44,US,2023-12-09T19:21:27.000+05:45
10173,68276,160,39.88,JP,2026-05-11T06:20:26.000+05:45
10259,68665,249,88.73,AU,2026-05-06T14:18:46.000+05:45
10169,68878,224,143.08,NP,2024-06-08T20:22:41.000+05:45
10403,71748,149,60.83,JP,2023-09-01T01:43:58.000+05:45
10394,71993,302,42.32,NP,2025-11-24T00:55:39.000+05:45
10159,72708,369,64.12,IN,2024-01-20T06:57:51.000+05:45
10497,74571,361,55.4,NP,2025-11-25T18:30:17.000+05:45
10422,75065,57,81.14,NP,2025-05-09T03:07:46.000+05:45
10230,77690,124,56.39,IN,2024-05-31T03:45:39.000+05:45
10092,79901,6,69.26,NP,2023-12-07T08:09:37.000+05:45
10292,81092,6,33.45,NP,2023-08-22T16:19:02.000+05:45
10174,82769,478,34.64,AU,2025-09-25T10:49:50.000+05:45
10033,86025,77,109.06,NP,2025-12-18T19:37:20.000+05:45
10317,86094,499,97.41,NP,2024-02-04T11:09:47.000+05:45
10386,86925,259,135.42,NP,2026-04-03T22:25:11.000+05:45
10075,88095,172,34.17,NP,2024-06-19T22:22:37.000+05:45
10435,88210,397,40.38,NP,2023-07-07T17:28:22.000+05:45
10444,88416,368,136.49,NP,2023-12-17T04:49:39.000+05:45
10382,88526,32,47.07,NP,2023-06-25T10:00:09.000+05:45
10136,88669,19,17.69,NP,2025-09-24T00:54:33.000+05:45
10393,89338,386,38.1,IN,2026-05-29T09:24:03.000+05:45
10036,90195,318,6.35,NP,2024-09-10T20:03:24.000+05:45
10296,92364,237,41.89,NP,2024-07-14T02:17:09.000+05:45
10224,92474,15,14.01,NP,2023-11-05T18:30:50.000+05:45
10392,94553,291,61.09,NP,2025-12-16T16:48:57.000+05:45
10465,99427,244,103.34,NP,2026-04-16T20:00:01.000+05:45
10475,100893,3,13.11,DE,2023-08-21T03:24:32.000+05:45
10399,101320,413,98.82,US,2024-11-02T19:40:46.000+05:45
10425,103250,343,35.65,IN,2024-11-15T18:40:37.000+05:45
10180,107409,338,90.54,NP,2026-05-01T03:41:17.000+05:45
10087,108373,107,88.41,NP,2025-09-27T00:31:18.000+05:45
10090,108893,152,5.23,NP,2024-09-21T18:07:12.000+05:45
10066,109994,348,173.89,NP,2023-08-29T23:19:00.000+05:45
10164,110078,225,62.42,NP,2026-06-08T22:51:52.000+05:45
10056,111048,2,37.1,NP,2024-09-12T09:51:56.000+05:45
10382,111235,113,78.37,DE,2025-05-25T23:13:10.000+05:45
10378,111987,497,242.22,NP,2023-05-11T14:04:09.000+05:45
10448,113539,176,85.13,DE,2026-02-11T16:20:28.000+05:45
10322,113823,24,94.68,NP,2025-11-17T12:28:06.000+05:45
10086,113830,430,31.29,NP,2025-10-04T23:19:17.000+05:45
10317,114442,83,155.38,NP,2024-07-02T19:16:33.000+05:45
10035,114648,47,187.15,GB,2026-04-27T09:15:55.000+05:45
10284,117214,164,39.78,NP,2024-08-08T19:59:37.000+05:45
10368,117519,424,68.76,NP,2024-01-07T19:45:56.000+05:45
10278,118002,329,132.7,NP,2026-06-16T12:08:22.000+05:45
10341,119920,494,13.5,NP,2026-01-04T11:56:35.000+05:45
10419,123836,270,128.2,NP,2024-12-09T20:19:13.000+05:45
10469,123899,11,5.95,AU,2025-12-09T10:00:27.000+05:45
10418,124510,229,115.0,GB,2026-01-10T18:05:53.000+05:45
10363,124657,315,118.46,NP,2023-04-14T18:54:41.000+05:45
10049,126230,54,137.45,NP,2024-10-02T02:16:05.000+05:45
10416,126764,25,280.26,NP,2025-07-05T15:18:17.000+05:45
10452,128239,230,137.11,BR,2024-07-10T06:05:49.000+05:45
10090,129891,184,10.85,DE,2023-03-18T11:46:41.000+05:45
10160,130632,308,132.3,JP,2025-09-12T10:33:49.000+05:45
10118,130787,191,4.25,NP,2023-11-09T22:13:37.000+05:45
10473,130855,56,84.01,NP,2025-03-04T22:18:59.000+05:45
10148,131671,180,42.78,NP,2026-05-03T02:58:20.000+05:45
10437,133105,374,50.09,BR,2025-07-08T09:18:24.000+05:45
10492,135281,153,160.01,IN,2026-01-19T17:52:43.000+05:45
10311,136094,300,49.3,JP,2025-12-04T09:50:30.000+05:45
10469,137611,456,51.19,NP,2025-04-06T10:28:28.000+05:45
10410,137630,23,25.24,NP,2023-02-23T17:12:02.000+05:45
10255,137713,421,187.33,IN,2023-10-17T10:05:26.000+05:45
10414,138466,16,57.03,IN,2024-06-20T21:43:01.000+05:45
10359,138708,310,5.9,GB,2024-07-05T04:49:00.000+05:45
10179,138787,443,68.8,NP,2023-11-04T00:03:42.000+05:45
10156,138788,70,39.33,AU,2025-04-21T12:44:47.000+05:45
10117,138930,347,45.83,IN,2024-06-01T23:11:36.000+05:45
10295,143230,145,38.3,US,2025-07-19T07:33:26.000+05:45
10229,143868,7,55.49,JP,2025-03-27T00:02:34.000+05:45
10463,145538,52,75.1,NP,2026-06-11T13:06:33.000+05:45
10080,146532,306,63.51,NP,2024-10-04T02:05:24.000+05:45
10356,146763,307,40.64,US,2025-03-01T13:09:09.000+05:45
10155,146897,123,27.35,NP,2025-07-02T11:43:18.000+05:45
10285,147600,305,88.69,NP,2025-08-24T01:17:20.000+05:45
10401,147856,393,3.17,IN,2023-05-17T01:44:44.000+05:45
10108,149100,299,1.21,IN,2025-12-14T20:45:38.000+05:45
10479,149154,278,2.33,US,2024-03-26T22:05:40.000+05:45
10085,150909,479,79.17,AU,2026-01-07T04:39:10.000+05:45
10179,151909,315,89.91,JP,2026-04-30T06:17:29.000+05:45
10283,152264,128,51.92,NP,2023-12-22T16:37:24.000+05:45
10233,152306,406,1.25,BR,2024-01-11T16:56:32.000+05:45
10492,152626,123,46.15,NP,2024-04-27T01:12:25.000+05:45
10399,152785,440,30.96,NP,2024-11-23T23:48:36.000+05:45
10485,154114,288,73.73,NP,2024-07-18T14:48:52.000+05:45
10171,156357,254,21.69,US,2025-02-23T05:17:03.000+05:45
10414,156429,468,105.86,NP,2025-07-22T14:54:18.000+05:45
10498,159629,319,90.94,JP,2025-06-13T02:59:21.000+05:45
10432,159632,368,38.08,GB,2025-12-23T09:17:04.000+05:45
10363,160341,431,164.07,IN,2025-05-18T23:00:15.000+05:45
10068,160736,204,24.45,US,2023-04-21T03:37:30.000+05:45
10221,162332,499,189.28,IN,2023-02-15T07:01:01.000+05:45
10003,163220,29,21.67,AU,2024-08-18T10:35:08.000+05:45
10375,163560,276,92.32,NP,2026-03-30T10:16:50.000+05:45
10362,163888,30,6.41,AU,2025-04-06T02:32:01.000+05:45
10021,163909,288,89.79,IN,2023-12-10T14:42:14.000+05:45
10366,164893,80,129.06,NP,2023-11-13T14:14:26.000+05:45
10028,164928,456,105.41,NP,2024-05-22T18:20:55.000+05:45
10264,167179,467,55.67,NP,2026-02-09T15:44:51.000+05:45
10493,168580,394,20.48,NP,2024-08-03T14:49:47.000+05:45
10291,169402,119,156.48,US,2026-06-02T00:37:01.000+05:45
10157,169999,259,30.92,IN,2024-09-07T04:48:03.000+05:45
10376,170944,456,11.01,GB,2024-01-20T17:15:52.000+05:45
10214,174099,272,115.22,US,2025-09-20T09:32:26.000+05:45
10050,174914,480,17.3,NP,2024-04-24T07:50:07.000+05:45
10085,175455,67,54.13,GB,2023-10-01T06:16:35.000+05:45
10252,176365,218,111.24,IN,2025-06-01T03:24:03.000+05:45
10342,176528,425,246.82,US,2023-11-04T00:18:13.000+05:45
10319,176776,149,51.38,JP,2023-09-28T21:23:38.000+05:45
10203,178241,293,55.06,NP,2025-04-13T02:32:43.000+05:45
10379,179129,203,88.45,DE,2023-07-21T05:44:27.000+05:45
10185,179156,317,127.21,NP,2025-12-07T03:45:40.000+05:45
10043,179205,263,113.61,NP,2026-05-10T04:24:35.000+05:45
10171,179310,186,137.59,NP,2025-09-18T13:25:00.000+05:45
10089,179527,122,97.45,NP,2023-04-15T12:44:29.000+05:45
10243,180165,498,53.48,NP,2025-01-23T04:19:59.000+05:45
10417,181759,224,117.54,NP,2024-04-27T18:01:35.000+05:45
10075,182641,316,13.83,US,2024-12-01T08:48:46.000+05:45
10091,182774,235,8.61,DE,2024-04-06T21:20:21.000+05:45
10481,185677,362,124.95,NP,2025-10-06T06:25:29.000+05:45
10079,186928,488,101.53,AU,2023-06-09T01:41:29.000+05:45
10339,187953,373,6.98,NP,2026-05-08T09:59:42.000+05:45
10364,188355,424,64.44,IN,2026-05-13T17:08:01.000+05:45
10267,188918,69,178.09,NP,2023-06-06T14:07:46.000+05:45
10040,189213,278,316.14,NP,2025-04-01T09:40:03.000+05:45
10478,190707,311,335.42,DE,2024-10-07T20:51:39.000+05:45
10016,190754,140,86.76,IN,2024-05-12T09:26:33.000+05:45
10150,195060,107,53.55,NP,2024-11-20T01:19:35.000+05:45
10389,195405,75,52.07,NP,2025-03-09T09:53:21.000+05:45
10374,195743,170,1.55,IN,2024-12-05T10:47:00.000+05:45
10204,195954,91,10.86,NP,2025-09-28T09:58:07.000+05:45
10261,196352,239,55.95,NP,2025-10-28T19:14:50.000+05:45
10120,197870,473,97.23,NP,2023-09-22T03:08:29.000+05:45
10081,198318,135,11.62,NP,2025-07-23T13:10:28.000+05:45
10156,198977,457,13.81,NP,2025-11-24T15:58:35.000+05:45
10008,199167,307,66.35,NP,2023-09-16T09:13:53.000+05:45
10047,199390,30,26.83,US,2025-01-15T17:31:46.000+05:45
10357,199953,347,284.85,IN,2026-01-12T06:18:48.000+05:45
10336,200111,196,83.73,DE,2023-01-06T18:11:17.000+05:45
10493,200466,290,9.39,AU,2023-08-20T06:36:57.000+05:45
10031,201967,140,15.58,US,2024-03-03T04:36:30.000+05:45
10114,202492,412,39.15,NP,2025-03-07T17:55:24.000+05:45
10275,203497,280,2.54,US,2024-07-28T20:19:44.000+05:45
10053,205561,344,37.64,AU,2025-12-20T14:23:20.000+05:45
10426,207610,290,2.79,GB,2023-10-20T05:45:54.000+05:45
10304,207921,216,2.71,IN,2025-06-14T00:31:55.000+05:45
10256,209849,63,16.28,NP,2025-02-06T21:49:02.000+05:45
10001,210434,420,203.83,US,2023-05-17T06:52:46.000+05:45
10316,210548,121,70.46,NP,2023-03-16T04:20:37.000+05:45
10156,211078,8,111.4,GB,2023-02-10T11:41:26.000+05:45
10443,212484,92,66.29,NP,2024-06-25T11:13:34.000+05:45
10496,212835,418,77.19,NP,2026-02-18T06:26:32.000+05:45
10211,215153,188,16.89,AU,2025-12-31T04:27:50.000+05:45
10436,215569,45,258.36,NP,2023-06-19T06:55:17.000+05:45
10452,216909,413,117.25,NP,2025-05-08T21:56:17.000+05:45
10395,221440,193,183.68,NP,2024-09-25T01:50:08.000+05:45
10464,221655,272,66.85,NP,2025-10-28T03:36:23.000+05:45
10464,233272,40,119.38,NP,2025-06-23T23:15:34.000+05:45
10060,234007,378,165.92,NP,2024-10-07T07:35:48.000+05:45
10476,237549,102,103.69,NP,2026-06-21T19:42:36.000+05:45
10088,241102,117,51.01,AU,2024-07-13T20:28:02.000+05:45
10200,241417,62,124.82,NP,2023-12-23T11:19:59.000+05:45
10450,241808,216,82.43,NP,2026-04-02T09:43:18.000+05:45
10248,242858,368,3.73,NP,2024-02-05T10:03:38.000+05:45
10114,243870,322,31.52,JP,2025-04-06T23:21:23.000+05:45
10449,244765,43,307.89,NP,2025-04-17T07:41:23.000+05:45
10497,247252,83,246.97,NP,2023-10-05T23:50:16.000+05:45
10111,249667,191,50.63,US,2024-01-06T07:37:30.000+05:45
10332,251663,157,58.19,NP,2025-03-23T09:24:06.000+05:45
10039,253078,402,74.79,NP,2024-06-25T08:51:50.000+05:45
10450,253081,4,1.5,NP,2023-05-12T17:27:50.000+05:45
10096,253524,74,104.84,NP,2024-12-25T22:21:56.000+05:45
10271,256166,15,39.45,NP,2024-07-17T10:51:34.000+05:45
10115,258094,64,19.76,DE,2024-03-04T07:30:49.000+05:45
10438,258400,53,87.54,DE,2024-11-15T08:28:52.000+05:45
10069,258435,272,18.54,US,2023-02-07T10:35:41.000+05:45
10300,258605,177,58.24,NP,2024-03-23T11:55:50.000+05:45
10227,258786,70,88.81,NP,2024-07-25T23:30:19.000+05:45
10230,260554,389,62.88,NP,2024-06-27T15:13:10.000+05:45
10312,261413,59,116.22,NP,2025-04-02T08:56:12.000+05:45
10093,265554,174,20.76,IN,2023-12-05T22:49:22.000+05:45
10248,265695,414,362.26,NP,2026-04-14T04:55:31.000+05:45
10388,266597,7,22.45,NP,2025-07-15T10:35:37.000+05:45
10052,266865,299,8.28,DE,2023-02-16T07:35:01.000+05:45
10189,267279,408,58.85,NP,2025-04-22T10:39:31.000+05:45
10413,268618,459,13.37,NP,2026-02-05T14:34:18.000+05:45
10353,269644,224,328.52,JP,2025-11-03T07:33:39.000+05:45
10476,269886,369,55.39,US,2023-03-31T23:34:36.000+05:45
10013,269921,357,172.17,NP,2026-04-11T22:02:50.000+05:45
10082,274441,73,9.14,JP,2025-10-02T17:51:17.000+05:45
10142,276718,398,130.02,US,2024-09-26T08:39:45.000+05:45
10425,279734,31,10.85,NP,2023-05-20T10:13:57.000+05:45
10036,279811,241,49.69,GB,2025-05-01T11:36:27.000+05:45
10404,280574,325,226.21,GB,2024-11-14T03:46:57.000+05:45
10420,281101,9,84.0,AU,2025-12-01T19:03:25.000+05:45
10429,282404,232,273.46,DE,2023-06-30T04:08:49.000+05:45
10086,282834,328,4.85,NP,2025-12-20T06:38:13.000+05:45
10382,283811,105,179.68,NP,2023-10-04T18:56:08.000+05:45
10123,284273,464,12.98,NP,2024-01-16T15:48:45.000+05:45
10436,284630,333,17.22,NP,2023-07-25T22:20:05.000+05:45
10487,286879,407,71.23,AU,2025-01-05T07:38:04.000+05:45
10297,287023,159,42.14,NP,2023-06-21T03:18:30.000+05:45
10266,287363,59,142.46,NP,2025-07-11T23:14:02.000+05:45
10484,288992,352,80.97,NP,2023-01-12T01:00:35.000+05:45
10031,291428,47,155.01,NP,2023-09-14T20:45:38.000+05:45
10129,291437,58,49.32,AU,2023-07-18T03:31:45.000+05:45
10146,291797,266,11.19,US,2024-03-31T04:56:21.000+05:45
10227,291965,169,43.21,NP,2024-01-22T10:30:25.000+05:45
10003,292067,490,25.59,IN,2024-07-21T15:18:15.000+05:45
10193,292421,357,11.82,NP,2023-10-11T01:28:06.000+05:45
10086,293525,44,72.9,NP,2025-02-11T03:39:51.000+05:45
10373,293566,70,55.61,IN,2023-05-14T00:33:57.000+05:45
10216,294088,420,64.78,NP,2023-04-08T19:57:34.000+05:45
10261,295558,427,204.45,BR,2025-07-09T03:58:56.000+05:45
10111,296262,119,226.95,US,2023-03-20T16:38:15.000+05:45
10422,296675,34,11.64,AU,2023-11-23T18:37:56.000+05:45
10176,297143,495,49.97,AU,2023-07-31T17:40:16.000+05:45
10144,298889,19,64.56,NP,2026-03-17T20:04:50.000+05:45
10060,300946,365,127.73,AU,2023-07-21T21:08:37.000+05:45
10336,301367,430,55.71,DE,2024-12-27T17:00:49.000+05:45
10453,302140,14,10.5,NP,2024-09-15T06:21:32.000+05:45
10492,302927,224,7.04,US,2023-03-13T18:16:47.000+05:45
10285,303089,349,23.29,DE,2026-02-13T13:29:45.000+05:45
10218,303413,259,31.22,IN,2023-05-15T00:35:22.000+05:45
10028,304371,156,16.76,NP,2024-03-20T09:02:50.000+05:45
10141,306131,14,6.88,IN,2025-03-04T02:03:08.000+05:45
10078,306349,416,125.08,NP,2026-02-04T12:02:30.000+05:45
10042,306819,463,225.64,NP,2023-05-13T15:09:37.000+05:45
10413,307330,389,162.66,IN,2023-02-10T19:17:23.000+05:45
10288,309230,446,41.05,NP,2023-02-28T06:22:39.000+05:45
10478,310115,497,143.37,NP,2025-02-13T18:12:59.000+05:45
10445,313500,54,16.87,NP,2025-06-22T23:13:06.000+05:45
10114,313516,153,15.37,JP,2023-04-20T07:07:56.000+05:45
10269,314910,64,7.16,NP,2024-03-08T09:49:37.000+05:45
10479,314959,264,71.58,NP,2024-07-11T12:24:24.000+05:45
10202,316598,119,242.54,NP,2024-04-05T19:07:18.000+05:45
10007,316768,441,16.53,NP,2025-02-09T03:06:33.000+05:45
10141,317352,181,19.8,GB,2023-04-20T00:52:08.000+05:45
10044,317427,226,187.56,NP,2025-12-16T22:30:27.000+05:45
10329,318173,207,174.35,NP,2025-07-26T07:13:09.000+05:45
10289,318192,370,54.45,NP,2025-08-25T04:44:18.000+05:45
10036,320352,190,203.16,NP,2023-07-09T19:09:57.000+05:45
10200,320910,424,177.27,NP,2025-08-25T21:27:55.000+05:45
10302,321165,49,61.87,US,2023-02-16T10:41:17.000+05:45
10315,325957,135,43.25,NP,2026-04-29T01:00:37.000+05:45
10365,326116,479,130.32,NP,2026-03-16T06:37:43.000+05:45
10252,326690,305,9.48,IN,2023-01-17T06:16:07.000+05:45
10454,327689,399,34.85,NP,2024-09-23T16:58:46.000+05:45
10494,328037,61,18.44,NP,2023-01-17T23:31:48.000+05:45
10499,328267,335,87.59,NP,2026-01-29T17:37:04.000+05:45
10126,328742,175,10.8,NP,2025-06-08T03:20:21.000+05:45
10324,329376,170,85.23,NP,2025-08-20T14:17:58.000+05:45
10156,330743,134,85.13,IN,2024-06-22T19:25:27.000+05:45
10244,330910,155,197.94,NP,2025-06-25T20:30:41.000+05:45
10286,334304,29,166.38,NP,2025-01-20T19:10:22.000+05:45
10433,335752,336,15.71,NP,2024-04-28T12:44:55.000+05:45
10336,337721,426,93.08,NP,2023-05-03T15:51:34.000+05:45
10054,340472,26,125.07,NP,2025-11-10T03:40:54.000+05:45
10449,341889,215,12.09,NP,2025-11-10T07:50:31.000+05:45
10241,343488,314,51.54,NP,2025-10-17T21:19:49.000+05:45
10099,343803,149,3.74,AU,2023-08-25T14:00:24.000+05:45
10095,344723,333,2.22,NP,2024-11-04T15:35:44.000+05:45
10296,347200,251,31.01,NP,2025-06-16T12:25:23.000+05:45
10048,347454,476,44.52,IN,2025-10-19T09:24:54.000+05:45
10408,347860,356,44.21,US,2024-07-11T13:26:33.000+05:45
10361,348288,130,120.05,AU,2023-05-31T13:21:50.000+05:45
10239,348723,433,95.09,IN,2024-02-06T05:57:09.000+05:45
10145,350185,293,152.18,DE,2025-11-11T01:21:11.000+05:45
10077,350189,139,152.03,AU,2026-01-30T17:59:23.000+05:45
10336,351312,20,78.83,NP,2025-11-10T19:01:32.000+05:45
10066,354040,152,8.25,GB,2023-01-12T13:09:17.000+05:45
10145,354394,22,370.6,NP,2023-11-27T11:25:54.000+05:45
10484,358383,43,12.83,NP,2026-01-19T06:39:20.000+05:45
10043,358816,435,91.4,NP,2025-11-01T23:39:56.000+05:45
10453,359855,48,4.83,DE,2025-02-10T20:30:06.000+05:45
10128,361988,165,255.65,DE,2025-05-06T00:45:38.000+05:45
10160,362022,36,43.83,NP,2023-04-30T19:06:48.000+05:45
10478,362888,152,290.51,NP,2024-05-10T13:36:34.000+05:45
10376,363655,185,64.05,NP,2024-07-09T02:56:10.000+05:45
10285,363972,154,249.69,NP,2026-01-01T13:39:49.000+05:45
10001,364507,211,35.03,IN,2024-12-13T22:01:51.000+05:45
10293,365469,414,31.12,NP,2025-03-30T13:13:00.000+05:45
10391,366405,484,140.9,NP,2025-02-20T17:17:22.000+05:45
10356,367214,114,3.73,NP,2023-07-14T17:29:38.000+05:45
10454,372845,8,22.44,JP,2025-03-28T14:40:30.000+05:45
10051,373441,350,22.0,NP,2023-07-23T08:20:19.000+05:45
10207,374315,43,24.72,NP,2026-03-12T06:35:53.000+05:45
10455,375685,138,2.24,NP,2023-05-20T16:29:42.000+05:45
10081,377396,466,57.47,AU,2024-05-16T23:28:33.000+05:45
10103,378375,89,92.01,NP,2026-05-22T01:47:02.000+05:45
10012,378446,208,72.46,DE,2025-09-26T16:25:02.000+05:45
10412,378660,198,143.75,NP,2024-09-20T20:44:00.000+05:45
10407,379132,489,25.84,NP,2023-05-30T18:32:08.000+05:45
10486,380969,164,45.19,NP,2023-04-12T01:25:17.000+05:45
10295,382810,411,104.49,NP,2024-08-29T15:57:40.000+05:45
10095,390773,199,340.7,DE,2026-03-01T13:00:24.000+05:45
10128,392396,108,6.2,NP,2023-07-01T06:50:29.000+05:45
10384,392556,459,80.46,NP,2024-05-24T00:24:34.000+05:45
10342,392714,50,95.44,NP,2024-11-09T12:22:30.000+05:45
10213,392762,380,54.12,US,2025-04-25T11:41:22.000+05:45
10129,394155,153,15.19,NP,2025-10-03T11:47:30.000+05:45
10418,394544,248,14.16,DE,2025-01-01T17:11:13.000+05:45
10084,394878,234,69.85,NP,2025-05-14T12:43:00.000+05:45
10077,395593,415,56.16,AU,2025-04-08T05:15:42.000+05:45
10016,395758,200,33.09,DE,2023-10-20T20:03:23.000+05:45
10368,398614,240,65.16,NP,2023-06-21T01:36:35.000+05:45
10335,399937,155,183.69,NP,2025-09-05T15:58:09.000+05:45
10334,401143,202,184.92,DE,2024-07-05T04:30:13.000+05:45
10266,402599,48,142.6,NP,2025-12-05T14:05:46.000+05:45
10163,405815,105,133.76,NP,2025-08-03T22:15:50.000+05:45
10322,406572,466,39.07,NP,2025-12-16T07:36:22.000+05:45
10338,407069,304,64.47,NP,2023-02-07T12:18:55.000+05:45
10367,408427,317,341.41,AU,2024-11-17T18:54:16.000+05:45
10006,411634,106,142.15,NP,2024-12-22T19:21:02.000+05:45
10486,411693,34,69.67,NP,2025-02-08T18:29:31.000+05:45
10239,413643,229,125.66,BR,2025-07-24T18:46:59.000+05:45
10364,414094,333,89.94,NP,2025-05-14T20:42:40.000+05:45
10489,414999,137,37.88,NP,2024-03-26T03:36:42.000+05:45
10445,415494,403,17.39,NP,2024-04-14T16:18:19.000+05:45
10329,416042,308,77.62,NP,2025-05-04T14:00:37.000+05:45
10192,416616,421,66.92,IN,2023-12-24T22:19:44.000+05:45
10433,416745,272,12.05,NP,2024-05-11T18:09:03.000+05:45
10476,417358,55,17.53,NP,2025-09-12T20:48:01.000+05:45
10245,418021,412,61.87,NP,2024-09-13T00:28:39.000+05:45
10269,420358,17,77.49,NP,2024-10-06T01:27:38.000+05:45
10264,422513,14,51.06,NP,2023-02-04T09:23:08.000+05:45
10306,422517,192,39.01,IN,2023-01-25T20:56:44.000+05:45
10066,423074,407,17.99,IN,2025-09-21T00:41:46.000+05:45
10244,423573,103,1.55,NP,2024-09-07T03:02:50.000+05:45
10099,424615,452,86.18,GB,2025-08-11T06:28:13.000+05:45
10486,426548,444,115.35,NP,2026-02-23T03:43:24.000+05:45
10348,429158,183,103.35,NP,2023-11-17T18:49:32.000+05:45
10108,429453,346,106.96,NP,2025-06-06T22:33:52.000+05:45
10324,432023,372,80.93,JP,2024-06-23T04:38:33.000+05:45
10436,432229,282,23.3,NP,2026-04-19T02:12:35.000+05:45
10182,433434,38,21.38,GB,2024-11-22T18:18:28.000+05:45
10305,435319,390,30.27,GB,2024-12-04T21:37:42.000+05:45
10110,435731,234,106.85,NP,2026-06-25T06:25:33.000+05:45
10292,435949,454,61.09,DE,2024-11-25T14:33:23.000+05:45
10124,438314,406,98.62,NP,2023-12-06T04:52:25.000+05:45
10011,438407,123,47.63,NP,2024-02-11T23:09:20.000+05:45
10353,439405,226,77.67,IN,2024-01-14T02:05:35.000+05:45
10203,440457,220,119.35,JP,2023-12-28T23:06:44.000+05:45
10369,443160,331,258.51,JP,2024-12-12T15:06:30.000+05:45
10193,443224,410,15.6,NP,2023-08-20T09:40:57.000+05:45
10058,444965,360,31.31,BR,2024-01-17T13:45:19.000+05:45
10204,445303,189,80.06,GB,2026-03-24T22:51:35.000+05:45
10086,445558,401,137.96,NP,2023-07-16T04:01:04.000+05:45
10192,446029,89,4.02,NP,2025-05-26T16:48:04.000+05:45
10184,449050,468,72.6,NP,2025-08-15T20:53:53.000+05:45
10039,449097,142,14.37,GB,2023-07-03T09:38:28.000+05:45
10043,450143,376,62.69,NP,2025-09-30T03:25:55.000+05:45
10458,450733,464,12.65,NP,2024-08-20T11:43:57.000+05:45
10417,451418,346,42.08,BR,2024-05-04T20:48:46.000+05:45
10125,451547,334,33.42,GB,2024-09-17T11:40:20.000+05:45
10164,451923,156,142.39,NP,2023-07-23T14:07:31.000+05:45
10233,452759,384,52.26,NP,2025-09-05T09:45:04.000+05:45
10300,455256,244,62.81,NP,2023-10-17T17:12:36.000+05:45
10264,455390,223,78.71,US,2023-08-17T02:34:27.000+05:45
10106,455881,191,38.91,NP,2023-05-02T12:50:33.000+05:45
10292,456134,392,18.86,NP,2026-05-19T19:27:04.000+05:45
10332,456508,61,79.85,NP,2023-03-24T01:55:09.000+05:45
10064,458355,442,78.79,US,2024-07-02T22:40:22.000+05:45
10297,460572,217,97.67,BR,2026-06-20T20:28:40.000+05:45
10271,461726,29,9.56,BR,2023-11-28T16:47:41.000+05:45
10172,462009,241,95.26,NP,2023-06-11T10:13:56.000+05:45
10054,463422,64,29.48,IN,2025-02-20T15:41:45.000+05:45
10457,463888,237,62.84,US,2025-10-22T22:42:39.000+05:45
10157,464878,155,69.44,AU,2024-10-03T22:06:30.000+05:45
10425,465253,29,9.15,NP,2024-11-05T22:30:08.000+05:45
10273,465386,339,13.02,NP,2024-10-12T19:12:01.000+05:45
10426,466185,44,41.38,NP,2024-11-24T22:44:36.000+05:45
10315,466951,166,84.68,NP,2025-01-10T01:45:54.000+05:45
10359,467996,33,32.75,NP,2023-07-10T06:20:25.000+05:45
10486,469914,422,21.71,NP,2024-03-26T06:50:01.000+05:45
10471,470706,376,197.07,NP,2026-06-17T19:59:30.000+05:45
10335,471613,341,77.51,NP,2025-04-27T20:18:29.000+05:45
10080,472308,388,341.82,NP,2025-11-09T22:19:06.000+05:45
10086,472350,151,61.79,NP,2025-12-15T08:12:31.000+05:45
10425,473089,227,536.98,NP,2024-10-18T00:22:06.000+05:45
10425,473914,119,11.3,AU,2024-11-26T18:54:45.000+05:45
10403,474437,403,148.46,NP,2025-07-23T08:54:04.000+05:45
10388,476000,159,97.03,AU,2023-06-06T18:15:55.000+05:45
10260,477709,120,20.63,NP,2025-12-03T00:22:41.000+05:45
10023,479248,377,147.29,AU,2024-05-17T06:59:13.000+05:45
10239,480347,259,331.58,NP,2026-05-21T06:56:00.000+05:45
10195,481268,424,57.74,NP,2023-03-28T08:22:09.000+05:45
10006,482864,197,16.15,NP,2023-08-11T11:11:59.000+05:45
10496,482867,36,357.62,NP,2023-08-15T23:37:22.000+05:45
10426,484036,386,34.8,NP,2025-04-26T19:01:11.000+05:45
10439,489627,451,76.54,NP,2023-09-26T20:04:29.000+05:45
10106,492588,58,116.91,JP,2025-03-23T20:08:45.000+05:45
10223,492954,412,77.83,NP,2024-05-18T08:18:03.000+05:45
10194,492969,237,16.71,US,2024-12-25T08:58:59.000+05:45
10021,493368,272,53.72,NP,2024-11-19T14:33:01.000+05:45
10301,494410,474,65.58,NP,2026-06-29T21:06:01.000+05:45
10366,495929,278,73.1,BR,2025-01-06T11:13:35.000+05:45
10441,497268,137,19.0,NP,2025-12-13T15:43:30.000+05:45
10019,499634,443,3.44,JP,2026-04-13T05:31:41.000+05:45
10401,501009,254,40.63,AU,2025-10-24T08:54:51.000+05:45
10018,501228,341,17.84,NP,2025-08-08T13:14:06.000+05:45
10287,504006,265,84.83,AU,2023-02-24T05:45:14.000+05:45
10109,504029,228,117.17,GB,2026-02-22T13:21:55.000+05:45
10461,507914,488,146.0,NP,2025-12-06T06:06:46.000+05:45
10373,509410,363,8.24,NP,2023-11-24T14:50:59.000+05:45
10297,510551,344,39.6,NP,2023-10-29T10:06:43.000+05:45
10147,510761,185,201.29,NP,2024-11-07T02:23:01.000+05:45
10378,511883,57,63.21,NP,2025-07-29T02:55:38.000+05:45
10289,512018,86,65.38,NP,2023-01-13T23:26:42.000+05:45
10225,512268,115,44.79,DE,2024-01-27T16:23:30.000+05:45
10197,512601,45,56.16,JP,2024-09-16T19:42:53.000+05:45
10243,513657,431,294.03,JP,2024-09-16T13:28:47.000+05:45
10027,513699,64,5.89,BR,2024-09-24T19:32:56.000+05:45
10201,514765,386,214.33,NP,2023-03-08T20:27:27.000+05:45
10097,516072,180,229.25,NP,2023-01-05T20:36:30.000+05:45
10359,516336,227,16.14,US,2024-12-30T10:43:35.000+05:45
10137,517718,127,50.3,NP,2025-07-14T21:57:47.000+05:45
10377,525412,59,134.12,NP,2025-02-12T05:11:44.000+05:45
10490,525836,312,158.04,JP,2023-12-01T10:51:11.000+05:45
10289,525855,173,79.97,US,2025-01-01T17:35:12.000+05:45
10431,527338,286,28.58,NP,2023-05-15T18:00:04.000+05:45
10100,527787,180,41.05,NP,2025-10-02T00:23:48.000+05:45
10301,527952,58,16.0,NP,2024-02-28T05:10:57.000+05:45
10452,529983,395,183.99,US,2023-10-31T10:21:25.000+05:45
10242,533534,295,30.06,NP,2025-08-19T22:09:55.000+05:45
10106,534805,124,20.53,NP,2025-12-16T00:44:45.000+05:45
10019,535254,14,99.4,US,2026-05-27T04:50:18.000+05:45
10060,535669,10,4.32,JP,2023-06-29T06:19:46.000+05:45
10357,535791,224,109.28,US,2025-01-23T13:04:09.000+05:45
10414,535840,483,74.14,IN,2024-08-15T00:08:05.000+05:45
10169,536409,123,14.77,NP,2024-11-18T00:33:29.000+05:45
10233,536519,496,92.16,US,2025-02-14T22:20:05.000+05:45
10030,537778,63,66.68,NP,2024-06-12T20:35:11.000+05:45
10364,538556,331,76.05,NP,2024-08-31T12:55:11.000+05:45
10136,539638,142,20.81,NP,2025-03-01T13:43:50.000+05:45
10343,540684,262,60.27,NP,2024-09-25T06:40:15.000+05:45
10025,541443,7,151.87,GB,2024-04-04T16:33:26.000+05:45
10237,542394,372,60.57,IN,2024-08-14T10:10:06.000+05:45
10076,545462,442,83.75,JP,2026-04-19T05:11:22.000+05:45
10146,545551,169,1.88,NP,2025-07-20T19:38:39.000+05:45
10394,546383,33,17.97,NP,2024-07-16T11:26:27.000+05:45
10131,547202,126,49.6,NP,2024-08-18T03:09:29.000+05:45
10092,548518,112,236.88,IN,2026-05-04T14:04:42.000+05:45
10332,550030,451,53.75,NP,2023-02-10T18:44:32.000+05:45
10069,553883,222,8.12,NP,2023-11-26T18:24:50.000+05:45
10339,554078,467,87.82,NP,2025-08-12T12:10:20.000+05:45
10061,555193,207,204.86,NP,2023-09-26T20:19:05.000+05:45
10108,555518,244,111.11,NP,2026-01-20T07:31:02.000+05:45
10491,556701,405,160.92,NP,2024-05-12T19:37:56.000+05:45
10191,557429,151,145.87,DE,2026-06-24T11:57:51.000+05:45
10159,557772,473,58.6,IN,2026-06-28T03:47:49.000+05:45
10415,560742,281,52.2,NP,2023-02-14T20:03:28.000+05:45
10145,561467,272,19.15,DE,2023-05-30T23:14:51.000+05:45
10101,563050,166,137.37,NP,2023-07-21T17:32:34.000+05:45
10100,563090,269,69.09,BR,2025-04-05T09:51:10.000+05:45
10436,563950,434,38.52,NP,2023-07-01T01:31:29.000+05:45
10273,564718,383,44.34,AU,2023-06-28T06:03:30.000+05:45
10289,566263,449,20.27,IN,2023-05-19T08:23:37.000+05:45
10235,567189,172,65.8,BR,2024-04-14T19:24:00.000+05:45
10071,568215,165,87.37,NP,2026-03-15T16:58:57.000+05:45
10275,568765,280,145.14,NP,2025-01-02T02:19:46.000+05:45
10182,569265,64,41.62,NP,2024-06-28T02:22:45.000+05:45
10220,570100,333,85.7,US,2026-06-01T06:10:10.000+05:45
10106,570390,300,54.03,NP,2025-07-11T04:29:10.000+05:45
10319,570504,328,19.35,NP,2023-03-05T01:24:52.000+05:45
10038,571045,307,86.66,NP,2026-06-23T14:50:51.000+05:45
10054,572066,234,8.97,NP,2025-01-30T01:56:35.000+05:45
10223,572172,234,44.4,NP,2024-12-04T09:15:49.000+05:45
10159,573478,385,50.37,NP,2025-04-20T05:06:34.000+05:45
10432,574693,79,207.96,NP,2024-01-10T16:28:04.000+05:45
10319,574914,216,18.7,NP,2023-10-14T10:09:13.000+05:45
10424,578082,379,78.27,AU,2023-01-15T07:01:11.000+05:45
10411,578973,377,143.57,NP,2024-10-27T06:16:42.000+05:45
10464,579252,229,41.71,NP,2023-06-12T23:38:49.000+05:45
10275,579575,65,83.28,NP,2025-10-28T18:41:48.000+05:45
10073,579715,271,1.36,NP,2025-04-03T06:16:06.000+05:45
10271,581147,478,33.19,NP,2023-03-12T14:57:17.000+05:45
10124,581175,84,31.64,NP,2024-02-19T00:58:24.000+05:45
10083,584435,378,12.3,NP,2025-03-25T22:41:00.000+05:45
10097,585780,422,33.24,NP,2023-07-11T08:52:46.000+05:45
10457,586761,110,23.89,JP,2024-10-27T02:51:05.000+05:45
10322,588756,45,200.65,NP,2023-02-13T04:59:19.000+05:45
10299,589039,342,30.86,NP,2026-01-06T11:31:03.000+05:45
10251,593057,381,48.75,JP,2026-01-05T11:45:41.000+05:45
10382,593091,65,49.74,NP,2024-02-19T09:34:57.000+05:45
10444,595668,369,55.12,NP,2026-02-24T17:36:18.000+05:45
10421,596191,75,30.81,NP,2023-05-26T07:36:32.000+05:45
10473,597710,420,317.74,NP,2023-10-02T08:42:38.000+05:45
10050,599902,433,73.4,AU,2024-11-23T00:24:37.000+05:45
10453,603065,218,104.3,NP,2024-05-19T12:10:54.000+05:45
10368,606791,474,9.48,NP,2024-11-09T15:52:35.000+05:45
10295,606919,51,15.57,DE,2025-04-18T18:46:23.000+05:45
10172,609205,5,60.32,NP,2023-06-02T04:58:47.000+05:45
10335,613010,242,4.65,DE,2026-04-30T13:23:59.000+05:45
10468,613147,25,69.16,NP,2024-11-04T19:11:15.000+05:45
10343,613844,133,98.87,NP,2024-03-06T11:19:12.000+05:45
10221,614028,79,96.91,GB,2025-08-05T20:36:21.000+05:45
10071,614103,245,24.68,NP,2024-12-12T21:38:06.000+05:45
10467,614442,67,13.29,GB,2025-10-28T19:10:07.000+05:45
10403,614553,20,2.59,BR,2024-09-29T16:47:33.000+05:45
10192,614567,354,79.93,NP,2026-01-23T23:54:30.000+05:45
10259,614866,94,37.57,NP,2024-06-06T07:31:45.000+05:45
10389,615070,86,10.24,NP,2025-06-14T20:28:28.000+05:45
10318,615593,258,4.34,NP,2025-02-17T16:01:06.000+05:45
10011,615976,57,135.17,US,2025-12-08T00:01:58.000+05:45
10406,617108,407,28.21,AU,2023-08-27T20:21:26.000+05:45
10337,617942,479,81.73,NP,2025-07-17T17:54:08.000+05:45
10264,618867,462,97.79,NP,2023-09-12T06:55:16.000+05:45
10085,621745,225,34.32,NP,2025-10-08T19:12:53.000+05:45
10283,621762,366,150.81,US,2023-11-23T03:19:38.000+05:45
10432,622675,422,77.25,IN,2024-08-12T06:39:32.000+05:45
10072,622871,303,11.39,JP,2023-09-04T14:34:20.000+05:45
10019,623882,290,23.83,NP,2025-01-25T18:18:50.000+05:45
10455,623997,485,118.07,JP,2024-02-21T17:33:52.000+05:45
10342,624793,155,73.36,NP,2025-05-25T21:39:36.000+05:45
10030,627057,194,211.43,AU,2025-09-07T15:10:29.000+05:45
10249,629925,473,192.51,NP,2023-09-09T09:29:58.000+05:45
10317,630295,293,3.3,NP,2024-03-12T08:32:36.000+05:45
10494,632593,196,173.66,NP,2024-09-28T04:18:50.000+05:45
10257,633469,270,154.87,AU,2023-05-09T11:13:57.000+05:45
10093,634731,404,95.57,NP,2024-01-29T19:56:19.000+05:45
10036,635720,174,199.37,US,2023-01-01T18:44:59.000+05:45
10496,636097,11,195.78,NP,2026-04-03T21:55:56.000+05:45
10175,637463,366,33.27,NP,2025-04-30T15:01:11.000+05:45
10041,639118,463,6.98,JP,2026-02-09T00:24:34.000+05:45
10443,640089,483,205.57,NP,2025-08-02T15:52:25.000+05:45
10077,641251,61,20.91,AU,2024-07-08T23:23:58.000+05:45
10421,642875,153,211.91,NP,2025-04-09T20:02:11.000+05:45
10204,643201,137,137.89,BR,2023-07-04T17:33:02.000+05:45
10455,643686,184,113.86,JP,2023-05-06T19:14:28.000+05:45
10117,643798,14,89.67,NP,2024-07-30T21:50:55.000+05:45
10011,643936,445,53.19,BR,2025-04-06T23:01:58.000+05:45
10110,645640,356,282.37,US,2023-09-06T19:39:13.000+05:45
10219,646666,295,121.12,NP,2026-06-10T12:15:41.000+05:45
10101,647514,483,170.38,NP,2026-05-07T01:47:09.000+05:45
10059,647788,343,143.49,NP,2023-09-03T08:47:18.000+05:45
10291,647909,167,242.8,NP,2025-10-13T08:53:25.000+05:45
10262,648607,12,44.94,NP,2024-02-20T05:21:33.000+05:45
10180,649609,481,23.02,NP,2023-09-02T10:18:41.000+05:45
10384,649858,387,84.85,NP,2025-04-11T04:57:53.000+05:45
10485,651015,238,330.87,NP,2025-10-23T15:32:56.000+05:45
10229,653868,85,79.61,DE,2024-01-10T07:58:17.000+05:45
10119,654171,490,110.88,NP,2025-01-19T10:14:17.000+05:45
10393,654459,392,21.54,NP,2023-06-01T20:36:34.000+05:45
10183,654680,257,272.57,JP,2025-05-05T07:24:40.000+05:45
10115,656928,85,42.11,DE,2025-07-18T19:47:30.000+05:45
10248,656980,434,145.87,BR,2024-02-26T12:42:58.000+05:45
10293,658232,157,6.18,NP,2023-08-30T09:44:15.000+05:45
10034,659717,168,24.92,NP,2025-01-18T09:07:04.000+05:45
10039,660036,204,247.09,IN,2024-05-12T07:21:56.000+05:45
10124,661976,73,24.71,IN,2023-08-27T11:54:20.000+05:45
10275,662208,145,50.35,NP,2025-07-28T14:56:03.000+05:45
10073,666074,222,168.46,NP,2024-06-15T19:31:00.000+05:45
10382,668859,403,12.82,DE,2024-05-21T02:27:06.000+05:45
10456,669290,199,135.63,NP,2023-01-04T16:00:53.000+05:45
10352,669416,284,12.87,NP,2025-02-08T17:44:37.000+05:45
10081,669661,30,56.35,AU,2025-05-08T04:17:49.000+05:45
10500,670762,253,6.07,AU,2024-02-19T07:26:14.000+05:45
10236,672919,287,132.65,JP,2023-05-10T11:59:28.000+05:45
10404,672938,24,9.2,AU,2025-05-25T19:59:38.000+05:45
10023,673795,247,95.02,NP,2024-01-18T04:23:55.000+05:45
10044,674316,458,4.87,NP,2026-02-01T19:19:09.000+05:45
10088,676169,460,33.36,JP,2024-10-14T20:43:32.000+05:45
10056,677190,165,63.67,DE,2026-04-28T04:42:07.000+05:45
10329,679361,499,21.09,NP,2025-01-06T02:16:04.000+05:45
10367,679373,173,47.13,NP,2026-04-04T02:25:32.000+05:45
10329,680095,127,28.47,NP,2026-05-15T04:49:37.000+05:45
10273,680487,103,101.8,NP,2026-03-22T12:30:02.000+05:45
10248,680865,409,164.37,NP,2025-01-05T23:47:49.000+05:45
10222,683988,50,89.7,NP,2026-04-11T14:31:49.000+05:45
10384,684655,149,79.23,NP,2023-06-07T19:43:08.000+05:45
10297,685011,37,23.2,BR,2024-07-20T07:01:29.000+05:45
10175,686607,344,239.06,US,2025-10-23T06:07:02.000+05:45
10338,687243,469,40.72,NP,2023-05-12T18:48:27.000+05:45
10497,687270,330,220.32,NP,2023-10-26T02:24:21.000+05:45
10371,689833,189,124.5,NP,2023-11-22T22:52:16.000+05:45
10081,694383,236,8.23,IN,2024-06-01T06:03:22.000+05:45
10434,694655,324,38.49,NP,2024-12-11T21:54:28.000+05:45
10016,696460,418,6.78,NP,2024-09-16T22:35:25.000+05:45
10492,696738,183,246.04,NP,2024-07-10T09:51:08.000+05:45
10097,696807,373,34.81,AU,2026-05-15T07:33:41.000+05:45
10058,698033,93,107.6,NP,2023-01-18T09:24:20.000+05:45
10261,698408,454,64.89,NP,2025-01-24T21:30:54.000+05:45
10381,700955,205,57.86,GB,2026-05-10T02:05:09.000+05:45
10135,701622,251,27.58,GB,2024-11-09T08:10:59.000+05:45
10210,701876,52,125.44,US,2026-02-06T00:32:53.000+05:45
10454,702349,411,30.09,IN,2025-07-28T09:17:20.000+05:45
10374,702758,203,8.76,NP,2023-07-15T14:40:01.000+05:45
10248,702798,268,37.88,NP,2024-03-03T11:19:25.000+05:45
10068,706780,21,76.03,NP,2024-11-14T21:28:25.000+05:45
10254,709800,287,32.36,NP,2024-07-01T10:21:44.000+05:45
10367,711616,256,445.21,DE,2023-03-19T17:46:01.000+05:45
10472,712008,263,127.38,IN,2025-12-05T08:11:18.000+05:45
10456,712696,392,56.92,NP,2023-05-31T01:41:42.000+05:45
10056,714063,401,43.61,JP,2023-10-21T13:19:36.000+05:45
10457,715848,339,36.44,IN,2023-09-06T11:34:30.000+05:45
10263,717898,126,10.02,AU,2026-04-05T22:28:02.000+05:45
10497,719224,76,40.74,NP,2023-02-27T12:15:39.000+05:45
10132,719936,58,18.01,NP,2026-06-11T09:49:22.000+05:45
10084,720660,487,275.1,NP,2023-12-15T13:25:51.000+05:45
10147,721299,22,179.57,US,2024-02-16T20:35:13.000+05:45
10469,722214,95,70.68,NP,2023-01-21T10:38:23.000+05:45
10169,723633,399,4.44,JP,2024-07-24T17:54:21.000+05:45
10165,725726,50,10.95,JP,2023-10-12T02:05:41.000+05:45
10259,727080,455,44.03,NP,2025-06-04T12:12:10.000+05:45
10064,728345,241,32.4,NP,2024-07-02T19:32:45.000+05:45
10049,730364,403,63.1,NP,2023-11-04T19:56:34.000+05:45
10140,730954,113,60.43,US,2026-01-08T15:41:40.000+05:45
10105,731189,193,23.92,AU,2025-03-08T05:09:07.000+05:45
10026,732340,389,86.85,JP,2023-04-21T07:41:59.000+05:45
10062,734024,342,23.5,AU,2024-07-29T18:35:03.000+05:45
10047,734555,68,63.73,IN,2026-01-25T08:58:26.000+05:45
10352,736920,98,35.83,NP,2024-10-27T03:53:27.000+05:45
10269,738283,388,68.25,NP,2026-02-15T07:26:18.000+05:45
10086,738408,227,110.32,IN,2024-11-11T10:44:04.000+05:45
10334,741371,31,40.47,NP,2025-04-04T05:42:45.000+05:45
10477,741753,235,39.68,NP,2025-03-25T14:52:47.000+05:45
10002,743855,387,67.87,NP,2023-10-22T14:53:29.000+05:45
10280,744981,435,83.35,AU,2023-11-28T04:29:50.000+05:45
10010,746285,74,34.98,GB,2024-06-30T00:26:51.000+05:45
10337,746925,132,54.12,NP,2025-03-11T15:24:21.000+05:45
10158,749289,444,126.44,NP,2025-02-02T12:29:30.000+05:45
10309,750874,26,141.62,NP,2024-12-14T23:43:31.000+05:45
10448,751346,477,2.95,NP,2023-05-19T11:25:44.000+05:45
10263,752427,162,184.83,NP,2025-01-05T02:22:16.000+05:45
10018,754276,76,3.2,NP,2023-08-26T13:40:17.000+05:45
10265,754292,182,51.02,BR,2023-10-18T10:36:36.000+05:45
10221,758576,436,152.74,JP,2026-03-07T02:37:41.000+05:45
10051,759231,438,34.15,JP,2025-08-29T16:42:47.000+05:45
10149,763280,386,174.23,IN,2025-07-01T19:50:27.000+05:45
10169,764199,359,85.91,NP,2023-02-21T20:50:48.000+05:45
10254,765797,330,74.56,IN,2026-02-20T19:05:43.000+05:45
10466,765912,178,48.73,NP,2025-01-22T20:20:23.000+05:45
10303,766812,95,201.43,NP,2024-01-02T22:46:57.000+05:45
10242,766950,34,23.23,NP,2025-03-16T10:07:37.000+05:45
10033,769224,83,172.01,NP,2025-06-25T04:37:04.000+05:45
10485,770149,314,42.83,NP,2023-07-05T00:07:05.000+05:45
10095,771280,407,24.95,NP,2023-09-27T22:10:53.000+05:45
10374,772123,362,77.99,AU,2025-02-04T08:03:30.000+05:45
10108,773513,230,30.09,IN,2025-12-10T07:25:31.000+05:45
10275,774775,221,142.48,NP,2023-03-06T09:38:05.000+05:45
10152,776847,219,174.54,NP,2025-11-01T02:37:09.000+05:45
10142,777539,217,79.79,NP,2023-05-14T16:20:05.000+05:45
10056,779181,77,48.97,US,2024-07-12T16:53:32.000+05:45
10346,779327,484,9.72,IN,2023-10-06T00:40:25.000+05:45
10069,780361,84,102.84,NP,2024-02-06T23:45:21.000+05:45
10259,780700,145,44.96,US,2026-03-09T16:43:08.000+05:45
10100,783694,451,8.73,NP,2023-07-28T02:06:51.000+05:45
10487,787790,53,75.77,NP,2026-04-23T01:04:18.000+05:45
10494,791028,13,107.18,US,2026-05-07T21:06:06.000+05:45
10105,792328,471,134.08,NP,2024-04-02T10:40:18.000+05:45
10152,793093,459,53.19,NP,2024-01-01T04:57:35.000+05:45
10154,794744,104,37.98,GB,2025-06-02T02:21:57.000+05:45
10210,796401,40,191.71,NP,2024-11-25T04:36:37.000+05:45
10059,798319,45,227.6,NP,2025-01-12T16:16:56.000+05:45
10123,804863,382,79.35,GB,2025-10-04T17:18:27.000+05:45
10037,805043,198,6.56,GB,2026-06-01T21:27:18.000+05:45
10012,806384,173,97.87,NP,2023-09-30T20:08:02.000+05:45
10493,806708,270,79.44,NP,2024-03-04T11:20:50.000+05:45
10488,807014,177,76.06,GB,2025-10-24T16:25:24.000+05:45
10322,809025,125,17.97,NP,2024-03-16T17:42:02.000+05:45
10042,811212,265,206.83,NP,2024-03-31T17:53:44.000+05:45
10270,812034,318,35.24,JP,2024-12-11T02:37:21.000+05:45
10289,812516,199,12.35,US,2026-01-02T04:47:38.000+05:45
10341,812924,88,27.77,AU,2023-10-18T13:01:57.000+05:45
10316,813566,390,43.19,IN,2024-12-10T08:27:07.000+05:45
10256,815180,303,42.88,NP,2026-01-01T23:13:14.000+05:45
10179,816365,13,50.47,NP,2024-06-12T11:47:49.000+05:45
10269,818855,428,58.59,US,2023-03-01T06:04:39.000+05:45
10064,818956,185,210.35,IN,2023-02-20T16:40:52.000+05:45
10058,819353,24,60.8,IN,2024-03-22T19:49:09.000+05:45
10055,819476,124,93.58,AU,2023-09-10T10:11:17.000+05:45
10227,820019,92,51.63,JP,2024-07-31T03:20:47.000+05:45
10462,820293,25,18.84,NP,2024-10-20T23:53:25.000+05:45
10027,821491,149,120.04,BR,2025-12-01T23:19:49.000+05:45
10303,822612,42,160.36,DE,2023-07-12T13:38:55.000+05:45
10150,823149,203,98.81,NP,2023-10-31T02:42:04.000+05:45
10172,823825,5,270.71,NP,2024-05-02T05:46:43.000+05:45
10024,824323,335,20.58,NP,2026-05-24T17:40:05.000+05:45
10383,830137,482,308.81,AU,2023-09-13T16:53:05.000+05:45
10482,832957,35,62.2,JP,2024-11-24T04:38:26.000+05:45
10185,833017,263,122.94,US,2023-10-28T19:57:16.000+05:45
10385,835473,83,13.25,BR,2024-01-06T07:10:28.000+05:45
10209,836921,319,18.96,IN,2025-02-17T00:40:29.000+05:45
10487,837160,427,109.84,BR,2025-01-09T14:25:08.000+05:45
10044,839322,4,94.6,NP,2024-02-28T11:57:32.000+05:45
10166,839998,346,3.79,NP,2023-02-28T21:25:58.000+05:45
10243,840504,351,37.28,AU,2023-11-08T09:26:04.000+05:45
10443,840871,404,66.54,JP,2026-06-08T20:27:30.000+05:45
10386,841381,49,167.02,NP,2024-10-22T08:14:46.000+05:45
10397,843806,437,203.47,NP,2024-04-16T18:49:05.000+05:45
10042,845042,269,8.47,NP,2026-03-02T22:02:34.000+05:45
10074,845273,54,137.47,NP,2024-08-11T21:09:20.000+05:45
10481,847766,76,65.15,JP,2026-05-09T02:21:57.000+05:45
10301,848243,48,135.02,JP,2023-10-24T07:31:08.000+05:45
10439,849035,180,248.33,NP,2023-10-02T15:25:02.000+05:45
10111,849832,279,190.53,NP,2025-12-05T08:03:57.000+05:45
10142,852382,457,54.74,NP,2023-03-02T06:03:02.000+05:45
10007,853860,20,192.73,NP,2025-11-28T20:21:02.000+05:45
10396,854039,303,55.42,NP,2023-02-01T15:48:26.000+05:45
10183,855608,452,35.64,IN,2023-05-31T02:49:25.000+05:45
10389,856134,156,172.08,JP,2024-09-21T09:01:38.000+05:45
10255,856202,105,32.39,NP,2025-06-02T10:05:20.000+05:45
10088,857666,496,46.51,NP,2026-01-24T07:56:33.000+05:45
10304,858578,225,17.91,NP,2024-02-05T10:06:35.000+05:45
10310,860116,465,38.5,NP,2023-01-13T18:34:19.000+05:45
10150,862846,112,53.88,NP,2026-04-08T07:49:14.000+05:45
10051,862853,75,63.32,NP,2025-07-31T12:03:54.000+05:45
10263,863189,124,144.46,NP,2024-01-31T08:41:27.000+05:45
10430,867391,194,211.31,NP,2023-02-27T14:31:06.000+05:45
10218,868144,18,299.68,IN,2025-08-26T19:53:50.000+05:45
10314,868326,143,27.92,NP,2026-06-11T10:06:34.000+05:45
10013,868787,186,83.87,IN,2023-04-14T21:59:19.000+05:45
10078,869559,81,9.33,DE,2025-04-05T07:53:53.000+05:45
10244,870081,310,22.5,AU,2024-11-16T09:59:48.000+05:45
10316,870605,73,40.18,BR,2024-11-25T18:13:46.000+05:45
10228,872012,74,156.59,AU,2023-07-17T02:13:42.000+05:45
10159,872594,81,15.17,NP,2025-04-03T18:35:03.000+05:45
10223,873310,230,67.7,NP,2024-04-17T20:27:41.000+05:45
10033,873343,152,86.07,NP,2023-04-01T00:11:45.000+05:45
10019,874894,60,84.63,US,2024-02-20T17:52:17.000+05:45
10037,875427,489,8.44,NP,2023-04-12T21:55:54.000+05:45
10451,877748,90,45.75,DE,2024-06-28T05:03:21.000+05:45
10233,878558,416,62.8,NP,2026-04-09T06:15:43.000+05:45
10401,879612,215,6.15,NP,2025-05-24T00:10:27.000+05:45
10321,882301,325,4.89,NP,2023-11-20T23:39:17.000+05:45
10438,882332,462,74.84,NP,2023-12-10T04:53:00.000+05:45
10092,882808,315,340.6,NP,2026-01-16T16:21:12.000+05:45
10074,884284,104,82.96,NP,2025-09-27T09:47:12.000+05:45
10125,884629,406,175.64,NP,2024-02-01T20:01:36.000+05:45
10209,885441,361,44.6,GB,2023-08-14T01:12:48.000+05:45
10303,885443,152,42.87,BR,2025-01-27T22:43:42.000+05:45
10343,887130,94,66.67,NP,2025-07-05T11:00:49.000+05:45
10119,887321,145,41.32,NP,2024-05-02T05:01:24.000+05:45
10142,887593,425,7.49,NP,2025-01-18T14:04:24.000+05:45
10489,887813,444,9.22,GB,2026-01-29T20:51:18.000+05:45
10176,888280,417,49.56,NP,2023-01-16T15:26:47.000+05:45
10258,888833,424,58.14,NP,2024-02-24T17:24:20.000+05:45
10438,889945,86,36.09,JP,2025-10-27T14:11:29.000+05:45
10076,890138,128,14.37,NP,2024-10-30T22:42:26.000+05:45
10256,890494,483,14.43,NP,2023-10-20T15:14:15.000+05:45
10348,890667,234,196.06,US,2024-01-09T11:27:47.000+05:45
10039,890708,157,10.91,NP,2024-01-06T23:07:52.000+05:45
10119,892215,21,324.0,JP,2023-08-03T06:17:00.000+05:45
10471,892679,222,164.29,NP,2026-02-04T19:38:14.000+05:45
10261,893399,424,274.65,NP,2025-10-20T06:29:49.000+05:45
10155,893947,43,53.85,NP,2024-03-08T01:20:04.000+05:45
10377,893963,465,8.61,IN,2026-03-28T23:21:38.000+05:45
10460,894394,142,2.79,IN,2025-03-27T22:21:19.000+05:45
10168,894714,374,122.75,NP,2023-10-01T12:35:05.000+05:45
10313,894750,388,22.76,JP,2025-07-31T12:53:38.000+05:45
10292,895118,295,81.22,NP,2026-05-24T07:18:07.000+05:45
10074,895577,484,10.32,NP,2026-06-13T08:49:52.000+05:45
10276,895714,351,3.0,NP,2025-12-10T22:12:20.000+05:45
10332,897471,443,54.31,JP,2023-08-30T21:00:16.000+05:45
10401,900246,252,7.26,US,2024-05-08T01:30:33.000+05:45
10437,900296,371,160.84,BR,2025-06-13T18:28:41.000+05:45
10433,900609,346,119.11,US,2025-09-07T15:11:53.000+05:45
10357,901059,414,73.22,NP,2026-05-14T07:31:03.000+05:45
10034,901801,196,4.32,US,2023-11-09T18:31:28.000+05:45
10188,902428,204,117.22,US,2026-01-31T13:45:31.000+05:45
10346,903346,366,10.01,US,2024-10-04T06:12:33.000+05:45
10491,903724,174,153.86,IN,2023-03-29T15:42:57.000+05:45
10002,904651,361,37.49,BR,2025-06-11T10:01:02.000+05:45
10414,905095,354,2.07,AU,2024-06-27T21:27:52.000+05:45
10003,905111,136,20.34,JP,2024-01-30T11:27:58.000+05:45
10215,905217,13,46.58,NP,2025-02-25T04:56:08.000+05:45
10051,908264,397,50.9,NP,2023-11-18T02:24:37.000+05:45
10136,909319,99,16.08,NP,2025-06-09T16:05:15.000+05:45
10480,909400,438,1.24,NP,2025-04-19T23:15:49.000+05:45
10063,909642,340,42.8,NP,2025-09-06T09:26:36.000+05:45
10435,910738,372,47.66,NP,2024-01-05T02:48:58.000+05:45
10357,915178,182,35.54,NP,2023-09-30T08:53:53.000+05:45
10217,916853,209,194.63,AU,2025-03-10T21:23:35.000+05:45
10211,918132,300,60.47,US,2025-01-19T05:49:18.000+05:45
10030,920728,275,33.97,NP,2024-01-22T18:16:38.000+05:45
10184,923804,403,153.3,IN,2024-09-04T15:11:28.000+05:45
10051,924392,429,47.13,JP,2026-03-08T15:15:46.000+05:45
10232,924413,180,113.24,AU,2023-10-16T01:18:42.000+05:45
10083,924608,219,52.7,BR,2023-01-05T06:53:55.000+05:45
10102,924682,327,304.2,NP,2024-06-15T18:31:22.000+05:45
10400,924700,148,56.13,NP,2026-02-27T23:06:16.000+05:45
10167,925182,419,93.11,NP,2024-05-18T13:03:22.000+05:45
10034,927180,70,196.63,IN,2024-01-22T13:44:54.000+05:45
10145,927432,25,28.34,NP,2023-12-27T16:12:38.000+05:45
10479,927578,472,422.06,GB,2023-12-18T11:05:34.000+05:45
10312,929297,249,66.21,NP,2024-10-05T21:41:26.000+05:45
10289,932252,106,77.73,NP,2023-09-08T18:02:28.000+05:45
10475,933260,300,87.69,GB,2024-12-08T17:57:31.000+05:45
10146,934766,252,31.16,IN,2025-04-05T06:56:33.000+05:45
10469,934862,383,67.83,DE,2023-10-20T19:09:17.000+05:45
10335,935595,168,20.97,NP,2023-08-18T06:58:44.000+05:45
10225,939198,202,190.13,JP,2024-09-07T23:35:46.000+05:45
10467,939770,33,344.29,NP,2024-11-07T03:52:08.000+05:45
10280,940764,220,1.44,US,2023-01-27T07:13:41.000+05:45
10127,942327,91,96.59,NP,2025-08-19T05:21:34.000+05:45
10478,944723,209,64.09,US,2024-06-10T03:48:43.000+05:45
10331,945367,432,112.93,JP,2025-09-24T14:35:10.000+05:45
10014,946964,188,53.31,NP,2024-08-01T19:36:54.000+05:45
10496,947097,129,80.39,NP,2025-12-18T15:37:09.000+05:45
10065,948200,402,171.55,DE,2025-07-05T14:16:16.000+05:45
10132,948667,34,37.87,IN,2023-06-25T15:14:19.000+05:45
10371,951086,274,289.41,NP,2023-12-14T23:19:32.000+05:45
10349,951758,285,77.85,IN,2024-09-25T16:54:19.000+05:45
10492,951900,211,280.6,NP,2023-07-06T07:57:38.000+05:45
10057,959017,79,18.04,NP,2023-02-03T10:01:20.000+05:45
10131,959347,124,34.52,BR,2024-03-15T15:58:50.000+05:45
10038,959839,54,50.88,NP,2024-05-08T18:27:21.000+05:45
10365,960709,175,82.21,NP,2023-01-03T22:31:33.000+05:45
10037,961461,363,24.67,GB,2023-11-02T09:39:52.000+05:45
10438,962505,141,94.13,NP,2023-12-28T19:53:39.000+05:45
10032,962525,360,86.56,IN,2024-12-14T17:08:04.000+05:45
10070,962885,452,158.52,DE,2026-06-02T06:04:55.000+05:45
10184,964298,99,111.9,GB,2024-09-04T08:04:41.000+05:45
10297,964958,138,277.75,JP,2025-11-03T16:31:52.000+05:45
10216,965273,80,40.86,NP,2026-03-10T21:43:03.000+05:45
10052,965474,424,4.9,NP,2024-01-05T16:37:05.000+05:45
10074,965736,165,39.84,NP,2025-12-02T20:35:52.000+05:45
10210,967666,225,287.2,NP,2026-05-27T05:03:40.000+05:45
10017,967864,302,125.41,NP,2025-03-26T21:34:08.000+05:45
10191,968256,111,34.49,NP,2025-08-26T12:57:29.000+05:45
10453,970290,2,199.82,US,2023-09-24T16:20:48.000+05:45
10259,970787,341,118.18,US,2025-03-02T01:48:36.000+05:45
10447,971428,147,10.34,NP,2023-12-18T19:31:58.000+05:45
10092,971679,448,4.82,NP,2023-06-02T09:15:38.000+05:45
10334,972046,404,76.74,NP,2026-05-18T11:38:15.000+05:45
10343,973354,217,137.96,NP,2024-10-24T21:48:35.000+05:45
10369,977179,202,22.03,DE,2025-07-11T17:52:16.000+05:45
10071,977554,476,83.72,NP,2024-06-07T17:47:31.000+05:45
10479,978643,109,27.99,DE,2025-12-06T08:43:43.000+05:45
10257,978812,311,134.16,NP,2023-10-30T03:16:39.000+05:45
10171,979233,452,162.66,US,2025-11-04T09:46:09.000+05:45
10191,979676,244,20.92,NP,2024-12-09T04:36:53.000+05:45
10212,979705,137,26.31,NP,2024-06-13T21:25:31.000+05:45
10078,980958,222,35.69,NP,2026-05-23T20:01:10.000+05:45
10093,981447,205,68.49,NP,2026-01-28T13:45:46.000+05:45
10329,981452,358,67.19,NP,2025-05-11T17:29:06.000+05:45
10153,982634,281,152.88,NP,2024-04-23T09:54:51.000+05:45
10332,983101,315,53.33,AU,2023-10-08T16:59:50.000+05:45
10314,984837,184,68.15,NP,2023-08-08T03:44:34.000+05:45
10452,985237,36,102.93,JP,2023-01-15T05:41:46.000+05:45
10076,985468,468,25.95,NP,2023-08-27T22:49:31.000+05:45
10324,985670,196,36.53,AU,2024-01-11T06:18:42.000+05:45
10135,985707,395,190.57,NP,2023-01-09T12:09:18.000+05:45
10259,988573,117,114.53,IN,2023-07-12T12:27:38.000+05:45
10224,989000,418,37.99,US,2025-03-03T02:36:17.000+05:45
10466,989279,201,28.16,NP,2023-01-18T10:58:08.000+05:45
10101,990685,353,22.37,NP,2024-04-12T23:13:24.000+05:45
10127,995020,464,11.2,DE,2024-08-10T23:48:43.000+05:45
10284,995732,43,203.52,US,2025-01-20T15:27:28.000+05:45
10281,996346,445,577.99,BR,2025-04-05T05:28:17.000+05:45
10325,466,270,160.32,JP,2024-09-03T09:33:42.000+05:45
10129,1428,417,101.72,NP,2023-12-25T21:46:42.000+05:45
10159,2416,354,87.96,NP,2024-06-14T03:57:26.000+05:45
10090,2731,14,67.82,US,2025-04-03T11:14:06.000+05:45
10370,2894,476,37.93,NP,2024-04-07T13:32:55.000+05:45
10214,3362,343,3.72,US,2024-11-24T15:48:15.000+05:45
10211,5078,329,83.03,NP,2025-08-29T06:29:48.000+05:45
10343,7085,23,50.83,DE,2024-01-03T11:55:24.000+05:45
10030,7746,419,72.41,NP,2026-04-06T15:32:27.000+05:45
10180,9560,55,152.48,BR,2024-05-04T05:11:17.000+05:45
10236,10042,215,124.42,IN,2026-03-31T12:56:31.000+05:45
10235,10816,437,287.06,DE,2024-12-12T17:31:39.000+05:45
10271,11974,367,14.41,NP,2023-04-11T10:30:47.000+05:45
10307,12070,110,32.07,US,2024-08-24T00:53:45.000+05:45
10140,12635,4,86.52,NP,2025-03-26T08:28:04.000+05:45
10409,14632,414,88.78,GB,2025-10-18T16:39:21.000+05:45
10145,14926,142,30.86,NP,2026-05-19T20:03:48.000+05:45
10496,15900,360,179.05,NP,2024-10-18T17:38:06.000+05:45
10466,16280,155,12.01,NP,2025-10-23T07:07:55.000+05:45
10042,18232,320,52.82,IN,2024-02-03T22:05:07.000+05:45
10030,18790,52,10.89,AU,2023-10-19T07:38:34.000+05:45
10432,19946,21,353.2,IN,2026-02-06T03:45:41.000+05:45
10337,20638,450,114.09,JP,2025-08-11T09:58:01.000+05:45
10493,20860,165,192.13,NP,2023-01-21T14:38:20.000+05:45
10134,21063,304,308.77,JP,2024-12-22T08:50:33.000+05:45
10219,21634,279,61.0,NP,2024-04-15T04:02:52.000+05:45
10335,22010,333,88.94,NP,2023-09-16T08:19:15.000+05:45
10230,22750,178,23.91,BR,2026-05-16T09:50:58.000+05:45
10407,23827,125,22.94,NP,2024-05-04T22:09:47.000+05:45
10472,24406,244,54.88,JP,2023-12-24T03:28:12.000+05:45
10390,27467,391,73.29,IN,2025-01-03T17:47:05.000+05:45
10215,28872,429,108.54,NP,2025-12-11T19:41:22.000+05:45
10364,29450,375,5.36,NP,2026-06-13T18:04:45.000+05:45
10466,29564,459,32.49,JP,2023-01-20T20:18:29.000+05:45
10353,30677,249,69.1,NP,2025-07-16T22:11:38.000+05:45
10435,31903,306,193.91,NP,2023-05-17T20:02:11.000+05:45
10270,34399,491,23.99,NP,2023-11-04T18:33:24.000+05:45
10361,35267,55,134.87,NP,2025-11-28T07:44:50.000+05:45
10156,35655,498,130.44,DE,2026-06-17T11:18:11.000+05:45
10064,36597,275,15.31,NP,2023-11-13T16:51:16.000+05:45
10017,36927,48,89.44,IN,2023-07-08T01:11:10.000+05:45
10403,39510,328,106.18,GB,2024-08-31T23:32:02.000+05:45
10031,39591,456,95.81,US,2023-11-02T19:54:46.000+05:45
10292,39804,382,81.51,IN,2023-06-12T02:40:44.000+05:45
10348,44415,178,15.77,NP,2024-08-14T13:04:21.000+05:45
10403,45236,18,33.8,US,2026-01-20T20:31:34.000+05:45
10265,45932,400,40.74,DE,2024-12-26T23:53:28.000+05:45
10307,46480,171,178.6,US,2025-06-04T17:07:03.000+05:45
10270,47383,146,124.93,US,2026-01-26T09:16:20.000+05:45
10334,47719,244,55.83,NP,2026-02-05T11:21:11.000+05:45
10485,48236,322,162.33,NP,2023-01-22T19:56:04.000+05:45
10037,49837,246,84.7,NP,2025-02-19T03:14:12.000+05:45
10338,50142,8,37.34,JP,2023-03-12T22:12:26.000+05:45
10027,50973,193,42.02,JP,2023-05-15T22:02:59.000+05:45
10159,51274,214,35.69,NP,2025-02-07T00:13:58.000+05:45
10452,51579,493,40.42,NP,2023-05-17T08:30:25.000+05:45
10345,55658,266,15.35,NP,2023-06-06T10:41:42.000+05:45
10347,58110,277,60.27,US,2025-05-19T09:01:06.000+05:45
10310,59633,229,48.93,DE,2024-11-13T02:00:41.000+05:45
10496,59658,475,219.95,NP,2024-04-03T02:01:54.000+05:45
10166,62523,92,2.99,NP,2026-06-28T20:47:07.000+05:45
10471,63500,127,192.11,NP,2025-04-04T19:09:14.000+05:45
10458,64652,61,47.83,NP,2023-10-30T19:02:25.000+05:45
10428,64952,280,93.96,GB,2023-12-22T13:05:17.000+05:45
10445,65469,216,68.53,NP,2024-01-03T06:55:32.000+05:45
10079,66153,44,417.41,NP,2023-04-17T23:13:07.000+05:45
10407,68278,424,26.96,IN,2023-02-27T22:20:50.000+05:45
10356,70372,90,7.61,US,2025-07-30T03:35:30.000+05:45
10391,71242,176,36.48,NP,2024-09-29T21:00:13.000+05:45
10460,71289,270,81.41,BR,2025-11-21T12:44:55.000+05:45
10172,72226,433,57.14,IN,2025-10-16T22:25:18.000+05:45
10382,72364,174,119.46,NP,2025-04-10T09:51:37.000+05:45
10260,74157,312,35.53,NP,2023-04-08T12:35:25.000+05:45
10119,74516,495,257.05,NP,2025-02-23T16:48:36.000+05:45
10384,74632,180,30.24,NP,2026-01-16T07:25:32.000+05:45
10327,74850,297,59.04,NP,2025-11-22T19:48:52.000+05:45
10202,75663,158,1.96,US,2025-10-22T09:54:47.000+05:45
10339,76039,23,131.68,BR,2023-01-15T07:40:55.000+05:45
10082,78757,237,75.41,NP,2023-04-09T16:54:37.000+05:45
10332,79887,158,1.63,IN,2023-09-16T20:08:15.000+05:45
10198,80411,239,34.28,AU,2026-03-08T14:36:25.000+05:45
10292,80591,31,19.84,NP,2023-01-03T01:46:11.000+05:45
10155,81029,403,53.79,IN,2026-06-26T22:27:52.000+05:45
10063,81162,455,63.18,NP,2023-11-09T19:23:50.000+05:45
10465,81352,227,80.79,IN,2025-04-17T06:59:36.000+05:45
10022,81963,174,155.77,AU,2025-10-19T10:59:17.000+05:45
10404,82598,209,11.13,US,2024-04-06T04:18:14.000+05:45
10428,86478,419,22.56,GB,2024-12-27T02:04:01.000+05:45
10353,87186,96,192.1,JP,2024-02-09T07:03:56.000+05:45
10246,87622,457,31.35,NP,2023-01-26T22:24:07.000+05:45
10252,88587,172,20.42,NP,2025-10-06T02:07:53.000+05:45
10328,89658,286,134.39,NP,2024-06-18T02:45:55.000+05:45
10402,90331,238,15.97,NP,2023-02-24T22:46:14.000+05:45
10018,92000,380,63.14,IN,2024-10-14T16:40:44.000+05:45
10496,92311,415,24.95,AU,2025-12-07T12:21:25.000+05:45
10319,97406,440,15.83,NP,2024-10-03T15:08:53.000+05:45
10343,97677,417,7.39,BR,2024-10-16T07:23:40.000+05:45
10199,97740,37,197.29,NP,2025-12-29T03:25:38.000+05:45
10353,98367,354,10.73,NP,2023-04-05T19:59:27.000+05:45
10092,101379,295,34.79,NP,2023-09-05T10:43:58.000+05:45
10064,101522,325,108.91,NP,2024-08-02T17:27:14.000+05:45
10096,109122,324,15.38,NP,2024-03-05T10:46:04.000+05:45
10328,109344,268,231.21,GB,2023-03-31T09:44:14.000+05:45
10420,111539,242,13.39,NP,2026-01-06T08:18:56.000+05:45
10464,111881,95,164.56,NP,2024-07-05T01:55:55.000+05:45
10175,112902,57,63.42,BR,2023-09-08T22:09:30.000+05:45
10471,113303,314,65.35,NP,2024-07-28T21:49:55.000+05:45
10341,113409,491,143.49,JP,2026-04-14T12:14:38.000+05:45
10388,113802,455,217.15,DE,2024-11-12T02:39:13.000+05:45
10263,115228,281,66.04,IN,2024-10-17T23:49:08.000+05:45
10130,116196,454,3.33,NP,2026-02-23T05:42:20.000+05:45
10387,116346,263,14.53,NP,2025-01-18T19:58:12.000+05:45
10447,118234,166,275.75,BR,2026-01-19T16:11:00.000+05:45
10178,118250,194,15.21,US,2023-11-19T00:04:31.000+05:45
10233,118601,440,49.38,NP,2024-06-30T17:53:43.000+05:45
10381,118681,262,179.39,BR,2023-09-19T21:54:04.000+05:45
10276,120504,367,73.24,NP,2025-01-11T21:55:51.000+05:45
10110,120738,287,45.26,NP,2023-02-06T04:05:37.000+05:45
10016,120919,436,183.04,NP,2026-06-01T12:15:11.000+05:45
10398,122677,33,244.08,US,2026-02-26T04:24:45.000+05:45
10047,122967,26,80.92,IN,2023-12-24T13:06:07.000+05:45
10112,123004,185,73.43,NP,2023-03-17T06:34:25.000+05:45
10046,123824,265,10.99,NP,2023-07-21T23:45:58.000+05:45
10053,124022,284,55.79,BR,2023-02-03T02:17:10.000+05:45
10143,126030,83,269.84,IN,2023-05-30T04:05:24.000+05:45
10312,126804,446,3.27,NP,2023-05-20T19:43:14.000+05:45
10199,126902,45,199.87,NP,2023-12-01T09:03:16.000+05:45
10113,129932,321,33.11,NP,2024-07-05T13:26:36.000+05:45
10156,132612,110,39.56,NP,2024-09-10T17:47:09.000+05:45
10388,134539,187,13.54,AU,2026-02-02T12:13:41.000+05:45
10093,135205,344,90.39,NP,2023-06-16T05:47:36.000+05:45
10449,135458,426,34.45,NP,2024-06-17T05:33:32.000+05:45
10304,138363,331,93.37,NP,2026-01-08T06:00:45.000+05:45
10256,139367,390,160.98,NP,2025-01-08T14:45:37.000+05:45
10417,141841,203,9.75,GB,2025-06-06T00:24:20.000+05:45
10476,142721,299,39.87,US,2024-02-17T12:25:48.000+05:45
10316,143813,177,101.26,JP,2023-08-15T02:42:00.000+05:45
10155,143903,173,66.85,NP,2025-06-28T20:53:50.000+05:45
10372,143909,465,2.36,NP,2024-01-24T03:18:52.000+05:45
10250,144251,196,23.43,US,2024-09-16T08:13:05.000+05:45
10373,145536,125,328.03,NP,2024-03-19T23:28:31.000+05:45
10361,145850,397,41.21,NP,2023-01-03T02:09:12.000+05:45
10204,146197,399,31.41,NP,2026-05-15T18:36:40.000+05:45
10452,146754,187,59.07,NP,2023-10-28T23:58:40.000+05:45
10492,148535,22,60.1,DE,2024-08-31T18:21:00.000+05:45
10121,149390,137,204.8,NP,2024-01-06T20:29:13.000+05:45
10239,149508,192,27.25,NP,2023-03-11T18:59:52.000+05:45
10330,150364,316,177.06,DE,2023-01-22T11:40:59.000+05:45
10159,151531,289,17.34,NP,2023-04-19T02:34:17.000+05:45
10125,151721,297,92.28,IN,2026-04-16T03:56:33.000+05:45
10202,154172,51,185.91,IN,2024-11-21T11:47:54.000+05:45
10172,155976,479,65.97,AU,2023-05-16T09:37:53.000+05:45
10267,157438,118,126.25,NP,2025-08-18T00:40:56.000+05:45
10374,159353,232,98.0,GB,2025-11-25T00:32:57.000+05:45
10390,160984,313,23.02,NP,2024-02-25T11:44:43.000+05:45
10254,161707,335,79.08,NP,2025-02-12T16:12:10.000+05:45
10358,161919,459,22.28,NP,2024-10-27T17:44:24.000+05:45
10092,166323,440,41.23,NP,2026-02-25T06:15:52.000+05:45
10119,173150,208,159.23,NP,2025-09-29T00:19:14.000+05:45
10099,173573,488,88.54,NP,2024-02-14T19:30:21.000+05:45
10341,174738,106,48.88,NP,2023-08-19T08:59:42.000+05:45
10429,174915,368,116.36,NP,2023-06-29T13:56:25.000+05:45
10278,175948,75,24.38,NP,2024-10-15T01:01:54.000+05:45
10374,176813,106,64.88,US,2024-12-21T06:09:27.000+05:45
10497,179681,97,13.49,NP,2024-02-20T01:45:08.000+05:45
10403,180113,407,6.58,NP,2025-10-06T13:33:09.000+05:45
10383,182337,349,80.36,NP,2023-07-09T13:37:23.000+05:45
10359,182889,486,30.44,JP,2023-03-03T20:53:08.000+05:45
10152,184068,242,68.29,NP,2025-12-12T16:20:49.000+05:45
10043,184984,270,56.11,US,2025-01-20T06:43:34.000+05:45
10189,185162,368,20.5,NP,2023-05-15T18:31:28.000+05:45
10056,185219,299,192.51,NP,2024-05-05T20:39:44.000+05:45
10173,185228,128,140.3,NP,2024-08-31T17:22:14.000+05:45
10232,185414,366,217.7,JP,2025-11-23T15:03:38.000+05:45
10261,190015,165,410.4,US,2023-02-09T02:36:30.000+05:45
10371,191407,40,26.14,NP,2024-07-25T23:33:05.000+05:45
10367,191412,39,6.08,JP,2023-09-03T03:35:18.000+05:45
10297,192469,215,57.98,JP,2025-03-07T17:47:03.000+05:45
10204,194882,396,34.14,NP,2026-02-14T00:55:47.000+05:45
10022,196560,169,18.45,DE,2024-09-06T20:37:14.000+05:45
10228,197326,445,61.57,NP,2024-08-09T23:47:27.000+05:45
10484,199547,303,2.51,IN,2024-02-23T19:34:07.000+05:45
10485,200006,424,107.89,NP,2026-05-07T16:33:33.000+05:45
10325,200974,314,204.62,NP,2023-10-26T16:16:33.000+05:45
10468,204216,415,9.26,GB,2024-12-29T00:19:56.000+05:45
10387,205001,322,334.48,NP,2025-07-26T01:32:10.000+05:45
10286,205395,250,67.15,JP,2025-05-03T18:08:54.000+05:45
10408,205613,285,20.22,US,2023-07-03T11:43:45.000+05:45
10465,205990,32,62.57,US,2025-07-25T13:56:48.000+05:45
10441,206926,11,30.06,NP,2026-05-19T16:22:34.000+05:45
10457,207260,283,64.51,IN,2023-12-28T03:08:08.000+05:45
10047,210632,429,17.55,GB,2025-08-14T14:14:24.000+05:45
10294,211846,259,30.86,NP,2025-05-28T08:42:16.000+05:45
10424,212337,347,121.53,AU,2025-05-31T19:47:59.000+05:45
10486,212575,163,50.1,NP,2026-01-27T23:35:03.000+05:45
10251,214994,53,43.55,NP,2026-04-03T03:29:12.000+05:45
10009,216229,235,92.34,NP,2024-10-15T10:33:04.000+05:45
10212,217081,482,45.16,GB,2024-07-30T11:57:49.000+05:45
10269,218279,95,45.43,NP,2025-08-29T07:04:19.000+05:45
10222,219224,61,4.35,NP,2024-06-26T00:36:51.000+05:45
10384,219969,375,23.52,NP,2024-03-07T07:00:42.000+05:45
10126,220795,151,11.16,NP,2024-10-11T04:15:14.000+05:45
10129,221804,313,20.77,NP,2023-07-29T10:23:22.000+05:45
10271,221992,485,233.18,IN,2025-03-31T15:04:24.000+05:45
10080,222488,479,10.57,DE,2025-12-20T15:56:39.000+05:45
10052,228000,380,100.12,NP,2024-08-06T09:22:07.000+05:45
10264,230274,151,3.81,NP,2025-06-15T21:28:15.000+05:45
10321,230287,383,63.35,NP,2026-01-28T03:54:02.000+05:45
10350,231802,250,21.64,NP,2025-05-01T06:15:23.000+05:45
10358,232457,56,106.52,NP,2024-01-25T20:19:57.000+05:45
10444,232479,241,31.85,NP,2026-04-07T13:40:24.000+05:45
10155,232978,477,24.66,NP,2024-06-29T22:31:11.000+05:45
10343,233535,111,34.81,AU,2023-08-25T10:54:47.000+05:45
10156,235868,207,29.94,NP,2026-06-06T15:33:17.000+05:45
10290,239484,125,118.6,US,2026-04-08T06:16:59.000+05:45
10024,241914,499,61.85,NP,2026-02-06T19:39:48.000+05:45
10369,244077,13,24.24,IN,2025-11-10T11:13:07.000+05:45
10118,244917,204,14.16,NP,2023-03-01T01:16:07.000+05:45
10161,245156,383,27.74,IN,2023-03-17T00:54:42.000+05:45
10275,246131,116,3.97,NP,2023-11-08T22:38:23.000+05:45
10185,246225,191,36.6,BR,2024-10-20T16:25:25.000+05:45
10086,247049,488,16.5,NP,2023-02-13T04:30:07.000+05:45
10479,248112,291,45.97,NP,2024-06-19T21:28:43.000+05:45
10250,249803,414,37.34,NP,2023-10-22T23:40:16.000+05:45
10293,250037,90,133.36,NP,2025-12-10T21:10:15.000+05:45
10056,251858,312,94.72,NP,2025-12-29T13:37:12.000+05:45
10327,252966,52,26.47,GB,2024-01-24T18:17:07.000+05:45
10013,253564,156,132.84,BR,2025-03-23T20:41:03.000+05:45
10390,254771,199,43.09,NP,2023-06-06T00:39:51.000+05:45
10478,255507,136,27.52,NP,2023-06-04T13:26:05.000+05:45
10441,256417,312,200.73,AU,2024-12-02T00:12:47.000+05:45
10328,256688,301,90.95,NP,2024-08-22T19:31:53.000+05:45
10153,257977,48,160.11,NP,2023-11-20T17:14:57.000+05:45
10313,258034,169,15.14,NP,2025-06-08T05:42:00.000+05:45
10405,259095,498,85.37,NP,2023-01-05T06:46:06.000+05:45
10184,260220,257,140.06,AU,2023-02-01T09:40:11.000+05:45
10288,261840,14,39.09,DE,2023-06-29T17:57:27.000+05:45
10098,262841,47,47.35,DE,2026-02-12T22:39:41.000+05:45
10291,262925,150,67.2,NP,2025-02-12T00:19:04.000+05:45
10014,263437,308,28.8,NP,2026-06-13T23:54:43.000+05:45
10077,267911,374,105.36,US,2023-06-28T20:32:40.000+05:45
10419,269087,52,43.91,BR,2023-12-03T06:50:41.000+05:45
10078,269154,246,59.57,NP,2023-12-26T21:11:47.000+05:45
10260,271249,181,18.08,US,2024-01-06T18:40:56.000+05:45
10470,271359,2,27.21,DE,2023-10-29T12:42:46.000+05:45
10280,272050,276,18.48,BR,2023-03-19T23:02:44.000+05:45
10310,272457,77,9.89,AU,2026-04-25T21:18:42.000+05:45
10409,273396,432,56.46,NP,2023-01-26T16:05:58.000+05:45
10183,275248,91,77.72,US,2024-05-20T19:55:06.000+05:45
10264,276908,347,52.86,GB,2025-04-15T07:03:49.000+05:45
10228,278991,90,473.56,NP,2025-05-14T13:16:44.000+05:45
10420,279290,408,172.16,DE,2026-02-04T13:37:17.000+05:45
10390,281019,472,36.31,NP,2023-02-21T21:32:38.000+05:45
10371,281161,244,32.49,NP,2023-07-29T01:34:49.000+05:45
10062,283062,85,42.49,IN,2025-09-28T06:59:47.000+05:45
10411,283805,30,55.2,NP,2025-08-05T22:33:02.000+05:45
10001,285157,158,74.4,NP,2025-12-31T20:41:21.000+05:45
10148,287000,324,300.47,US,2023-08-29T13:56:44.000+05:45
10413,288509,148,133.35,NP,2024-09-18T00:30:56.000+05:45
10423,289247,318,498.01,NP,2024-06-26T07:11:42.000+05:45
10111,290305,236,220.66,NP,2023-08-14T04:03:40.000+05:45
10106,290325,310,79.34,NP,2024-06-06T23:00:55.000+05:45
10278,291933,275,85.45,NP,2024-08-26T09:04:56.000+05:45
10349,292715,26,202.46,IN,2026-04-29T13:16:11.000+05:45
10405,294266,158,78.91,BR,2023-12-25T10:27:19.000+05:45
10136,296089,473,1.47,GB,2023-09-01T09:05:26.000+05:45
10116,296295,481,86.08,NP,2024-01-16T15:16:30.000+05:45
10449,297082,81,98.91,IN,2025-11-16T22:21:39.000+05:45
10373,300247,460,4.81,NP,2024-10-19T21:16:45.000+05:45
10235,301538,459,7.65,NP,2025-04-18T15:36:07.000+05:45
10035,302208,438,122.53,NP,2023-05-05T22:44:49.000+05:45
10317,302366,486,30.55,US,2024-11-05T12:22:49.000+05:45
10034,302408,346,46.7,GB,2025-11-20T23:01:59.000+05:45
10230,302605,43,97.57,US,2026-04-17T14:05:41.000+05:45
10402,303859,263,75.15,NP,2026-03-25T18:19:52.000+05:45
10371,303997,70,50.18,NP,2023-03-15T08:04:45.000+05:45
10464,304191,317,143.8,NP,2024-11-08T16:17:32.000+05:45
10194,306746,20,45.29,BR,2025-12-24T16:26:59.000+05:45
10288,315549,341,68.98,US,2024-09-26T07:06:22.000+05:45
10308,317948,79,6.45,NP,2025-03-03T08:56:18.000+05:45
10278,318163,484,47.4,NP,2026-04-03T22:23:52.000+05:45
10294,320242,285,253.27,US,2024-07-21T23:45:33.000+05:45
10242,320809,336,72.51,NP,2023-01-31T15:00:00.000+05:45
10138,321087,431,132.62,NP,2023-03-13T16:49:23.000+05:45
10359,325494,443,2.28,IN,2025-02-06T19:03:34.000+05:45
10426,325627,500,60.93,NP,2025-01-03T06:57:23.000+05:45
10132,327878,220,62.83,NP,2023-08-16T08:39:57.000+05:45
10176,328761,397,108.78,NP,2024-05-01T02:32:09.000+05:45
10180,329412,38,200.73,JP,2025-03-23T13:25:20.000+05:45
10179,330464,465,10.71,NP,2026-06-02T07:19:28.000+05:45
10065,333228,97,10.21,GB,2023-01-19T17:20:52.000+05:45
10410,334950,496,17.07,NP,2026-05-04T23:22:57.000+05:45
10446,335329,212,59.06,NP,2024-06-20T10:10:26.000+05:45
10214,336067,377,46.88,NP,2025-11-13T12:24:42.000+05:45
10447,336751,386,23.7,NP,2024-12-13T08:20:08.000+05:45
10273,338862,275,17.05,NP,2023-02-22T04:45:26.000+05:45
10452,339161,1,35.98,NP,2024-04-09T01:00:28.000+05:45
10451,342882,477,38.91,NP,2024-04-15T21:00:21.000+05:45
10372,343129,66,62.23,NP,2025-05-02T10:33:06.000+05:45
10167,345153,151,52.1,NP,2025-12-13T05:05:12.000+05:45
10371,345547,496,295.57,US,2023-08-18T05:24:05.000+05:45
10114,346486,203,94.77,NP,2026-04-27T17:46:09.000+05:45
10382,346653,100,20.64,NP,2025-08-02T18:05:11.000+05:45
10439,347188,273,97.2,GB,2025-03-14T17:20:50.000+05:45
10211,347374,178,10.62,IN,2025-08-11T15:41:53.000+05:45
10066,347782,76,2.66,BR,2024-07-15T17:46:06.000+05:45
10433,349745,310,87.81,NP,2023-04-20T14:12:46.000+05:45
10337,350850,325,17.21,NP,2026-01-02T15:51:08.000+05:45
10240,352591,387,16.15,JP,2023-02-09T05:00:24.000+05:45
10122,353346,475,90.48,NP,2023-04-28T14:14:40.000+05:45
10156,354759,161,159.0,NP,2025-10-14T02:34:58.000+05:45
10249,355086,293,50.36,AU,2026-03-25T00:30:12.000+05:45
10341,355202,92,48.28,NP,2024-08-02T01:40:53.000+05:45
10296,357580,31,461.49,NP,2023-08-16T01:37:05.000+05:45
10380,359066,401,10.92,US,2026-05-06T17:42:20.000+05:45
10197,359472,42,26.52,IN,2024-10-09T22:10:44.000+05:45
10199,360801,34,58.01,NP,2023-11-26T13:27:49.000+05:45
10272,361822,443,178.65,NP,2025-03-09T04:25:57.000+05:45
10042,363184,430,38.24,NP,2023-07-12T07:09:38.000+05:45
10194,363470,359,22.66,NP,2023-01-15T06:25:31.000+05:45
10012,366367,413,50.62,NP,2024-09-21T11:00:48.000+05:45
10277,368664,78,52.78,JP,2024-01-13T14:16:18.000+05:45
10099,372636,219,115.55,NP,2025-10-29T11:00:37.000+05:45
10223,373115,239,13.54,DE,2023-01-25T18:30:58.000+05:45
10225,373140,60,163.01,AU,2023-04-26T03:40:12.000+05:45
10335,375711,318,156.16,GB,2024-05-13T22:14:36.000+05:45
10282,376209,40,5.53,NP,2024-09-02T17:34:47.000+05:45
10140,377081,55,63.43,JP,2023-08-01T05:50:26.000+05:45
10247,379111,304,14.33,GB,2023-03-02T08:13:01.000+05:45
10124,379455,112,13.8,NP,2024-04-02T23:21:47.000+05:45
10425,379975,137,83.37,NP,2024-01-27T22:24:55.000+05:45
10392,379989,320,47.95,NP,2024-03-07T13:02:23.000+05:45
10405,380605,57,46.36,NP,2023-06-22T04:56:38.000+05:45
10292,382157,112,54.43,NP,2023-03-01T12:54:01.000+05:45
10331,382601,406,109.07,NP,2023-10-03T23:45:15.000+05:45
10441,383239,279,174.23,NP,2023-04-04T04:18:23.000+05:45
10162,383442,377,3.08,NP,2023-05-13T07:05:18.000+05:45
10494,383814,462,31.63,NP,2023-03-25T22:08:30.000+05:45
10343,386358,171,18.51,IN,2023-03-09T21:32:38.000+05:45
10244,386601,324,12.58,NP,2025-09-08T17:24:58.000+05:45
10319,387179,409,106.13,AU,2025-06-27T02:41:27.000+05:45
10009,387552,49,16.6,NP,2026-05-13T04:19:30.000+05:45
10346,388419,22,6.41,DE,2024-05-17T18:09:50.000+05:45
10013,389571,165,100.69,AU,2025-05-27T01:20:19.000+05:45
10266,390033,263,80.16,BR,2025-09-27T04:38:19.000+05:45
10070,390398,268,84.8,NP,2023-08-12T12:51:38.000+05:45
10055,390519,421,83.08,IN,2025-05-09T04:52:22.000+05:45
10285,392693,457,148.76,NP,2023-07-10T15:52:12.000+05:45
10057,393005,314,38.0,NP,2023-06-04T18:19:03.000+05:45
10420,394300,264,39.92,BR,2023-04-25T12:42:04.000+05:45
10480,395136,392,339.87,NP,2024-05-23T19:44:27.000+05:45
10073,395666,23,58.21,US,2025-07-06T10:38:18.000+05:45
10252,396346,157,150.27,JP,2026-06-18T18:55:47.000+05:45
10211,397695,301,11.48,IN,2024-09-13T08:33:04.000+05:45
10023,397796,150,62.03,JP,2023-11-29T12:20:33.000+05:45
10064,399920,127,161.36,US,2025-10-09T00:47:41.000+05:45
10430,401962,53,59.13,DE,2025-03-27T15:34:56.000+05:45
10103,402256,212,98.69,NP,2023-06-24T15:48:01.000+05:45
10437,405527,354,25.01,NP,2023-04-30T11:12:29.000+05:45
10141,406221,93,112.29,US,2024-09-02T15:54:49.000+05:45
10064,406819,199,99.11,NP,2024-08-02T05:27:23.000+05:45
10326,407326,17,93.23,NP,2025-05-25T09:51:00.000+05:45
10251,408840,473,68.7,US,2023-04-26T08:43:55.000+05:45
10467,409610,200,65.31,JP,2023-05-18T16:44:27.000+05:45
10193,410654,288,212.16,DE,2026-03-08T07:16:22.000+05:45
10164,410684,200,25.02,NP,2024-03-14T08:56:27.000+05:45
10397,411317,480,27.95,NP,2025-11-14T11:25:16.000+05:45
10496,411974,282,26.48,NP,2025-01-01T23:55:47.000+05:45
10027,412821,377,52.82,NP,2023-01-03T18:19:48.000+05:45
10357,413646,272,82.88,BR,2025-12-29T14:07:25.000+05:45
10118,413687,361,44.94,NP,2025-09-09T01:02:38.000+05:45
10049,414341,30,80.54,US,2025-09-08T00:11:39.000+05:45
10470,417258,384,69.13,US,2023-10-30T04:18:57.000+05:45
10479,417709,374,31.17,NP,2023-03-07T20:36:25.000+05:45
10385,419528,328,63.12,NP,2025-06-30T11:01:55.000+05:45
10195,420206,436,88.86,NP,2025-05-17T08:09:12.000+05:45
10179,420331,363,29.64,US,2024-08-08T07:47:11.000+05:45
10277,421653,481,205.74,NP,2023-07-20T13:29:57.000+05:45
10226,422410,349,32.03,NP,2025-09-21T09:16:51.000+05:45
10339,422718,112,1.76,NP,2026-03-24T07:52:28.000+05:45
10091,424879,184,60.29,NP,2025-05-19T05:55:56.000+05:45
10226,427174,147,186.68,NP,2026-05-20T04:48:01.000+05:45
10069,427626,424,55.34,GB,2023-10-08T10:48:25.000+05:45
10087,428713,249,18.31,IN,2025-12-03T01:30:47.000+05:45
10207,429182,379,158.35,NP,2025-02-07T15:25:21.000+05:45
10182,429932,365,84.23,US,2023-02-27T14:11:31.000+05:45
10289,431035,481,52.94,NP,2024-09-13T12:34:52.000+05:45
10109,431554,62,9.15,NP,2024-11-30T09:09:43.000+05:45
10321,432556,275,25.46,AU,2025-05-06T16:00:39.000+05:45
10184,433479,216,17.94,AU,2025-10-29T01:07:01.000+05:45
10377,433840,18,59.26,NP,2026-05-12T08:45:21.000+05:45
10454,436798,204,55.58,NP,2023-01-04T22:20:13.000+05:45
10376,437709,146,23.31,IN,2023-11-16T18:40:17.000+05:45
10272,438108,389,13.29,NP,2024-07-13T00:48:03.000+05:45
10123,439017,244,199.57,AU,2023-08-25T10:04:37.000+05:45
10078,439066,259,14.85,NP,2023-12-11T20:38:48.000+05:45
10165,440705,266,14.59,GB,2024-11-30T01:58:09.000+05:45
10378,441485,178,163.81,IN,2023-03-26T01:00:02.000+05:45
10478,441710,460,30.56,NP,2025-09-24T18:06:46.000+05:45
10032,442200,480,21.88,NP,2023-05-24T12:07:12.000+05:45
10426,445902,55,11.01,JP,2025-01-08T10:39:47.000+05:45
10412,448889,119,398.62,IN,2025-02-21T10:00:31.000+05:45
10152,449184,374,15.55,GB,2025-06-09T18:23:56.000+05:45
10206,449346,376,115.85,US,2024-03-12T05:00:05.000+05:45
10440,451147,218,68.74,GB,2024-08-25T06:32:49.000+05:45
10264,451690,412,76.68,NP,2024-05-31T05:44:16.000+05:45
10276,452273,330,148.91,DE,2025-04-20T03:35:10.000+05:45
10382,453170,188,76.11,NP,2024-12-02T09:09:42.000+05:45
10285,455160,443,62.42,DE,2026-06-03T15:24:13.000+05:45
10449,455831,251,148.62,NP,2023-04-10T08:49:03.000+05:45
10317,460260,341,18.15,NP,2025-08-11T08:43:48.000+05:45
10334,461762,83,177.11,NP,2025-12-19T01:34:23.000+05:45
10214,461828,361,87.91,GB,2024-07-02T00:33:37.000+05:45
10228,462794,456,199.35,GB,2025-01-16T08:55:51.000+05:45
10213,463492,277,108.57,AU,2025-08-05T00:57:04.000+05:45
10422,465339,394,49.56,NP,2024-02-17T12:40:02.000+05:45
10317,466042,110,32.93,IN,2026-06-12T05:40:48.000+05:45
10355,466235,251,61.14,NP,2023-03-03T15:45:39.000+05:45
10350,468106,70,11.3,IN,2024-08-11T00:48:58.000+05:45
10213,470551,411,105.54,NP,2024-12-19T19:12:57.000+05:45
10060,470627,76,44.55,NP,2023-11-18T13:48:59.000+05:45
10352,472124,44,40.43,NP,2024-12-23T02:21:11.000+05:45
10086,472340,370,9.91,NP,2025-02-11T10:34:19.000+05:45
10270,472963,308,70.06,NP,2024-12-16T14:59:50.000+05:45
10318,473167,38,60.42,NP,2024-12-22T14:06:16.000+05:45
10303,478502,288,70.39,NP,2026-05-08T09:45:28.000+05:45
10051,478904,19,507.99,IN,2025-02-06T07:28:51.000+05:45
10437,480099,121,123.35,NP,2023-06-05T17:19:18.000+05:45
10499,480839,483,48.89,NP,2025-04-16T05:12:16.000+05:45
10370,481283,128,127.39,NP,2026-02-03T19:12:32.000+05:45
10498,481298,20,12.71,NP,2023-02-16T15:26:31.000+05:45
10222,481892,184,11.06,NP,2025-05-13T23:55:07.000+05:45
10294,481896,32,46.72,US,2024-11-24T14:10:13.000+05:45
10390,486544,222,20.3,US,2024-05-04T02:32:02.000+05:45
10113,486891,299,104.24,NP,2024-02-05T19:01:22.000+05:45
10173,489796,348,34.89,NP,2023-07-12T22:12:35.000+05:45
10024,491927,119,35.59,NP,2025-02-23T15:47:08.000+05:45
10186,492130,345,16.64,NP,2023-10-01T11:27:51.000+05:45
10184,492617,295,22.35,NP,2025-12-15T03:34:21.000+05:45
10312,493611,220,13.97,NP,2025-03-11T22:22:54.000+05:45
10414,494928,481,184.36,JP,2025-04-26T07:22:25.000+05:45
10333,495161,446,67.06,NP,2023-08-18T13:20:19.000+05:45
10344,495821,113,18.18,NP,2023-06-14T21:01:49.000+05:45
10296,495969,10,24.64,BR,2023-01-08T02:52:56.000+05:45
10114,502261,22,190.19,US,2023-03-29T12:10:25.000+05:45
10442,502781,151,61.41,NP,2023-04-17T00:33:40.000+05:45
10302,502892,311,94.38,NP,2025-09-11T13:30:01.000+05:45
10101,503418,120,23.62,IN,2024-05-27T01:26:41.000+05:45
10166,503777,329,27.75,NP,2024-08-02T00:24:38.000+05:45
10441,503953,182,16.02,NP,2025-02-09T16:28:22.000+05:45
10318,504021,397,256.3,NP,2024-05-31T07:12:20.000+05:45
10364,505714,306,29.99,NP,2023-07-31T14:15:27.000+05:45
10394,507427,469,52.08,NP,2024-05-13T21:05:36.000+05:45
10181,507697,304,106.32,JP,2024-07-06T02:36:22.000+05:45
10157,508813,367,220.83,NP,2025-10-07T21:30:51.000+05:45
10253,509637,497,90.44,NP,2025-06-14T14:55:50.000+05:45
10285,510007,142,109.98,NP,2026-05-04T04:47:44.000+05:45
10457,511717,439,384.79,NP,2024-05-02T16:27:11.000+05:45
10158,512971,275,91.78,JP,2025-03-17T23:34:18.000+05:45
10442,513518,1,63.12,NP,2025-09-29T16:52:37.000+05:45
10494,514353,405,15.17,AU,2026-04-23T09:27:28.000+05:45
10382,514848,425,19.05,IN,2024-03-18T14:03:40.000+05:45
10430,515224,303,112.82,NP,2026-05-03T06:32:22.000+05:45
10009,517967,69,68.89,NP,2025-06-19T09:09:00.000+05:45
10430,518900,339,77.71,NP,2024-01-28T11:43:00.000+05:45
10430,519085,231,75.82,NP,2023-09-17T14:29:03.000+05:45
10463,520844,326,33.65,GB,2025-01-07T17:55:54.000+05:45
10269,521627,202,103.11,US,2025-07-05T00:27:46.000+05:45
10430,522927,115,42.42,US,2024-10-29T13:37:40.000+05:45
10277,523870,323,368.89,NP,2025-06-08T01:18:43.000+05:45
10353,524529,463,62.74,JP,2023-10-22T16:01:49.000+05:45
10280,525798,239,110.27,AU,2024-10-07T07:03:10.000+05:45
10350,525892,215,42.51,JP,2024-06-03T14:05:52.000+05:45
10137,526647,95,35.05,NP,2025-04-10T15:57:15.000+05:45
10425,526671,289,100.75,JP,2024-04-02T01:04:17.000+05:45
10094,527615,303,198.44,IN,2025-05-30T23:24:15.000+05:45
10287,528628,465,34.29,NP,2024-09-08T22:16:41.000+05:45
10270,531820,183,2.16,JP,2025-08-21T17:06:25.000+05:45
10336,533204,42,66.14,NP,2025-11-10T08:54:09.000+05:45
10007,534851,184,50.13,NP,2024-11-18T05:00:55.000+05:45
10218,536124,414,255.06,JP,2024-02-21T02:41:01.000+05:45
10437,536776,404,183.22,NP,2023-11-29T23:17:19.000+05:45
10158,538308,364,190.85,AU,2024-08-31T15:31:43.000+05:45
10139,538326,26,139.22,NP,2023-08-31T05:02:40.000+05:45
10429,538947,270,108.45,IN,2025-09-17T16:26:54.000+05:45
10232,540521,412,120.12,NP,2023-06-27T21:11:04.000+05:45
10198,540539,10,99.1,NP,2025-11-27T07:23:20.000+05:45
10464,541058,223,109.56,NP,2026-06-07T08:16:59.000+05:45
10296,541483,386,9.18,NP,2023-12-12T04:40:29.000+05:45
10338,541538,446,33.67,NP,2023-03-29T23:50:12.000+05:45
10289,541898,129,71.33,AU,2025-01-14T09:14:34.000+05:45
10371,542123,391,87.79,US,2026-03-10T09:30:37.000+05:45
10258,542133,203,178.53,NP,2026-05-28T13:17:29.000+05:45
10289,542642,325,30.41,NP,2026-03-02T12:17:13.000+05:45
10258,543116,237,10.4,NP,2023-11-04T08:25:07.000+05:45
10392,544363,25,92.92,NP,2026-02-27T14:47:52.000+05:45
10025,544533,336,22.24,NP,2024-06-14T16:06:20.000+05:45
10283,544672,28,109.59,DE,2026-06-19T15:04:48.000+05:45
10377,546153,249,61.53,NP,2023-01-26T19:06:50.000+05:45
10486,546882,142,207.95,IN,2026-03-10T12:22:42.000+05:45
10150,546961,479,70.23,GB,2025-02-25T03:47:25.000+05:45
10495,550302,289,129.29,NP,2023-07-17T18:42:09.000+05:45
10484,551184,255,25.11,NP,2023-11-17T07:54:34.000+05:45
10357,551214,245,113.16,NP,2024-05-28T04:54:22.000+05:45
10328,552248,101,79.87,US,2023-01-26T04:12:58.000+05:45
10027,553545,288,41.89,NP,2023-11-15T21:23:48.000+05:45
10219,554337,283,69.46,AU,2023-09-27T01:58:39.000+05:45
10179,557210,457,278.55,NP,2025-06-08T20:57:50.000+05:45
10371,557242,9,7.38,NP,2026-06-02T18:07:47.000+05:45
10463,557894,237,43.68,NP,2023-11-24T09:17:54.000+05:45
10322,558455,341,12.3,NP,2025-10-17T03:25:51.000+05:45
10280,558570,76,43.14,JP,2026-01-18T04:25:35.000+05:45
10248,562714,444,112.5,NP,2025-09-02T01:53:58.000+05:45
10433,564074,51,202.02,IN,2023-11-06T03:31:31.000+05:45
10228,565359,120,31.01,NP,2023-07-28T01:58:06.000+05:45
10086,565437,250,85.56,NP,2025-08-07T02:08:38.000+05:45
10333,566738,92,19.17,AU,2024-06-25T21:38:00.000+05:45
10331,570113,437,16.72,BR,2024-09-03T12:37:27.000+05:45
10279,570452,264,138.9,NP,2024-06-12T23:28:59.000+05:45
10442,570460,353,8.31,NP,2024-12-18T11:00:10.000+05:45
10244,572220,129,118.46,NP,2026-02-28T22:36:03.000+05:45
10331,572950,207,28.96,IN,2023-05-10T03:51:48.000+05:45
10274,573143,232,133.84,AU,2023-11-09T16:02:04.000+05:45
10403,574967,448,12.47,GB,2025-02-04T03:11:14.000+05:45
10185,575381,66,315.16,US,2023-01-19T17:06:05.000+05:45
10024,576095,161,71.01,NP,2024-03-09T05:18:42.000+05:45
10234,577210,72,59.75,NP,2024-11-29T03:45:25.000+05:45
10499,579247,170,104.93,NP,2024-01-15T12:24:08.000+05:45
10132,579337,84,56.88,JP,2024-02-09T20:07:36.000+05:45
10011,580178,78,10.27,NP,2024-08-31T18:58:24.000+05:45
10303,582119,267,89.18,US,2024-07-25T09:24:01.000+05:45
10217,582545,295,25.28,AU,2025-04-18T16:53:43.000+05:45
10289,582789,375,229.97,NP,2023-01-13T04:02:00.000+05:45
10192,583125,93,9.28,US,2023-04-24T03:19:13.000+05:45
10346,587265,491,170.29,NP,2024-09-02T07:03:15.000+05:45
10216,590353,358,42.29,NP,2025-05-12T01:07:55.000+05:45
10336,590690,283,21.57,JP,2024-03-22T03:54:06.000+05:45
10415,591179,357,35.58,IN,2024-02-01T14:52:18.000+05:45
10452,591284,77,71.3,BR,2026-06-01T00:23:00.000+05:45
10369,593392,333,67.65,NP,2025-12-07T01:29:47.000+05:45
10127,595060,347,115.59,IN,2026-05-01T16:57:56.000+05:45
10468,596513,158,110.0,NP,2025-01-10T13:57:15.000+05:45
10370,596542,239,41.4,NP,2025-05-03T02:43:16.000+05:45
10466,597727,288,40.49,NP,2024-09-28T13:58:40.000+05:45
10057,599943,24,20.98,GB,2024-01-17T06:52:18.000+05:45
10432,600005,430,82.52,IN,2026-04-21T01:02:55.000+05:45
10107,600054,122,22.12,NP,2023-10-04T01:40:13.000+05:45
10343,600083,154,61.52,DE,2024-07-27T19:22:11.000+05:45
10031,602421,286,44.69,US,2023-09-07T05:37:11.000+05:45
10331,603152,399,102.37,NP,2026-04-21T06:12:00.000+05:45
10305,603304,495,56.98,NP,2025-06-25T16:45:22.000+05:45
10189,605159,96,9.93,NP,2024-10-19T03:23:58.000+05:45
10251,606025,178,51.96,NP,2025-04-01T05:46:00.000+05:45
10001,607295,220,122.61,DE,2026-03-30T21:57:27.000+05:45
10013,608599,435,17.28,NP,2023-02-17T06:55:33.000+05:45
10064,608954,147,97.87,GB,2024-06-29T18:08:32.000+05:45
10316,617249,237,15.86,NP,2026-05-03T13:02:38.000+05:45
10354,618001,7,47.5,NP,2023-07-04T09:57:36.000+05:45
10037,618451,166,34.03,NP,2025-09-04T07:12:07.000+05:45
10393,619436,93,116.61,NP,2024-01-18T21:10:30.000+05:45
10294,622860,106,114.59,NP,2026-01-06T14:29:08.000+05:45
10283,623096,310,262.36,JP,2025-10-12T10:28:48.000+05:45
10306,623250,382,18.89,NP,2026-01-09T00:22:47.000+05:45
10154,623691,222,10.34,NP,2024-07-22T10:39:22.000+05:45
10368,625107,160,65.98,NP,2025-08-31T21:11:03.000+05:45
10182,626639,51,39.66,NP,2024-03-04T06:16:45.000+05:45
10396,627508,386,6.32,NP,2023-04-25T03:28:30.000+05:45
10367,630118,389,171.38,NP,2025-07-31T07:26:15.000+05:45
10349,630252,101,28.81,NP,2024-03-19T07:18:14.000+05:45
10081,631151,475,26.98,NP,2023-03-25T23:21:19.000+05:45
10467,632303,414,117.09,NP,2025-10-10T15:34:12.000+05:45
10377,634012,481,97.29,NP,2025-09-20T17:57:36.000+05:45
10201,634404,376,18.09,NP,2024-10-03T14:24:22.000+05:45
10074,634837,50,50.58,NP,2023-08-15T02:44:42.000+05:45
10494,638421,446,27.89,NP,2023-01-05T02:03:36.000+05:45
10044,638920,463,25.66,JP,2023-07-12T22:49:53.000+05:45
10133,640135,19,85.92,NP,2024-10-24T01:34:30.000+05:45
10156,640223,469,58.52,NP,2023-08-06T12:11:15.000+05:45
10235,640489,27,6.69,JP,2025-02-24T08:14:17.000+05:45
10294,642340,89,19.73,NP,2026-01-31T23:16:28.000+05:45
10219,644344,228,109.45,NP,2024-08-04T12:55:23.000+05:45
10327,644375,198,6.01,NP,2023-05-21T16:43:12.000+05:45
10431,645385,214,94.37,NP,2023-12-01T15:46:32.000+05:45
10406,645393,254,26.3,GB,2026-04-02T06:26:59.000+05:45
10412,647790,153,16.77,NP,2025-04-09T22:03:00.000+05:45
10119,648909,387,144.76,NP,2024-06-11T03:18:32.000+05:45
10001,649188,348,12.25,NP,2025-10-09T05:54:15.000+05:45
10092,649660,367,216.68,NP,2026-04-08T05:13:58.000+05:45
10472,649990,16,5.23,US,2023-11-24T08:43:24.000+05:45
10493,650583,250,83.99,NP,2025-06-27T13:08:19.000+05:45
10401,651588,460,197.59,DE,2024-05-24T06:05:47.000+05:45
10274,651592,276,52.97,NP,2023-04-19T18:46:39.000+05:45
10242,654806,69,3.24,NP,2026-06-22T01:45:29.000+05:45
10379,655323,114,51.87,NP,2023-03-29T09:55:49.000+05:45
10411,655467,355,47.64,NP,2024-06-14T21:59:23.000+05:45
10269,655577,210,21.23,US,2024-04-27T04:19:32.000+05:45
10412,657486,457,30.53,NP,2025-03-21T16:04:15.000+05:45
10400,657496,438,183.06,AU,2025-04-17T04:40:01.000+05:45
10382,657768,76,51.62,NP,2023-12-20T18:53:25.000+05:45
10002,658008,395,124.79,NP,2023-12-02T11:44:53.000+05:45
10404,662124,8,131.95,NP,2024-06-27T08:02:24.000+05:45
10113,662536,225,16.6,JP,2026-05-09T03:51:10.000+05:45
10475,663386,29,104.59,NP,2025-11-26T00:49:39.000+05:45
10402,663724,207,25.17,NP,2025-01-23T07:48:16.000+05:45
10319,665160,161,92.85,NP,2024-06-10T03:39:50.000+05:45
10110,665256,398,11.11,NP,2025-09-11T21:42:40.000+05:45
10368,665296,269,71.46,NP,2023-12-26T02:31:03.000+05:45
10307,668881,195,61.0,GB,2025-02-21T05:16:06.000+05:45
10432,670707,409,71.23,JP,2023-08-04T18:02:19.000+05:45
10442,672125,11,74.94,NP,2026-03-16T01:32:35.000+05:45
10104,672360,75,85.82,GB,2025-09-09T22:34:26.000+05:45
10240,673043,265,15.12,NP,2024-12-28T09:15:30.000+05:45
10403,673159,167,50.98,IN,2024-12-09T20:51:52.000+05:45
10148,673594,80,175.03,BR,2023-01-01T02:38:23.000+05:45
10148,675900,169,4.61,NP,2025-07-04T18:09:22.000+05:45
10444,676083,297,129.65,NP,2024-05-10T14:08:55.000+05:45
10118,678555,438,68.41,DE,2023-02-09T12:28:20.000+05:45
10314,678784,448,105.0,AU,2025-03-02T07:03:47.000+05:45
10309,679935,229,114.06,AU,2026-05-14T04:04:57.000+05:45
10126,681362,430,69.46,NP,2025-03-25T16:52:28.000+05:45
10393,683411,375,120.38,NP,2025-02-12T06:34:26.000+05:45
10298,684563,12,22.38,NP,2024-07-25T11:49:27.000+05:45
10079,684886,139,31.17,US,2025-01-15T19:28:08.000+05:45
10113,685513,128,31.94,IN,2025-05-08T20:31:06.000+05:45
10491,687575,440,36.75,NP,2026-03-21T23:21:17.000+05:45
10199,687615,363,240.02,NP,2023-01-22T14:39:22.000+05:45
10379,687870,337,21.58,AU,2023-12-04T03:29:09.000+05:45
10214,689055,12,58.71,BR,2023-07-28T18:02:04.000+05:45
10264,690577,169,24.5,NP,2026-03-20T00:46:40.000+05:45
10403,690833,227,172.35,NP,2025-05-25T21:44:27.000+05:45
10126,691423,348,64.15,AU,2026-04-22T20:40:42.000+05:45
10355,691494,276,227.43,DE,2023-09-10T03:22:33.000+05:45
10104,694575,416,79.43,US,2024-03-02T07:16:02.000+05:45
10313,696431,205,16.82,NP,2023-10-02T02:23:59.000+05:45
10270,698079,249,45.75,NP,2025-06-18T22:35:31.000+05:45
10209,699760,439,62.19,IN,2023-03-12T19:41:17.000+05:45
10117,700940,331,29.25,NP,2023-10-23T14:54:30.000+05:45
10152,705117,218,64.57,IN,2023-08-12T21:19:45.000+05:45
10055,705570,27,86.79,AU,2023-02-07T16:13:18.000+05:45
10301,706000,180,185.43,NP,2025-05-13T16:32:32.000+05:45
10088,706277,478,102.12,NP,2026-02-15T22:51:48.000+05:45
10346,706445,74,174.76,NP,2023-06-16T14:57:11.000+05:45
10083,707423,477,28.85,NP,2024-09-19T20:56:34.000+05:45
10227,708136,323,212.96,NP,2026-04-07T15:49:34.000+05:45
10463,711035,50,165.57,IN,2023-06-24T07:40:59.000+05:45
10026,711154,221,218.61,AU,2023-01-15T05:43:30.000+05:45
10154,712258,380,16.04,NP,2025-02-02T16:23:58.000+05:45
10403,712657,87,24.81,US,2024-12-29T23:51:50.000+05:45
10040,713142,35,191.93,NP,2025-06-30T15:54:04.000+05:45
10274,713962,298,20.45,DE,2024-12-31T00:16:04.000+05:45
10120,716025,433,63.69,US,2025-05-30T16:14:32.000+05:45
10120,718050,110,121.8,NP,2023-01-14T15:35:01.000+05:45
10212,718681,374,216.92,DE,2023-05-03T08:50:54.000+05:45
10034,718937,14,30.58,NP,2023-03-13T09:20:06.000+05:45
10169,719621,288,88.1,IN,2023-05-02T14:05:16.000+05:45
10348,721765,231,46.67,NP,2025-10-05T14:27:29.000+05:45
10158,722593,216,3.62,NP,2023-09-02T02:05:09.000+05:45
10393,724923,151,11.6,NP,2024-08-21T20:01:53.000+05:45
10367,725327,155,7.29,NP,2024-10-10T08:40:44.000+05:45
10246,725719,284,153.74,NP,2024-02-24T20:22:43.000+05:45
10271,726795,239,39.38,NP,2023-10-23T22:45:24.000+05:45
10148,728258,252,285.39,NP,2024-02-04T01:51:12.000+05:45
10209,728466,128,402.37,JP,2024-03-16T07:54:23.000+05:45
10335,729569,407,206.96,NP,2023-11-15T21:11:15.000+05:45
10147,729636,362,48.7,AU,2024-12-02T20:28:10.000+05:45
10443,730412,479,154.36,NP,2023-03-07T02:57:33.000+05:45
10391,732115,203,106.91,NP,2025-08-16T03:33:38.000+05:45
10077,733745,420,36.72,NP,2024-03-22T13:24:00.000+05:45
10388,733795,268,107.52,BR,2025-12-14T15:16:10.000+05:45
10348,734097,27,26.22,NP,2024-05-05T01:16:07.000+05:45
10184,735120,394,235.44,NP,2023-03-05T03:56:23.000+05:45
10250,735320,456,574.03,DE,2023-06-25T09:37:35.000+05:45
10293,736738,181,96.11,NP,2023-07-30T14:40:55.000+05:45
10440,737940,310,81.86,NP,2025-09-10T08:34:37.000+05:45
10485,738381,423,23.58,JP,2024-12-08T12:53:45.000+05:45
10396,738677,207,404.96,NP,2023-01-20T05:38:33.000+05:45
10069,742947,215,77.59,DE,2026-05-30T05:31:34.000+05:45
10376,744634,242,100.62,NP,2024-02-23T15:51:54.000+05:45
10185,745034,164,35.77,NP,2023-04-22T02:58:53.000+05:45
10245,745509,23,24.12,US,2024-07-10T20:44:37.000+05:45
10436,747435,387,92.63,AU,2025-06-18T10:40:33.000+05:45
10212,748562,230,12.52,NP,2026-01-14T08:57:22.000+05:45
10380,748568,319,152.2,JP,2026-04-06T03:48:48.000+05:45
10442,751182,383,3.79,NP,2024-02-05T12:31:10.000+05:45
10410,752583,477,9.7,AU,2024-08-17T06:32:35.000+05:45
10236,755107,147,96.45,IN,2025-09-26T00:05:52.000+05:45
10037,756891,10,95.11,NP,2023-03-23T20:22:26.000+05:45
10429,757781,226,100.46,BR,2023-02-15T04:24:53.000+05:45
10227,759663,369,68.33,NP,2025-11-13T02:35:55.000+05:45
10344,761600,165,35.17,DE,2025-08-02T23:58:37.000+05:45
10210,762523,387,47.06,NP,2023-07-21T23:41:38.000+05:45
10467,763026,354,9.39,NP,2024-03-03T07:48:44.000+05:45
10269,763219,387,71.95,NP,2023-07-24T05:56:34.000+05:45
10237,763895,257,74.52,NP,2025-07-22T09:42:53.000+05:45
10040,764578,13,69.54,NP,2024-11-15T10:24:24.000+05:45
10031,765713,500,54.46,US,2025-08-15T17:11:08.000+05:45
10285,767621,320,15.01,NP,2026-04-12T01:17:09.000+05:45
10377,771191,233,57.06,GB,2025-02-10T13:07:08.000+05:45
10242,773552,159,21.86,IN,2023-11-11T05:29:07.000+05:45
10162,774739,393,16.22,NP,2023-11-23T01:40:30.000+05:45
10025,774776,207,22.54,NP,2023-08-01T00:03:53.000+05:45
10477,775169,446,62.64,NP,2026-01-16T03:43:00.000+05:45
10096,775665,361,56.81,JP,2023-10-05T08:05:11.000+05:45
10276,775904,254,126.05,NP,2025-08-02T17:05:22.000+05:45
10045,777104,131,71.15,JP,2024-11-10T23:04:28.000+05:45
10086,778150,110,191.34,NP,2026-04-01T17:51:53.000+05:45
10345,778443,266,4.04,NP,2023-05-02T21:19:12.000+05:45
10127,780211,497,38.34,NP,2025-05-14T08:31:35.000+05:45
10073,781121,72,69.66,NP,2024-03-23T02:50:47.000+05:45
10008,781848,41,3.15,US,2026-03-20T16:24:31.000+05:45
10375,783513,335,102.65,NP,2025-08-14T08:42:24.000+05:45
10432,784242,334,35.5,NP,2024-04-25T13:16:03.000+05:45
10078,785930,382,1.38,NP,2023-06-02T19:18:01.000+05:45
10444,787841,136,19.09,NP,2024-09-17T13:55:54.000+05:45
10292,788769,191,2.1,IN,2023-07-20T18:31:00.000+05:45
10286,789283,417,20.2,NP,2025-02-17T02:37:10.000+05:45
10086,789448,105,164.5,NP,2026-05-30T16:17:46.000+05:45
10035,789449,364,152.47,NP,2023-06-22T06:49:57.000+05:45
10202,790606,331,51.92,IN,2025-01-04T00:07:46.000+05:45
10374,790990,131,8.4,NP,2026-02-22T06:07:37.000+05:45
10191,791864,312,25.98,US,2024-07-20T14:17:15.000+05:45
10331,792783,137,503.31,NP,2025-08-07T16:40:21.000+05:45
10499,793356,480,306.03,US,2023-06-27T01:05:43.000+05:45
10248,793684,266,2.41,NP,2025-07-29T09:30:04.000+05:45
10269,793841,77,33.09,US,2024-05-21T04:28:08.000+05:45
10017,795235,153,226.85,NP,2023-02-07T09:24:53.000+05:45
10191,795238,182,30.8,IN,2023-07-26T06:13:01.000+05:45
10003,795726,91,12.04,BR,2023-11-20T11:03:54.000+05:45
10262,796230,164,4.94,NP,2025-08-06T21:14:55.000+05:45
10292,797362,127,54.39,GB,2025-08-06T06:33:42.000+05:45
10468,799313,27,19.2,NP,2025-12-10T08:40:15.000+05:45
10459,800523,117,106.35,IN,2025-12-28T02:20:13.000+05:45
10017,802474,304,96.57,AU,2023-12-05T11:24:22.000+05:45
10181,803821,278,17.0,DE,2023-06-01T13:49:01.000+05:45
10490,806038,301,27.56,NP,2023-01-11T09:25:20.000+05:45
10319,808031,385,1.15,NP,2023-02-04T07:53:58.000+05:45
10211,808231,361,5.75,NP,2026-02-20T07:55:45.000+05:45
10059,808234,191,59.28,IN,2026-02-01T01:56:01.000+05:45
10026,808235,458,30.99,US,2026-05-21T09:16:51.000+05:45
10496,810143,23,162.01,NP,2024-08-06T09:08:45.000+05:45
10097,810501,48,17.77,AU,2024-03-07T00:17:19.000+05:45
10126,810847,456,188.58,AU,2025-02-24T02:38:43.000+05:45
10052,811050,25,59.29,NP,2023-02-01T02:18:27.000+05:45
10033,812080,371,502.34,NP,2025-06-26T14:17:42.000+05:45
10046,812224,179,13.62,JP,2025-06-17T18:42:30.000+05:45
10294,812540,143,27.97,JP,2024-06-18T07:46:10.000+05:45
10479,815719,394,45.91,DE,2024-05-19T02:20:56.000+05:45
10404,815738,288,177.42,NP,2025-07-16T10:52:24.000+05:45
10211,816293,196,44.05,NP,2025-11-22T12:14:42.000+05:45
10058,819120,54,258.63,NP,2024-09-04T01:48:03.000+05:45
10338,820363,311,90.21,NP,2024-06-18T09:42:10.000+05:45
10178,820486,327,8.54,NP,2023-07-30T07:39:38.000+05:45
10205,821048,428,133.32,AU,2026-01-11T07:15:01.000+05:45
10112,823139,26,72.26,NP,2024-02-26T17:08:28.000+05:45
10355,823354,327,34.15,NP,2025-06-03T17:20:08.000+05:45
10254,823580,442,19.98,US,2024-01-29T14:00:09.000+05:45
10344,823784,22,46.05,NP,2026-02-03T19:30:41.000+05:45
10039,824406,136,40.67,NP,2023-01-29T23:12:44.000+05:45
10158,825535,399,99.77,DE,2024-01-19T15:56:23.000+05:45
10218,826712,158,3.32,BR,2023-11-10T11:47:44.000+05:45
10463,827129,23,97.32,US,2025-11-11T10:23:45.000+05:45
10338,827408,459,16.98,JP,2025-10-15T13:56:08.000+05:45
10422,827475,75,31.44,JP,2025-12-27T18:07:12.000+05:45
10394,829245,265,22.11,NP,2026-01-15T18:03:10.000+05:45
10116,829478,128,51.25,IN,2024-08-17T07:02:34.000+05:45
10364,830466,107,148.23,NP,2024-03-19T05:14:03.000+05:45
10192,831447,334,17.26,NP,2023-08-03T04:09:26.000+05:45
10300,833468,494,1.03,AU,2024-04-11T03:13:40.000+05:45
10169,835028,385,103.59,AU,2024-05-14T04:23:23.000+05:45
10052,836357,346,72.1,NP,2023-07-24T00:59:43.000+05:45
10243,837536,473,6.38,GB,2025-01-20T17:41:52.000+05:45
10338,839189,129,35.75,IN,2024-10-15T22:50:41.000+05:45
10132,839948,194,158.74,NP,2025-12-31T03:47:03.000+05:45
10041,843436,385,73.89,NP,2023-11-21T15:15:03.000+05:45
10432,843708,224,77.21,AU,2025-04-04T14:31:26.000+05:45
10124,844315,10,127.26,JP,2024-04-03T16:12:30.000+05:45
10361,844472,444,38.57,BR,2023-08-02T01:21:09.000+05:45
10176,845115,443,1.23,AU,2026-05-22T21:56:14.000+05:45
10457,845884,174,11.66,NP,2026-06-18T21:33:31.000+05:45
10264,847176,43,300.27,AU,2025-08-22T19:27:00.000+05:45
10339,848051,285,89.59,NP,2023-10-24T10:49:47.000+05:45
10335,848557,244,108.08,NP,2024-06-08T21:47:19.000+05:45
10443,851051,121,164.36,DE,2026-01-23T02:22:17.000+05:45
10175,851447,301,54.78,NP,2024-06-11T15:53:23.000+05:45
10495,851555,394,91.57,US,2023-05-23T06:12:38.000+05:45
10339,851972,209,74.07,NP,2025-02-05T04:04:32.000+05:45
10362,852112,342,10.03,US,2025-03-12T02:13:57.000+05:45
10262,855959,27,176.41,NP,2026-03-12T17:40:14.000+05:45
10173,856435,309,133.67,IN,2023-06-25T19:41:43.000+05:45
10022,859242,376,116.97,NP,2025-02-10T04:29:22.000+05:45
10399,862004,219,30.01,NP,2024-04-09T14:13:51.000+05:45
10223,863453,48,5.68,NP,2023-02-28T11:07:21.000+05:45
10460,864278,192,6.72,NP,2023-05-15T12:41:57.000+05:45
10003,867309,256,47.22,NP,2025-11-30T11:34:21.000+05:45
10326,869067,154,12.05,NP,2024-07-09T17:30:12.000+05:45
10306,870636,17,47.5,DE,2026-04-29T16:07:15.000+05:45
10455,870649,362,29.42,NP,2023-07-19T12:56:54.000+05:45
10332,871787,225,34.51,US,2026-04-16T16:32:10.000+05:45
10236,872011,11,6.46,NP,2026-04-03T04:07:27.000+05:45
10244,873283,400,39.32,US,2025-11-11T17:05:45.000+05:45
10295,873660,262,98.08,NP,2024-03-05T00:42:58.000+05:45
10269,873897,321,98.42,NP,2025-12-10T21:45:24.000+05:45
10323,874739,229,2.28,GB,2024-08-15T16:01:10.000+05:45
10002,880293,308,144.75,IN,2023-08-09T04:23:38.000+05:45
10398,880623,196,12.55,DE,2023-01-26T19:03:04.000+05:45
10288,880670,96,237.7,NP,2023-12-20T04:44:59.000+05:45
10074,882050,243,29.1,NP,2025-05-14T08:59:09.000+05:45
10106,882334,96,46.23,IN,2024-05-17T16:37:28.000+05:45
10409,885879,133,6.83,BR,2024-12-29T08:16:57.000+05:45
10171,886644,283,270.44,JP,2026-01-17T19:48:12.000+05:45
10412,886764,179,54.55,NP,2025-08-14T14:54:50.000+05:45
10303,887085,187,31.77,US,2026-01-26T13:05:33.000+05:45
10230,889335,356,17.88,NP,2025-06-04T12:11:43.000+05:45
10045,890257,465,5.18,NP,2023-02-05T11:42:29.000+05:45
10300,891457,19,68.41,NP,2024-09-03T19:41:00.000+05:45
10375,891528,402,4.94,NP,2023-08-27T09:52:21.000+05:45
10338,891717,354,9.33,NP,2025-10-17T14:56:42.000+05:45
10020,893193,160,75.71,NP,2025-09-16T14:47:57.000+05:45
10218,893470,63,161.17,BR,2023-04-10T12:58:36.000+05:45
10020,896727,189,51.46,AU,2023-02-15T11:44:23.000+05:45
10246,896932,59,12.36,NP,2026-04-01T13:20:07.000+05:45
10435,897129,177,4.81,NP,2023-10-11T05:14:11.000+05:45
10478,897614,350,83.82,NP,2024-11-22T15:28:55.000+05:45
10022,897830,409,117.68,NP,2025-06-24T18:58:10.000+05:45
10342,900025,114,14.74,NP,2026-03-05T11:36:37.000+05:45
10444,900207,249,19.14,NP,2025-06-07T21:31:45.000+05:45
10495,900385,108,70.99,NP,2025-08-13T09:13:45.000+05:45
10050,902259,145,105.68,NP,2025-04-29T13:05:55.000+05:45
10435,906309,261,70.62,US,2026-01-18T18:11:59.000+05:45
10432,906881,175,91.73,NP,2026-01-11T13:20:57.000+05:45
10446,907279,496,237.3,AU,2024-05-25T17:30:26.000+05:45
10295,907410,42,11.65,NP,2026-06-20T10:33:11.000+05:45
10170,907589,7,137.34,NP,2024-12-03T08:16:38.000+05:45
10381,907724,478,2.48,NP,2023-06-27T11:45:11.000+05:45
10360,908185,343,97.59,NP,2024-08-11T21:47:09.000+05:45
10147,908442,327,8.97,AU,2026-04-11T06:36:40.000+05:45
10226,909040,223,44.09,NP,2024-04-27T08:49:38.000+05:45
10477,909098,10,14.56,NP,2024-12-05T09:10:38.000+05:45
10118,910413,206,1.47,NP,2025-05-18T22:51:31.000+05:45
10074,910505,207,253.95,NP,2023-07-06T15:39:57.000+05:45
10004,911675,41,272.51,JP,2023-01-27T08:11:22.000+05:45
10355,912173,33,65.49,NP,2025-02-18T12:14:47.000+05:45
10155,912346,238,51.94,IN,2023-10-01T14:36:23.000+05:45
10016,914083,496,27.21,NP,2023-09-12T08:46:43.000+05:45
10328,914556,235,126.88,NP,2025-07-11T13:56:41.000+05:45
10002,914635,252,111.92,NP,2023-06-16T12:11:11.000+05:45
10311,915249,398,34.28,JP,2024-02-17T13:35:40.000+05:45
10093,918162,179,10.0,NP,2023-06-14T17:02:25.000+05:45
10487,919709,67,75.64,NP,2026-05-08T21:44:21.000+05:45
10165,919793,430,197.06,NP,2023-03-12T13:02:49.000+05:45
10085,921117,6,183.05,AU,2024-04-23T04:04:50.000+05:45
10430,922241,298,29.55,IN,2023-08-31T04:38:07.000+05:45
10175,922846,65,52.04,JP,2024-10-29T20:38:13.000+05:45
10342,923288,213,57.13,NP,2023-11-05T01:44:36.000+05:45
10018,924813,245,59.81,NP,2023-08-18T02:01:00.000+05:45
10035,926966,67,36.21,AU,2025-01-02T12:51:55.000+05:45
10289,927579,399,6.64,DE,2023-12-27T00:04:20.000+05:45
10347,928306,227,79.22,NP,2026-06-24T09:02:11.000+05:45
10320,930235,485,221.97,AU,2026-06-12T11:54:58.000+05:45
10440,930873,95,45.76,NP,2026-04-09T06:10:54.000+05:45
10451,932428,54,5.72,NP,2024-12-24T03:23:49.000+05:45
10249,932659,316,75.9,JP,2024-07-02T16:18:07.000+05:45
10344,932777,498,97.17,BR,2024-05-31T02:12:00.000+05:45
10373,932975,97,44.94,NP,2026-04-25T00:03:07.000+05:45
10335,933678,317,31.09,NP,2023-01-28T01:42:01.000+05:45
10167,934510,485,38.91,DE,2023-02-07T02:22:40.000+05:45
10098,934940,211,38.76,NP,2023-11-18T20:33:06.000+05:45
10350,935676,74,66.92,NP,2023-05-02T11:13:35.000+05:45
10454,937176,331,9.59,JP,2023-03-19T10:20:22.000+05:45
10376,938554,446,88.26,NP,2023-10-21T14:09:30.000+05:45
10047,938688,301,276.9,NP,2025-12-06T16:25:57.000+05:45
10237,938802,331,4.96,NP,2024-08-09T13:35:00.000+05:45
10057,939923,478,61.94,IN,2024-02-21T11:13:06.000+05:45
10325,940924,103,63.34,IN,2025-12-31T08:06:50.000+05:45
10210,941999,194,131.9,BR,2026-05-16T00:33:53.000+05:45
10104,942090,168,84.3,US,2023-07-25T22:01:56.000+05:45
10404,943088,175,47.66,NP,2026-05-02T09:21:17.000+05:45
10084,943580,450,170.01,BR,2025-12-11T23:25:05.000+05:45
10101,944008,451,110.35,JP,2023-04-01T16:08:26.000+05:45
10290,944101,236,44.16,US,2024-05-25T03:29:08.000+05:45
10098,951565,120,8.9,NP,2026-05-15T07:03:51.000+05:45
10490,953206,417,12.15,NP,2024-10-19T05:16:10.000+05:45
10165,954600,290,52.46,BR,2025-04-14T13:57:18.000+05:45
10145,956321,497,2.83,NP,2024-08-19T03:58:27.000+05:45
10101,956758,356,49.79,AU,2023-10-26T17:07:21.000+05:45
10400,957852,5,66.56,NP,2025-03-04T12:12:30.000+05:45
10211,958517,491,205.46,NP,2024-09-23T16:57:25.000+05:45
10404,959247,236,35.65,NP,2024-06-11T11:57:13.000+05:45
10493,959773,355,66.84,NP,2024-07-20T23:24:32.000+05:45
10262,960262,309,85.67,NP,2023-07-18T10:26:08.000+05:45
10360,961292,406,113.51,NP,2024-09-25T10:07:47.000+05:45
10001,961595,4,30.57,NP,2026-01-25T06:07:09.000+05:45
10251,961775,2,64.89,NP,2023-12-15T17:14:47.000+05:45
10237,961814,210,44.03,US,2025-02-28T12:46:14.000+05:45
10466,962357,406,14.52,NP,2026-03-03T12:11:25.000+05:45
10041,963910,462,61.78,AU,2023-03-29T08:06:11.000+05:45
10313,965543,438,2.6,JP,2025-03-03T18:11:47.000+05:45
10218,965600,474,78.3,NP,2025-01-26T08:25:22.000+05:45
10150,966868,335,49.53,NP,2023-09-09T01:28:41.000+05:45
10272,968482,423,15.06,NP,2025-06-26T18:12:01.000+05:45
10263,969622,249,161.14,GB,2026-05-23T23:29:41.000+05:45
10422,970744,408,22.49,AU,2025-04-17T23:30:04.000+05:45
10288,973655,405,26.81,NP,2024-07-30T07:42:45.000+05:45
10099,974032,337,35.71,IN,2024-11-01T06:04:34.000+05:45
10167,974396,499,8.52,NP,2023-05-30T20:00:37.000+05:45
10376,976073,459,28.23,DE,2026-02-22T02:38:31.000+05:45
10101,977864,28,34.67,NP,2024-08-06T00:17:36.000+05:45
10494,981731,342,46.81,BR,2023-02-21T17:23:16.000+05:45
10080,982320,204,316.84,JP,2023-11-12T21:43:26.000+05:45
10084,982652,114,31.09,NP,2026-05-13T16:43:26.000+05:45
10287,982675,155,29.06,GB,2025-05-24T21:33:31.000+05:45
10481,986683,246,228.5,IN,2025-10-11T19:56:40.000+05:45
10297,986759,229,141.04,JP,2025-10-17T20:32:36.000+05:45
10025,987490,230,62.05,BR,2025-11-03T15:43:19.000+05:45
10260,988635,399,22.14,GB,2025-01-16T08:19:40.000+05:45
10457,988702,278,104.72,US,2026-04-25T03:56:49.000+05:45
10059,989608,31,162.46,NP,2024-07-23T22:06:01.000+05:45
10020,991664,400,8.06,JP,2026-03-19T05:51:28.000+05:45
10251,992762,264,386.6,NP,2024-08-16T18:55:38.000+05:45
10036,993844,385,25.34,GB,2025-03-09T23:10:43.000+05:45
10193,996643,123,51.99,NP,2025-03-12T03:00:38.000+05:45
10411,996980,35,633.12,NP,2026-06-07T04:32:01.000+05:45
10207,997613,480,90.11,NP,2025-11-06T14:12:02.000+05:45
10304,2509,27,25.14,NP,2024-09-16T21:03:48.000+05:45
10336,2555,80,77.17,NP,2023-09-23T19:14:57.000+05:45
10254,5403,381,393.05,NP,2026-04-12T04:18:31.000+05:45
10031,8224,140,9.49,NP,2025-06-27T15:19:42.000+05:45
10345,9518,161,67.89,AU,2026-06-24T15:54:23.000+05:45
10241,10988,416,25.09,AU,2024-12-02T20:22:34.000+05:45
10493,11080,484,48.53,IN,2025-11-07T18:37:32.000+05:45
10097,11150,169,8.69,NP,2025-01-07T21:35:21.000+05:45
10158,11972,405,7.54,NP,2024-11-19T09:38:17.000+05:45
10451,13555,92,96.85,DE,2023-10-16T09:47:39.000+05:45
10490,14769,258,49.84,NP,2023-10-23T01:07:19.000+05:45
10134,17075,227,21.92,NP,2025-11-30T03:27:29.000+05:45
10144,17493,119,119.14,US,2025-07-31T02:28:25.000+05:45
10223,17497,315,43.76,JP,2024-11-07T03:33:41.000+05:45
10037,19115,23,4.42,NP,2024-02-02T16:36:09.000+05:45
10418,22394,495,49.94,NP,2026-04-03T02:44:45.000+05:45
10445,23612,467,37.11,NP,2023-11-26T01:49:32.000+05:45
10155,23823,314,33.8,JP,2025-06-02T10:16:27.000+05:45
10400,25585,483,18.45,NP,2023-11-18T20:54:25.000+05:45
10495,25829,407,136.15,NP,2026-01-01T21:18:12.000+05:45
10258,26512,265,15.08,JP,2024-09-03T09:29:26.000+05:45
10322,28388,180,88.0,NP,2025-03-22T09:10:18.000+05:45
10354,29937,147,9.02,AU,2025-10-19T06:28:11.000+05:45
10430,30065,426,41.65,BR,2025-01-29T16:37:57.000+05:45
10451,32377,192,252.15,JP,2026-02-12T20:01:03.000+05:45
10116,32418,262,51.9,US,2025-12-22T06:25:40.000+05:45
10489,33592,355,4.29,NP,2023-10-01T10:58:20.000+05:45
10260,34412,132,15.2,NP,2025-05-19T12:33:07.000+05:45
10014,34844,141,92.58,NP,2025-03-10T09:58:36.000+05:45
10067,35118,152,3.81,NP,2025-07-11T05:53:55.000+05:45
10313,36122,350,12.54,BR,2024-04-07T02:05:19.000+05:45
10457,39007,365,168.46,NP,2025-02-18T12:45:02.000+05:45
10267,41776,262,190.45,NP,2024-10-28T08:14:45.000+05:45
10430,42384,243,30.84,NP,2026-02-10T04:46:04.000+05:45
10354,42483,354,30.02,NP,2025-11-08T01:56:35.000+05:45
10303,46126,244,22.9,NP,2023-10-24T14:07:27.000+05:45
10243,48197,91,136.66,IN,2026-02-28T19:47:04.000+05:45
10091,48304,364,16.28,NP,2024-12-31T01:46:38.000+05:45
10027,48317,5,39.26,NP,2023-12-05T03:28:05.000+05:45
10113,48370,35,200.01,NP,2025-08-24T15:37:19.000+05:45
10356,49507,98,30.95,NP,2025-02-14T12:12:34.000+05:45
10106,51841,354,57.73,NP,2024-03-30T05:40:35.000+05:45
10149,52499,449,7.05,NP,2023-10-09T06:36:33.000+05:45
10042,52548,3,216.25,DE,2023-09-13T08:58:49.000+05:45
10402,52977,261,140.4,NP,2024-03-02T08:13:38.000+05:45
10483,53728,4,107.94,NP,2023-10-07T11:41:41.000+05:45
10102,55593,468,77.97,NP,2023-10-29T18:51:15.000+05:45
10277,56999,127,10.42,NP,2023-10-03T06:52:11.000+05:45
10485,57145,391,140.52,NP,2024-08-17T03:42:46.000+05:45
10376,57798,328,55.82,NP,2023-06-13T07:28:31.000+05:45
10091,58723,256,424.26,US,2024-12-01T16:26:37.000+05:45
10354,59892,498,49.33,NP,2025-12-26T15:00:20.000+05:45
10147,60734,477,14.92,NP,2025-12-28T23:40:55.000+05:45
10287,62866,217,29.34,IN,2023-09-12T13:07:28.000+05:45
10305,63481,371,74.86,NP,2026-01-31T00:44:09.000+05:45
10476,64091,42,70.56,NP,2024-12-15T18:22:37.000+05:45
10108,65130,5,63.67,IN,2025-07-26T00:33:35.000+05:45
10069,65214,157,300.19,IN,2023-11-25T14:25:20.000+05:45
10026,65577,224,28.39,GB,2024-11-10T03:58:36.000+05:45
10349,67007,57,220.89,NP,2024-11-12T05:19:54.000+05:45
10065,68512,216,6.13,NP,2023-12-14T22:27:16.000+05:45
10196,69472,357,30.54,JP,2025-03-21T21:02:42.000+05:45
10305,69673,214,59.1,NP,2026-03-14T16:33:16.000+05:45
10123,69740,255,40.8,NP,2024-10-10T14:59:05.000+05:45
10108,69813,140,68.67,NP,2024-01-19T17:17:58.000+05:45
10329,72153,219,283.53,NP,2023-04-28T22:08:23.000+05:45
10465,73318,44,46.9,NP,2025-08-04T20:35:43.000+05:45
10404,75083,123,19.68,JP,2025-07-29T02:51:59.000+05:45
10150,77966,420,254.23,NP,2023-07-26T10:20:17.000+05:45
10172,78385,163,425.37,NP,2024-10-09T12:16:50.000+05:45
10300,79093,439,19.76,IN,2023-11-24T11:32:32.000+05:45
10480,80448,446,4.06,NP,2025-01-11T01:37:43.000+05:45
10202,80583,28,87.97,JP,2023-10-21T06:45:56.000+05:45
10166,82767,389,3.12,NP,2026-02-12T05:47:33.000+05:45
10450,83031,58,23.28,DE,2025-01-08T14:44:17.000+05:45
10028,84485,316,89.75,JP,2026-06-03T11:54:29.000+05:45
10074,85638,410,15.78,DE,2023-08-14T18:42:06.000+05:45
10108,86822,95,248.42,NP,2026-01-20T04:19:54.000+05:45
10147,87892,193,9.91,JP,2025-11-01T01:35:10.000+05:45
10307,88174,388,50.68,US,2024-01-10T03:21:06.000+05:45
10052,88779,375,20.19,NP,2025-11-01T13:29:49.000+05:45
10353,89549,269,30.46,NP,2025-10-08T20:21:09.000+05:45
10096,90973,197,143.49,AU,2023-08-01T13:05:22.000+05:45
10023,91891,78,135.94,US,2024-05-06T19:22:21.000+05:45
10250,93130,321,43.95,NP,2025-11-09T04:45:22.000+05:45
10359,95518,399,56.65,US,2024-11-08T00:04:36.000+05:45
10025,95595,242,19.26,US,2024-11-16T14:22:45.000+05:45
10262,97391,264,228.65,NP,2023-12-16T09:19:35.000+05:45
10264,99528,301,98.36,NP,2025-07-07T05:29:24.000+05:45
10300,101750,38,96.31,NP,2023-06-27T14:04:52.000+05:45
10305,102231,72,4.37,NP,2024-01-17T01:23:54.000+05:45
10236,102429,193,59.77,NP,2023-08-26T12:00:16.000+05:45
10087,103440,72,31.19,NP,2023-03-11T02:51:03.000+05:45
10097,103455,366,52.89,NP,2024-05-27T05:53:46.000+05:45
10146,105675,297,138.63,US,2024-05-20T06:59:38.000+05:45
10198,106419,42,38.64,NP,2024-12-31T20:09:56.000+05:45
10171,106502,209,20.73,NP,2026-02-10T09:27:04.000+05:45
10033,106611,327,7.46,NP,2026-06-02T04:25:55.000+05:45
10310,110465,346,21.05,NP,2024-11-21T19:03:32.000+05:45
10401,111494,335,337.31,NP,2025-11-14T03:51:30.000+05:45
10356,113217,480,58.23,NP,2025-06-30T02:34:49.000+05:45
10244,114964,61,59.43,JP,2025-10-21T05:12:20.000+05:45
10301,115260,244,77.59,NP,2024-04-15T10:30:15.000+05:45
10308,115681,229,10.2,NP,2026-04-15T02:49:40.000+05:45
10361,117267,470,35.4,AU,2023-04-09T19:50:25.000+05:45
10319,117343,224,31.67,US,2025-04-30T13:53:52.000+05:45
10152,118427,282,65.82,NP,2024-09-21T16:13:42.000+05:45
10260,121463,54,117.22,AU,2026-03-18T14:14:47.000+05:45
10133,122530,106,5.15,NP,2026-02-20T21:30:31.000+05:45
10021,124005,399,4.81,US,2025-09-13T14:00:46.000+05:45
10077,124927,14,131.08,JP,2023-05-25T11:07:14.000+05:45
10241,125273,255,19.52,GB,2025-01-24T18:41:35.000+05:45
10192,125993,260,124.94,US,2026-03-28T03:52:17.000+05:45
10401,126333,354,113.72,GB,2024-08-10T20:56:13.000+05:45
10160,126504,142,90.95,NP,2024-01-04T00:29:43.000+05:45
10183,126781,5,14.17,IN,2025-01-23T17:39:08.000+05:45
10084,129481,324,31.26,NP,2024-05-19T04:40:34.000+05:45
10051,129921,451,48.43,IN,2023-07-01T08:55:46.000+05:45
10344,130167,129,7.44,IN,2025-11-13T01:10:51.000+05:45
10243,130179,324,53.29,NP,2025-07-02T18:43:10.000+05:45
10119,130435,371,95.73,NP,2026-05-09T19:18:41.000+05:45
10129,130890,198,74.5,BR,2024-04-14T01:40:05.000+05:45
10206,135001,471,255.26,NP,2023-05-03T08:37:04.000+05:45
10186,139613,399,25.78,NP,2026-02-02T04:42:41.000+05:45
10182,139915,499,9.16,NP,2025-02-12T07:07:35.000+05:45
10313,141986,228,15.35,NP,2026-03-31T02:16:14.000+05:45
10071,142226,308,13.09,NP,2024-01-07T08:21:17.000+05:45
10152,142233,375,62.34,NP,2024-12-13T20:50:12.000+05:45
10169,142947,476,127.88,JP,2024-01-13T12:01:27.000+05:45
10379,143408,468,46.78,US,2026-04-11T15:30:03.000+05:45
10333,148489,75,76.76,NP,2025-08-16T19:57:51.000+05:45
10453,150398,18,2.1,GB,2025-02-10T07:26:57.000+05:45
10373,151035,482,62.52,NP,2023-06-30T22:31:24.000+05:45
10484,152230,459,3.46,NP,2023-07-14T06:52:43.000+05:45
10324,153154,144,13.12,NP,2023-03-13T00:38:43.000+05:45
10015,153859,5,51.91,DE,2024-02-13T06:01:01.000+05:45
10074,154590,491,15.18,NP,2026-02-15T01:09:17.000+05:45
10031,155286,171,13.24,JP,2025-04-03T07:55:05.000+05:45
10420,155918,463,174.78,NP,2026-06-06T23:46:07.000+05:45
10333,156021,79,4.18,IN,2025-11-30T16:53:44.000+05:45
10036,156435,203,167.33,GB,2024-03-02T10:32:40.000+05:45
10286,156820,7,55.89,NP,2025-04-25T16:46:11.000+05:45
10242,158069,115,39.99,DE,2025-02-26T23:30:14.000+05:45
10088,159152,196,10.81,NP,2026-04-04T05:39:43.000+05:45
10097,159342,28,55.42,IN,2025-05-20T03:45:11.000+05:45
10418,159540,349,63.06,NP,2023-02-10T20:19:08.000+05:45
10214,160019,494,51.94,BR,2025-05-05T06:24:55.000+05:45
10416,160710,163,81.81,IN,2025-06-16T11:14:44.000+05:45
10228,161238,254,213.67,IN,2024-05-26T00:47:09.000+05:45
10325,161351,145,25.73,NP,2023-10-02T08:11:54.000+05:45
10058,162217,253,7.37,NP,2023-07-08T15:25:03.000+05:45
10420,163444,315,75.67,NP,2024-06-03T19:14:19.000+05:45
10275,164621,58,7.59,NP,2024-01-14T04:10:25.000+05:45
10436,164654,373,26.48,IN,2026-04-02T14:24:00.000+05:45
10069,164988,186,25.66,NP,2023-06-11T18:14:20.000+05:45
10473,165853,423,11.13,NP,2025-06-13T10:39:57.000+05:45
10295,168530,324,33.22,AU,2025-06-27T16:43:16.000+05:45
10255,169891,221,95.57,NP,2025-06-19T18:43:45.000+05:45
10410,170076,119,74.71,US,2024-12-11T15:01:52.000+05:45
10335,171441,400,233.05,IN,2023-04-01T21:00:18.000+05:45
10413,173459,84,82.3,BR,2023-11-01T18:55:27.000+05:45
10200,173539,7,521.13,NP,2023-06-06T03:29:14.000+05:45
10483,173996,82,87.13,NP,2024-07-15T16:35:26.000+05:45
10477,174317,254,24.19,NP,2023-06-10T07:38:37.000+05:45
10201,175438,395,15.57,IN,2024-02-13T19:33:54.000+05:45
10240,176000,4,8.23,NP,2023-10-04T22:02:53.000+05:45
10141,176021,95,342.34,AU,2024-05-10T22:09:49.000+05:45
10016,176589,164,21.86,IN,2024-07-29T05:34:12.000+05:45
10399,177086,59,49.87,NP,2024-08-05T05:49:09.000+05:45
10439,177563,476,186.26,NP,2025-08-19T16:29:52.000+05:45
10128,178145,291,38.35,JP,2023-03-06T11:46:04.000+05:45
10280,178530,425,15.78,NP,2025-04-26T18:49:39.000+05:45
10004,179569,73,41.47,IN,2023-03-11T02:01:22.000+05:45
10106,180858,325,28.26,JP,2025-07-30T19:52:19.000+05:45
10222,182259,48,32.26,NP,2024-08-14T15:07:17.000+05:45
10071,182908,453,105.62,NP,2024-12-23T11:03:51.000+05:45
10158,183002,470,96.11,DE,2023-11-01T15:50:51.000+05:45
10078,183662,101,67.0,NP,2023-05-19T15:49:55.000+05:45
10151,184628,393,359.75,IN,2024-04-07T22:49:08.000+05:45
10355,186566,31,213.35,NP,2023-09-02T19:36:28.000+05:45
10308,190037,451,33.93,NP,2026-05-05T08:52:21.000+05:45
10099,190413,434,89.61,JP,2026-01-14T15:11:13.000+05:45
10147,193444,220,14.05,NP,2025-02-03T18:27:05.000+05:45
10264,193709,391,12.64,JP,2024-02-17T20:17:08.000+05:45
10496,196480,124,319.89,NP,2026-02-03T05:33:45.000+05:45
10231,196945,285,67.07,BR,2024-05-23T07:10:39.000+05:45
10431,198186,77,5.81,GB,2025-03-20T22:36:30.000+05:45
10104,198787,14,28.08,NP,2026-04-15T21:00:47.000+05:45
10360,199145,129,140.97,IN,2023-11-07T07:53:05.000+05:45
10421,202640,349,126.64,US,2025-09-16T01:44:49.000+05:45
10061,203872,37,222.97,NP,2023-01-08T23:49:43.000+05:45
10124,205228,497,86.38,NP,2026-02-22T19:28:24.000+05:45
10376,206425,225,7.75,NP,2024-08-25T11:56:55.000+05:45
10195,207879,352,43.29,NP,2023-02-07T10:37:44.000+05:45
10195,209119,293,27.26,NP,2024-12-04T17:27:17.000+05:45
10153,210519,252,99.22,NP,2023-10-16T23:05:11.000+05:45
10243,210758,490,184.23,NP,2024-02-13T10:22:08.000+05:45
10369,211509,341,20.5,NP,2025-12-11T14:49:06.000+05:45
10398,211556,489,92.46,NP,2025-05-18T21:10:32.000+05:45
10070,211586,306,311.19,IN,2025-03-11T08:58:06.000+05:45
10121,212962,355,370.62,IN,2025-10-08T11:54:54.000+05:45
10160,213627,346,64.59,NP,2025-10-02T05:55:42.000+05:45
10327,214445,45,158.83,NP,2023-07-11T13:39:34.000+05:45
10225,215016,50,166.2,US,2023-05-11T02:47:49.000+05:45
10080,215065,198,69.74,NP,2024-07-23T02:17:43.000+05:45
10352,215212,233,99.7,NP,2024-06-03T06:26:15.000+05:45
10310,218424,321,127.76,NP,2023-08-23T00:32:06.000+05:45
10490,220132,172,38.22,JP,2024-10-01T19:49:14.000+05:45
10446,220225,447,81.76,NP,2024-03-30T19:18:06.000+05:45
10465,221523,287,14.24,JP,2024-12-18T05:34:44.000+05:45
10273,221959,195,70.47,NP,2024-03-12T14:33:20.000+05:45
10317,222100,18,12.86,NP,2024-09-06T04:55:21.000+05:45
10378,222778,113,143.72,JP,2023-04-26T06:47:36.000+05:45
10438,222981,436,58.64,NP,2024-04-28T19:25:35.000+05:45
10082,222997,47,116.09,BR,2025-09-07T22:34:00.000+05:45
10372,223434,436,58.05,IN,2024-07-04T03:14:39.000+05:45
10252,223457,266,24.99,NP,2023-10-30T12:00:18.000+05:45
10441,224011,383,83.01,NP,2025-04-29T17:21:16.000+05:45
10376,226086,165,5.98,DE,2024-06-13T15:41:08.000+05:45
10053,226852,412,34.23,IN,2023-04-04T00:14:53.000+05:45
10046,226881,67,121.38,NP,2026-04-06T10:03:40.000+05:45
10357,226986,191,81.3,NP,2024-01-26T00:17:59.000+05:45
10064,229592,424,19.85,NP,2025-01-03T15:07:12.000+05:45
10336,231896,301,52.97,DE,2023-01-28T18:35:25.000+05:45
10024,232163,256,58.84,DE,2025-08-03T16:04:39.000+05:45
10406,233216,380,60.24,JP,2025-01-26T12:04:26.000+05:45
10105,233847,204,8.28,IN,2023-02-09T02:30:25.000+05:45
10186,234056,62,80.04,US,2025-09-10T23:57:09.000+05:45
10480,234190,300,77.64,IN,2023-11-06T13:56:41.000+05:45
10118,234198,120,38.22,BR,2023-04-16T15:22:09.000+05:45
10495,235566,477,113.21,NP,2026-04-02T21:43:07.000+05:45
10335,235890,76,3.6,JP,2023-05-23T07:18:39.000+05:45
10352,235919,183,93.34,NP,2024-04-23T16:21:38.000+05:45
10101,237818,479,32.1,NP,2023-10-07T05:26:31.000+05:45
10039,239985,85,1.54,IN,2023-12-11T11:37:50.000+05:45
10270,240431,217,11.13,NP,2025-06-04T03:52:05.000+05:45
10093,241723,415,24.63,NP,2025-09-26T23:20:02.000+05:45
10293,242423,397,6.25,NP,2025-12-08T15:53:58.000+05:45
10278,242863,334,88.22,NP,2024-05-25T14:38:53.000+05:45
10300,244692,28,85.29,NP,2026-06-22T04:53:44.000+05:45
10455,245389,278,408.36,NP,2023-12-12T20:09:36.000+05:45
10428,245492,315,308.29,IN,2025-08-20T20:34:37.000+05:45
10258,247792,380,95.71,GB,2023-08-22T07:18:09.000+05:45
10440,250953,215,47.64,US,2023-08-30T16:47:30.000+05:45
10438,251326,335,85.3,NP,2025-09-05T08:20:20.000+05:45
10476,251452,392,10.49,NP,2023-07-16T13:12:12.000+05:45
10450,251504,480,5.91,AU,2026-05-30T08:50:05.000+05:45
10130,252431,137,227.58,NP,2023-06-09T07:03:46.000+05:45
10050,253904,372,59.15,NP,2025-06-27T04:16:31.000+05:45
10496,254482,385,87.07,DE,2024-05-11T21:04:13.000+05:45
10461,254701,386,38.05,AU,2025-06-06T12:32:13.000+05:45
10400,255015,467,35.55,BR,2026-04-24T09:19:19.000+05:45
10433,255775,131,27.65,NP,2023-01-12T21:03:18.000+05:45
10445,255940,363,103.53,NP,2025-02-12T06:07:32.000+05:45
10318,260124,94,63.54,GB,2023-06-17T05:05:21.000+05:45
10421,261211,184,127.7,US,2024-09-26T23:58:44.000+05:45
10138,261880,203,26.42,JP,2026-06-29T11:34:22.000+05:45
10342,262588,210,64.19,DE,2024-11-19T05:32:02.000+05:45
10015,267195,44,75.81,DE,2025-09-07T12:54:44.000+05:45
10499,268132,100,25.8,NP,2025-03-13T12:36:47.000+05:45
10313,268744,101,84.33,NP,2026-06-17T11:25:05.000+05:45
10003,268855,113,38.59,NP,2025-11-10T03:25:02.000+05:45
10232,269349,71,136.71,NP,2024-05-12T18:08:09.000+05:45
10048,270579,52,46.92,AU,2025-05-10T09:08:39.000+05:45
10069,270673,434,20.56,US,2023-05-05T11:14:01.000+05:45
10197,271072,75,21.1,US,2025-08-28T02:15:12.000+05:45
10084,271127,81,80.45,IN,2024-05-02T04:22:14.000+05:45
10096,271297,109,109.89,NP,2023-06-17T07:26:14.000+05:45
10124,271391,136,35.89,NP,2025-05-08T22:44:30.000+05:45
10101,271449,16,1.86,US,2024-02-12T13:46:55.000+05:45
10473,272876,307,73.17,JP,2023-10-30T03:27:06.000+05:45
10302,273200,308,31.18,US,2023-12-05T21:45:05.000+05:45
10016,273705,327,102.8,GB,2025-04-21T15:51:35.000+05:45
10232,274809,467,92.31,NP,2024-12-31T19:29:49.000+05:45
10482,274836,376,68.65,JP,2024-04-22T22:16:26.000+05:45
10228,277545,384,262.34,NP,2025-06-15T04:22:41.000+05:45
10307,281750,12,12.37,US,2024-12-06T18:05:05.000+05:45
10427,282607,218,51.33,BR,2023-11-13T08:30:30.000+05:45
10243,283171,2,49.85,DE,2025-02-14T21:47:54.000+05:45
10412,283322,267,19.66,NP,2023-02-03T03:23:32.000+05:45
10436,285680,294,23.26,GB,2025-04-13T03:36:50.000+05:45
10003,286876,314,135.98,NP,2024-11-17T11:49:30.000+05:45
10252,287025,116,8.99,DE,2023-08-01T22:27:44.000+05:45
10246,287801,251,18.77,BR,2023-09-13T21:13:56.000+05:45
10460,289630,395,43.47,AU,2026-04-26T22:57:19.000+05:45
10062,291216,160,62.26,US,2023-07-14T15:20:58.000+05:45
10132,294241,417,16.97,NP,2026-01-29T19:09:07.000+05:45
10192,295003,161,70.59,DE,2025-01-19T21:41:33.000+05:45
10359,295244,281,23.01,US,2023-09-23T01:09:40.000+05:45
10069,295703,97,63.63,NP,2025-09-29T14:56:40.000+05:45
10367,296063,186,74.03,US,2026-04-29T19:33:10.000+05:45
10266,296068,49,130.55,NP,2023-03-04T09:50:50.000+05:45
10345,299334,294,95.88,DE,2023-12-28T06:32:00.000+05:45
10251,300870,361,169.2,US,2023-10-25T01:52:13.000+05:45
10187,302609,378,7.89,IN,2023-10-02T07:01:27.000+05:45
10138,304066,431,53.51,NP,2024-12-12T01:56:04.000+05:45
10429,304427,305,245.71,JP,2023-08-30T06:27:59.000+05:45
10169,304539,284,7.61,US,2025-02-12T20:57:13.000+05:45
10225,304827,201,25.97,NP,2024-06-27T16:18:37.000+05:45
10174,307793,45,92.51,NP,2025-10-25T09:59:39.000+05:45
10021,308835,498,638.05,NP,2024-12-11T15:27:38.000+05:45
10248,309929,460,70.57,NP,2023-02-23T15:08:44.000+05:45
10092,310752,298,106.53,DE,2024-05-29T04:19:06.000+05:45
10230,315020,481,49.11,JP,2024-11-26T05:39:32.000+05:45
10064,315141,119,72.79,US,2024-09-15T05:02:12.000+05:45
10284,316032,62,247.85,AU,2023-02-05T22:07:09.000+05:45
10480,316270,390,84.5,NP,2025-07-18T08:13:36.000+05:45
10190,317257,383,123.18,BR,2023-10-17T01:53:05.000+05:45
10224,317824,159,13.52,IN,2024-02-29T10:03:02.000+05:45
10338,319191,375,33.27,NP,2026-03-11T06:45:12.000+05:45
10395,320533,487,40.44,NP,2024-11-06T02:27:31.000+05:45
10344,320765,454,144.34,NP,2023-12-17T07:42:22.000+05:45
10236,321475,324,97.77,NP,2025-10-24T19:54:15.000+05:45
10010,321477,195,83.08,NP,2026-02-04T05:53:23.000+05:45
10329,321790,271,150.33,NP,2026-01-02T18:33:09.000+05:45
10320,323482,65,315.66,NP,2024-04-21T15:30:54.000+05:45
10378,324453,431,87.99,NP,2023-04-25T05:07:36.000+05:45
10376,325194,360,179.71,JP,2024-04-15T19:44:44.000+05:45
10037,327096,60,164.95,NP,2025-12-25T10:15:04.000+05:45
10114,331849,336,17.13,NP,2025-11-22T18:47:39.000+05:45
10040,332049,382,30.03,NP,2023-05-13T10:04:08.000+05:45
10204,333646,464,55.41,NP,2026-04-18T14:37:02.000+05:45
10379,336762,348,40.73,NP,2025-01-27T19:00:03.000+05:45
10106,336796,244,28.27,NP,2024-01-27T15:33:53.000+05:45
10434,338043,45,79.57,NP,2024-01-15T04:29:36.000+05:45
10303,338890,165,463.27,NP,2026-01-18T08:03:08.000+05:45
10223,338994,227,35.32,NP,2025-05-11T05:25:21.000+05:45
10101,339179,423,33.99,NP,2026-05-09T11:31:15.000+05:45
10426,339588,430,37.75,NP,2023-08-07T21:49:19.000+05:45
10345,339631,195,34.43,IN,2023-09-13T16:50:14.000+05:45
10105,341444,365,61.06,NP,2023-11-15T10:18:20.000+05:45
10269,342788,119,183.96,BR,2024-07-08T01:36:12.000+05:45
10495,342852,368,29.27,NP,2023-02-03T13:18:57.000+05:45
10330,343680,223,9.36,NP,2023-08-12T11:02:07.000+05:45
10451,344997,90,62.7,JP,2023-11-16T08:04:28.000+05:45
10367,345642,230,9.65,NP,2024-11-14T06:03:30.000+05:45
10108,347406,481,90.03,NP,2026-06-25T21:12:02.000+05:45
10392,347701,397,161.81,NP,2023-03-19T22:03:48.000+05:45
10098,348319,236,254.23,NP,2023-11-18T08:43:53.000+05:45
10246,348898,9,32.48,JP,2026-06-05T01:25:44.000+05:45
10333,349763,182,12.32,NP,2025-04-03T10:35:37.000+05:45
10147,350662,238,152.1,NP,2023-10-28T15:47:56.000+05:45
10020,352298,192,110.3,NP,2024-05-28T13:25:24.000+05:45
10241,352312,293,42.43,BR,2026-03-19T11:30:41.000+05:45
10336,352349,85,78.47,US,2026-05-29T14:04:19.000+05:45
10347,353843,224,5.22,JP,2024-05-01T23:57:45.000+05:45
10080,354323,27,161.12,NP,2025-04-20T10:28:09.000+05:45
10113,354973,259,20.91,JP,2025-07-23T22:58:54.000+05:45
10264,356306,219,83.7,NP,2026-01-30T20:19:58.000+05:45
10436,358358,138,43.84,NP,2023-02-15T12:37:50.000+05:45
10102,359034,3,3.55,NP,2026-01-10T03:06:13.000+05:45
10199,359405,148,53.61,AU,2023-10-24T08:37:18.000+05:45
10447,360055,158,57.69,IN,2024-04-11T23:10:03.000+05:45
10458,360238,391,49.18,AU,2023-03-07T17:30:30.000+05:45
10432,360882,326,425.62,NP,2024-03-30T04:24:17.000+05:45
10388,361139,429,9.56,NP,2023-03-28T04:54:04.000+05:45
10042,361530,79,30.58,NP,2023-10-24T22:36:00.000+05:45
10487,362368,488,9.67,NP,2025-09-27T05:19:26.000+05:45
10252,362623,343,63.47,IN,2023-08-22T11:35:32.000+05:45
10068,363848,370,20.89,DE,2023-10-19T03:47:55.000+05:45
10393,366330,249,102.9,NP,2023-03-03T09:13:27.000+05:45
10098,369312,306,27.2,NP,2023-03-22T17:53:23.000+05:45
10375,369357,309,260.49,NP,2024-12-26T06:05:33.000+05:45
10262,371147,227,68.02,AU,2025-12-25T04:48:09.000+05:45
10020,371458,7,240.92,NP,2023-01-21T09:13:35.000+05:45
10498,372227,249,32.92,NP,2023-10-15T23:02:38.000+05:45
10106,372230,19,18.67,NP,2025-09-24T01:40:54.000+05:45
10497,372397,394,46.99,NP,2024-07-16T21:22:00.000+05:45
10196,372529,459,309.09,NP,2024-09-14T08:52:53.000+05:45
10030,373176,253,6.76,GB,2024-11-15T15:09:29.000+05:45
10481,373255,388,310.81,NP,2023-11-03T00:57:54.000+05:45
10311,373493,313,102.78,BR,2024-07-08T04:26:21.000+05:45
10247,374901,195,71.51,JP,2025-01-04T18:27:36.000+05:45
10252,375061,259,195.48,NP,2024-04-17T05:13:29.000+05:45
10145,376594,435,13.76,NP,2024-04-29T22:35:55.000+05:45
10280,376613,2,51.77,NP,2023-11-15T16:34:40.000+05:45
10473,377667,162,159.08,IN,2026-03-28T16:44:30.000+05:45
10044,378094,43,42.83,NP,2026-04-08T17:58:03.000+05:45
10289,378481,230,157.9,US,2023-01-28T06:02:55.000+05:45
10284,380604,270,57.15,NP,2025-01-26T00:53:37.000+05:45
10312,382673,420,25.01,NP,2024-12-03T20:45:58.000+05:45
10191,383529,25,202.08,AU,2024-05-03T16:12:59.000+05:45
10061,383562,66,33.04,NP,2023-04-26T14:03:25.000+05:45
10294,384654,393,229.99,NP,2024-12-21T02:10:56.000+05:45
10366,384949,18,85.55,NP,2026-06-29T11:13:16.000+05:45
10346,385051,55,92.2,US,2025-12-02T08:32:00.000+05:45
10006,388024,355,42.35,NP,2025-01-17T02:14:27.000+05:45
10269,388488,492,55.32,AU,2023-12-30T23:58:44.000+05:45
10262,389228,305,31.35,NP,2026-03-14T11:37:00.000+05:45
10029,389512,174,103.51,BR,2025-09-10T17:29:24.000+05:45
10357,389644,477,22.19,NP,2025-09-27T11:05:49.000+05:45
10110,390378,140,93.53,NP,2024-10-16T23:12:19.000+05:45
10102,390636,75,5.97,NP,2025-02-10T14:35:51.000+05:45
10057,391713,277,3.8,NP,2023-11-25T08:12:43.000+05:45
10167,391814,368,101.36,JP,2025-11-29T07:29:06.000+05:45
10136,396187,366,47.24,US,2024-11-16T15:33:20.000+05:45
10232,397744,419,2.93,NP,2025-09-05T11:26:38.000+05:45
10109,397809,233,190.15,AU,2023-12-15T10:14:19.000+05:45
10145,399040,342,12.71,IN,2023-02-12T20:00:50.000+05:45
10200,399410,19,33.91,NP,2025-11-28T17:11:12.000+05:45
10391,399820,177,47.09,GB,2023-12-01T20:20:03.000+05:45
10368,400192,320,53.66,IN,2025-03-07T05:14:49.000+05:45
10019,400691,419,202.18,NP,2024-02-09T02:20:16.000+05:45
10438,401248,24,11.64,NP,2024-10-04T17:57:25.000+05:45
10186,402607,251,240.78,NP,2025-03-17T19:45:11.000+05:45
10031,402669,394,39.97,GB,2025-01-20T01:19:22.000+05:45
10378,405707,177,95.39,NP,2023-12-26T23:42:16.000+05:45
10425,406142,23,188.14,NP,2026-04-03T16:09:39.000+05:45
10055,406549,34,6.86,DE,2025-05-25T10:59:29.000+05:45
10107,409659,380,82.84,NP,2025-03-23T01:13:32.000+05:45
10412,410847,281,58.41,NP,2023-11-19T08:26:36.000+05:45
10151,414188,478,223.43,IN,2025-04-24T10:02:52.000+05:45
10237,416872,416,48.21,NP,2026-02-09T03:53:18.000+05:45
10463,417029,30,41.51,US,2023-05-21T12:27:39.000+05:45
10050,417904,216,171.79,NP,2025-06-15T01:45:33.000+05:45
10169,422469,226,46.37,JP,2025-12-02T16:20:46.000+05:45
10020,424043,166,120.2,NP,2025-08-23T10:07:07.000+05:45
10294,424208,109,48.51,JP,2025-06-29T15:12:41.000+05:45
10166,425040,113,62.69,NP,2024-01-17T19:49:52.000+05:45
10275,426230,112,62.36,NP,2023-08-05T08:53:44.000+05:45
10499,427682,100,46.62,NP,2025-01-09T23:58:34.000+05:45
10473,428855,403,106.32,NP,2023-01-01T11:13:49.000+05:45
10033,430659,222,150.67,NP,2023-06-05T02:58:00.000+05:45
10442,430904,493,3.87,JP,2023-02-16T22:52:51.000+05:45
10285,431187,387,23.97,AU,2025-07-26T10:25:41.000+05:45
10226,433481,241,56.52,NP,2026-01-29T14:31:09.000+05:45
10096,433605,247,55.62,IN,2025-12-23T01:56:54.000+05:45
10483,435062,221,71.76,NP,2023-11-07T20:54:34.000+05:45
10314,435986,241,5.39,NP,2025-08-17T23:39:46.000+05:45
10095,436604,392,276.52,GB,2024-10-03T22:08:47.000+05:45
10262,437340,314,85.87,NP,2024-01-16T23:10:25.000+05:45
10281,438119,460,4.35,NP,2023-03-25T13:21:35.000+05:45
10360,438604,365,32.17,JP,2025-12-31T00:51:03.000+05:45
10264,438684,271,43.32,NP,2023-03-15T19:01:17.000+05:45
10473,439061,63,30.03,NP,2024-12-12T04:50:12.000+05:45
10159,441390,328,51.48,NP,2023-03-06T07:32:00.000+05:45
10420,442500,28,182.99,NP,2026-06-13T10:10:25.000+05:45
10170,442899,98,32.55,US,2026-01-29T06:43:24.000+05:45
10042,443700,346,71.66,NP,2024-02-29T10:56:39.000+05:45
10113,444463,113,15.01,NP,2026-04-21T06:38:10.000+05:45
10180,444596,263,44.45,NP,2024-04-04T19:19:54.000+05:45
10389,446870,456,9.93,NP,2023-07-19T14:41:37.000+05:45
10138,448025,36,99.03,NP,2023-08-28T11:24:08.000+05:45
10198,449177,113,25.89,GB,2024-05-04T13:10:21.000+05:45
10282,450129,123,39.19,US,2025-10-19T15:53:04.000+05:45
10442,450231,98,106.98,NP,2025-05-25T18:03:50.000+05:45
10019,450594,278,98.44,NP,2023-12-10T11:54:49.000+05:45
10361,450786,213,91.97,US,2025-12-25T13:32:54.000+05:45
10456,452143,338,58.07,BR,2025-11-27T12:53:12.000+05:45
10401,454742,143,2.7,NP,2023-10-04T18:19:59.000+05:45
10395,455802,204,34.35,NP,2025-08-11T03:50:55.000+05:45
10159,455890,151,3.72,BR,2024-11-11T16:42:38.000+05:45
10407,458174,190,124.93,NP,2025-06-22T21:08:56.000+05:45
10445,458285,401,12.35,NP,2026-06-26T17:37:11.000+05:45
10269,458425,162,111.43,US,2025-01-03T09:52:17.000+05:45
10495,458672,442,133.64,NP,2024-08-19T15:01:38.000+05:45
10267,460187,3,182.75,NP,2023-05-17T05:54:47.000+05:45
10247,461631,463,87.11,NP,2024-09-27T20:07:50.000+05:45
10222,462882,226,30.98,DE,2023-12-01T14:47:25.000+05:45
10345,463808,23,36.0,GB,2023-11-23T05:55:40.000+05:45
10384,464017,350,23.2,NP,2023-10-06T13:29:16.000+05:45
10221,464332,411,19.52,US,2024-10-23T15:22:14.000+05:45
10160,464392,284,82.41,BR,2023-08-03T11:21:20.000+05:45
10491,464856,177,5.16,IN,2024-06-05T00:10:46.000+05:45
10020,464918,173,64.1,NP,2023-02-28T23:21:02.000+05:45
10095,465982,40,21.98,DE,2023-10-15T10:16:27.000+05:45
10018,466412,244,11.91,IN,2023-06-19T02:00:27.000+05:45
10405,467737,237,10.52,DE,2024-11-09T01:13:11.000+05:45
10295,467790,488,73.5,NP,2025-10-01T15:55:13.000+05:45
10162,468305,270,127.51,NP,2025-01-14T16:11:23.000+05:45
10341,469568,9,18.06,NP,2023-04-15T14:14:56.000+05:45
10367,469672,416,11.54,IN,2023-11-08T11:12:27.000+05:45
10198,470053,177,24.15,US,2025-08-10T21:19:30.000+05:45
10127,470651,105,107.06,US,2025-04-16T07:42:55.000+05:45
10175,470709,244,73.88,NP,2024-05-11T04:37:44.000+05:45
10335,470774,80,6.09,JP,2023-10-17T15:30:00.000+05:45
10361,473708,428,22.84,NP,2025-12-22T18:30:21.000+05:45
10031,474591,134,44.56,JP,2026-03-28T06:05:09.000+05:45
10457,474993,91,137.99,NP,2025-05-10T15:04:43.000+05:45
10237,477178,9,71.64,AU,2023-11-28T01:17:35.000+05:45
10045,478973,403,90.09,NP,2023-12-09T08:26:31.000+05:45
10350,481359,117,115.04,NP,2023-04-14T14:18:02.000+05:45
10206,481769,400,202.77,NP,2026-04-28T10:53:28.000+05:45
10266,482943,375,142.02,NP,2023-05-27T17:27:22.000+05:45
10319,484212,466,37.84,DE,2023-09-07T03:44:15.000+05:45
10155,485246,159,80.26,NP,2023-10-27T16:00:54.000+05:45
10248,486030,408,124.04,NP,2026-03-21T20:59:25.000+05:45
10171,486566,426,114.4,NP,2025-07-09T05:15:20.000+05:45
10214,486626,456,63.42,AU,2023-10-07T13:53:25.000+05:45
10316,486799,460,6.52,JP,2024-02-22T17:28:53.000+05:45
10237,486823,473,105.87,NP,2024-10-24T16:27:34.000+05:45
10468,486988,67,53.17,NP,2025-10-16T03:10:23.000+05:45
10060,488930,261,121.82,IN,2023-11-27T22:07:01.000+05:45
10044,489356,276,174.61,IN,2025-07-06T23:44:35.000+05:45
10028,490058,193,31.9,NP,2023-01-15T18:14:39.000+05:45
10217,491481,291,102.24,NP,2024-07-25T11:06:50.000+05:45
10223,491888,80,57.1,JP,2023-01-26T16:46:23.000+05:45
10386,493194,499,3.34,NP,2024-11-12T18:28:12.000+05:45
10142,494553,142,69.72,NP,2026-05-23T01:04:22.000+05:45
10041,495057,31,98.9,NP,2024-10-16T05:10:39.000+05:45
10096,498129,26,32.37,NP,2025-08-14T08:37:26.000+05:45
10068,498503,126,113.7,NP,2023-03-15T20:15:35.000+05:45
10344,499385,400,96.94,IN,2024-02-05T10:26:35.000+05:45
10180,499558,15,131.02,NP,2025-12-22T19:39:52.000+05:45
10020,499644,187,6.48,NP,2023-10-08T02:42:22.000+05:45
10483,499768,47,91.48,NP,2023-01-26T14:15:17.000+05:45
10220,500580,387,19.54,NP,2025-05-19T07:40:30.000+05:45
10342,501033,492,12.56,NP,2023-10-26T13:44:07.000+05:45
10454,504633,485,8.62,NP,2025-06-20T07:07:08.000+05:45
10470,506039,448,92.16,NP,2026-01-27T15:40:12.000+05:45
10343,506702,7,9.33,JP,2026-01-28T07:49:14.000+05:45
10257,506780,37,39.53,NP,2025-06-06T01:18:07.000+05:45
10160,508354,364,102.94,NP,2023-05-22T15:48:43.000+05:45
10271,508433,242,45.88,BR,2024-11-13T03:26:40.000+05:45
10070,508460,324,37.86,US,2023-08-28T04:16:54.000+05:45
10131,508814,397,219.27,NP,2025-10-14T17:55:19.000+05:45
10322,509702,399,119.23,GB,2024-06-06T10:15:23.000+05:45
10337,510536,360,15.88,IN,2023-04-05T23:14:54.000+05:45
10440,513764,207,32.22,NP,2023-08-04T18:56:06.000+05:45
10192,514497,291,60.56,NP,2024-12-06T11:20:18.000+05:45
10489,515467,234,2.61,NP,2023-04-23T11:10:39.000+05:45
10288,515497,306,132.2,JP,2026-05-11T07:12:46.000+05:45
10377,516571,251,31.5,NP,2026-02-06T18:35:16.000+05:45
10202,518811,482,335.64,JP,2025-12-27T12:21:05.000+05:45
10022,519039,362,37.98,GB,2025-11-09T12:52:43.000+05:45
10339,520737,293,17.24,US,2025-07-29T06:23:34.000+05:45
10028,523769,217,20.03,NP,2024-02-11T00:05:28.000+05:45
10039,524109,471,157.72,NP,2023-01-18T13:25:06.000+05:45
10174,524724,288,33.15,NP,2023-01-19T07:12:23.000+05:45
10013,526528,408,16.9,NP,2024-02-06T11:43:10.000+05:45
10423,527462,79,83.34,NP,2023-02-13T04:21:28.000+05:45
10006,528463,352,31.4,NP,2026-03-02T09:27:09.000+05:45
10372,530766,228,9.54,NP,2024-11-08T01:35:19.000+05:45
10324,531240,113,35.42,JP,2023-08-17T04:36:19.000+05:45
10402,531664,136,43.63,NP,2024-07-13T10:14:26.000+05:45
10014,532161,398,2.88,BR,2025-02-25T09:42:02.000+05:45
10046,532567,375,49.96,NP,2025-12-15T11:07:06.000+05:45
10233,532905,326,40.68,NP,2024-02-18T21:35:30.000+05:45
10317,533664,97,40.8,US,2024-06-06T08:23:36.000+05:45
10189,533798,354,51.5,NP,2024-09-09T07:37:49.000+05:45
10002,535092,450,13.59,NP,2025-01-02T16:03:42.000+05:45
10266,535866,11,169.61,NP,2023-08-11T00:18:16.000+05:45
10366,536700,99,3.73,DE,2024-11-13T04:53:28.000+05:45
10151,536723,124,1.24,NP,2026-06-16T04:27:34.000+05:45
10214,536760,134,55.34,JP,2023-03-11T11:40:32.000+05:45
10306,537010,373,85.62,DE,2023-08-20T20:33:09.000+05:45
10028,537017,457,13.9,NP,2026-03-25T14:51:05.000+05:45
10343,537106,477,327.75,DE,2025-04-01T20:43:37.000+05:45
10081,537647,350,46.81,NP,2024-01-23T21:14:55.000+05:45
10398,538589,116,19.17,JP,2024-03-24T22:29:46.000+05:45
10055,539388,129,83.38,DE,2025-12-13T05:54:35.000+05:45
10128,539538,450,61.81,NP,2024-01-25T14:37:44.000+05:45
10202,541815,228,353.01,NP,2023-11-22T04:17:40.000+05:45
10210,542610,243,29.49,DE,2023-10-18T13:47:20.000+05:45
10159,543504,398,27.69,NP,2023-11-03T01:07:48.000+05:45
10042,543685,339,153.71,NP,2023-11-10T16:12:30.000+05:45
10263,544528,202,100.44,NP,2023-07-20T16:35:54.000+05:45
10004,545866,372,103.22,NP,2026-02-05T00:22:56.000+05:45
10138,546028,283,73.47,US,2024-01-10T12:14:44.000+05:45
10478,546937,134,81.31,NP,2023-11-28T18:32:18.000+05:45
10253,550267,309,54.66,NP,2023-02-14T09:35:49.000+05:45
10327,552659,233,15.86,IN,2023-12-29T18:23:40.000+05:45
10271,553353,157,105.86,NP,2023-08-15T12:09:39.000+05:45
10290,554034,199,14.18,NP,2024-04-17T11:53:13.000+05:45
10379,555601,24,62.59,IN,2025-01-06T12:27:02.000+05:45
10353,560043,70,292.14,IN,2023-05-03T02:21:02.000+05:45
10162,562561,486,77.33,NP,2024-08-24T17:33:04.000+05:45
10153,564323,325,55.98,NP,2023-09-04T14:27:41.000+05:45
10389,564478,466,46.71,NP,2023-02-16T09:59:37.000+05:45
10149,565052,178,167.27,IN,2026-02-18T23:30:03.000+05:45
10424,565601,103,47.39,GB,2023-06-10T10:16:45.000+05:45
10468,566690,5,139.28,AU,2023-10-20T14:40:04.000+05:45
10185,567421,270,106.59,US,2024-01-12T02:04:23.000+05:45
10229,567434,145,11.88,JP,2024-10-20T08:31:05.000+05:45
10186,567550,186,73.75,NP,2023-05-25T06:48:59.000+05:45
10402,568163,234,16.8,NP,2025-01-08T18:36:11.000+05:45
10040,570063,86,144.72,NP,2023-10-13T20:56:20.000+05:45
10343,570520,249,22.83,IN,2023-07-02T07:29:31.000+05:45
10350,570706,95,14.04,NP,2025-03-26T03:59:11.000+05:45
10200,571844,459,5.83,DE,2026-02-06T10:59:32.000+05:45
10100,573894,40,150.8,US,2026-01-31T12:18:26.000+05:45
10467,574189,273,215.52,US,2025-05-14T08:25:15.000+05:45
10050,574197,449,273.77,DE,2024-09-21T09:26:35.000+05:45
10076,574636,3,206.78,US,2024-03-16T20:57:17.000+05:45
10489,574972,111,50.57,US,2026-04-25T07:33:14.000+05:45
10395,575858,187,92.23,IN,2023-10-01T04:07:24.000+05:45
10174,576588,40,24.85,NP,2023-04-03T12:34:58.000+05:45
10297,579053,247,27.95,IN,2024-01-11T12:24:14.000+05:45
10296,580123,252,49.19,NP,2025-11-27T14:58:13.000+05:45
10156,580616,213,87.53,GB,2025-04-09T23:10:28.000+05:45
10331,581588,327,271.41,AU,2023-06-13T20:05:24.000+05:45
10164,581708,189,103.32,NP,2025-02-16T02:44:47.000+05:45
10251,582763,397,8.85,IN,2026-04-11T09:19:25.000+05:45
10467,582822,84,25.93,NP,2025-06-18T21:46:44.000+05:45
10320,583701,344,327.74,DE,2025-01-21T23:38:29.000+05:45
10047,586204,453,3.67,IN,2023-03-31T11:11:04.000+05:45
10413,586330,218,157.84,NP,2024-12-17T16:51:39.000+05:45
10373,589612,52,265.67,NP,2025-09-09T23:23:03.000+05:45
10308,592159,399,23.11,NP,2023-06-20T18:54:06.000+05:45
10011,592356,477,368.07,NP,2024-03-01T02:01:40.000+05:45
10349,593100,313,14.18,BR,2024-06-07T07:17:59.000+05:45
10170,594395,409,389.58,NP,2024-02-05T23:43:02.000+05:45
10441,594864,499,128.57,NP,2025-02-27T22:03:43.000+05:45
10011,596624,467,34.44,IN,2026-06-13T14:54:04.000+05:45
10134,597761,407,19.34,NP,2026-03-03T21:29:51.000+05:45
10110,598481,100,65.14,US,2025-08-31T10:36:38.000+05:45
10122,600252,101,24.35,NP,2026-02-07T05:16:51.000+05:45
10500,600993,451,59.15,NP,2026-03-15T07:22:30.000+05:45
10058,601052,382,129.89,JP,2024-05-26T05:51:54.000+05:45
10171,601836,99,82.73,DE,2024-12-28T21:31:48.000+05:45
10177,602559,321,35.5,NP,2026-01-03T05:15:27.000+05:45
10054,603060,388,30.27,DE,2024-12-22T14:12:21.000+05:45
10153,603249,403,50.36,JP,2024-07-02T12:11:41.000+05:45
10067,604010,177,7.94,NP,2023-07-30T03:52:47.000+05:45
10114,605402,320,208.73,NP,2025-07-25T07:24:22.000+05:45
10133,605493,266,154.22,NP,2024-08-25T16:51:42.000+05:45
10106,606011,117,65.63,NP,2024-07-21T06:18:42.000+05:45
10278,606599,384,32.6,GB,2025-08-14T04:48:16.000+05:45
10466,607525,291,90.53,IN,2023-02-17T18:27:12.000+05:45
10002,607724,357,48.84,NP,2026-03-27T16:03:40.000+05:45
10226,608484,320,14.35,NP,2025-08-06T02:54:12.000+05:45
10282,608625,163,15.35,NP,2026-03-31T16:20:55.000+05:45
10252,611300,175,183.32,NP,2025-03-01T12:02:08.000+05:45
10363,612533,492,154.18,NP,2024-04-26T23:34:17.000+05:45
10011,614630,460,90.78,NP,2025-04-13T21:21:42.000+05:45
10229,616496,226,3.6,NP,2025-08-06T11:40:55.000+05:45
10393,616896,370,142.27,IN,2024-10-08T18:18:22.000+05:45
10317,617914,359,19.12,NP,2025-08-17T00:07:14.000+05:45
10346,618183,469,325.97,BR,2025-04-30T09:41:32.000+05:45
10012,620306,383,16.94,IN,2024-04-24T10:55:00.000+05:45
10376,620466,363,27.42,NP,2024-09-03T00:05:45.000+05:45
10372,620574,230,215.09,DE,2024-04-13T11:47:59.000+05:45
10405,621741,399,249.25,NP,2024-12-05T21:05:54.000+05:45
10386,622225,340,61.9,US,2025-03-30T20:51:05.000+05:45
10020,622802,139,59.5,IN,2024-02-27T03:13:24.000+05:45
10121,623177,91,209.23,NP,2024-11-10T11:12:11.000+05:45
10437,624072,227,174.52,NP,2023-07-19T04:15:02.000+05:45
10191,625788,225,62.8,NP,2025-06-20T06:33:39.000+05:45
10036,626699,270,12.88,AU,2024-04-08T17:28:44.000+05:45
10239,626998,56,37.98,NP,2025-07-25T14:28:59.000+05:45
10438,627124,438,4.33,IN,2024-06-27T17:35:25.000+05:45
10349,628458,499,5.51,NP,2023-11-12T11:34:44.000+05:45
10097,628515,370,8.55,IN,2025-11-15T14:41:04.000+05:45
10035,628694,87,69.84,NP,2026-04-11T14:57:33.000+05:45
10298,629467,212,55.76,US,2024-09-13T03:12:48.000+05:45
10307,629514,368,26.02,NP,2025-07-31T10:51:21.000+05:45
10341,631036,374,13.64,US,2026-02-01T21:17:23.000+05:45
10374,634363,292,116.11,AU,2025-04-09T10:50:49.000+05:45
10217,634551,165,13.57,IN,2023-07-18T19:05:15.000+05:45
10123,637405,138,3.05,NP,2023-02-13T15:29:44.000+05:45
10457,638006,330,190.36,NP,2024-07-29T11:13:31.000+05:45
10469,639526,294,68.49,NP,2023-08-03T04:54:27.000+05:45
10273,639594,400,187.78,IN,2023-09-29T02:46:40.000+05:45
10420,640054,185,43.71,NP,2024-10-20T16:40:24.000+05:45
10311,641720,265,109.17,GB,2023-01-11T01:11:11.000+05:45
10340,644433,305,44.5,NP,2024-11-28T16:27:00.000+05:45
10231,647259,122,8.36,DE,2024-07-18T05:14:21.000+05:45
10003,648625,395,55.1,NP,2024-05-12T02:04:45.000+05:45
10189,649791,327,62.78,NP,2023-04-29T14:03:06.000+05:45
10104,649869,9,47.45,NP,2023-02-23T05:25:01.000+05:45
10431,650186,346,2.34,JP,2026-04-03T07:03:22.000+05:45
10446,650345,115,260.12,NP,2025-02-23T05:02:27.000+05:45
10051,651185,352,48.85,NP,2023-03-05T03:50:31.000+05:45
10039,651487,276,83.67,NP,2025-05-16T14:45:02.000+05:45
10280,651519,369,25.64,NP,2024-09-27T16:28:15.000+05:45
10393,653205,233,71.45,IN,2024-01-02T18:31:25.000+05:45
10010,653429,59,21.42,US,2026-01-14T23:09:48.000+05:45
10296,653478,317,116.51,NP,2023-02-10T15:24:11.000+05:45
10179,653574,326,41.97,JP,2026-03-09T03:42:08.000+05:45
10328,653670,178,9.57,DE,2026-06-05T01:45:36.000+05:45
10103,654729,499,112.8,IN,2024-12-08T08:00:25.000+05:45
10480,655963,185,134.75,IN,2025-04-21T22:30:50.000+05:45
10416,655981,303,126.65,GB,2025-07-03T22:34:19.000+05:45
10085,659702,394,2.53,NP,2024-12-12T01:53:50.000+05:45
10322,659711,61,58.07,NP,2024-07-05T16:50:26.000+05:45
10104,664883,490,95.29,BR,2024-09-05T07:18:34.000+05:45
10383,666200,379,39.91,NP,2024-08-10T10:44:26.000+05:45
10034,667604,216,57.24,NP,2026-04-17T12:07:51.000+05:45
10216,669774,356,29.11,US,2023-07-14T12:22:55.000+05:45
10277,672281,83,109.1,NP,2023-05-02T07:26:48.000+05:45
10192,672538,182,106.53,IN,2023-03-08T20:47:41.000+05:45
10441,672704,161,251.66,NP,2025-11-25T06:52:52.000+05:45
10249,673482,289,61.65,IN,2025-07-25T11:09:56.000+05:45
10118,674021,421,181.47,NP,2024-08-26T09:56:57.000+05:45
10264,674353,326,51.86,NP,2024-11-22T14:02:02.000+05:45
10105,674493,352,112.89,NP,2025-07-30T16:06:53.000+05:45
10119,675203,56,9.27,US,2025-06-22T03:03:30.000+05:45
10418,676678,448,32.02,NP,2023-05-09T14:34:03.000+05:45
10030,677238,19,46.77,NP,2024-10-28T19:26:26.000+05:45
10090,677332,476,10.66,NP,2026-02-18T22:31:04.000+05:45
10384,678660,442,366.78,JP,2024-12-17T19:03:35.000+05:45
10275,680855,353,287.2,IN,2026-06-27T09:16:36.000+05:45
10454,681256,89,3.8,JP,2025-09-16T22:31:46.000+05:45
10081,681431,142,26.96,DE,2025-04-24T02:06:41.000+05:45
10327,682648,459,42.04,NP,2025-01-07T05:33:10.000+05:45
10021,682945,321,101.7,IN,2023-05-18T22:57:21.000+05:45
10169,684383,324,117.0,US,2026-06-13T21:26:52.000+05:45
10154,686256,20,25.92,IN,2025-09-06T09:05:02.000+05:45
10133,688164,22,2.04,NP,2025-09-14T06:34:51.000+05:45
10450,689141,150,137.22,US,2025-02-28T21:43:23.000+05:45
10348,689315,204,34.36,NP,2023-05-28T23:53:28.000+05:45
10313,689993,232,89.54,JP,2023-10-12T22:36:55.000+05:45
10209,691134,422,10.82,NP,2024-08-03T18:43:46.000+05:45
10348,691642,434,56.62,JP,2025-05-25T11:19:57.000+05:45
10361,692355,459,120.12,NP,2025-02-02T13:27:10.000+05:45
10035,693683,192,4.81,AU,2023-02-26T15:07:41.000+05:45
10397,693893,413,172.87,DE,2023-05-15T04:16:28.000+05:45
10125,695563,39,141.9,NP,2025-04-11T07:27:56.000+05:45
10498,696115,412,56.53,NP,2023-01-02T20:02:10.000+05:45
10221,696943,462,52.83,AU,2023-01-13T16:18:11.000+05:45
10417,697173,15,283.45,US,2023-02-17T17:07:35.000+05:45
10407,697473,83,129.59,NP,2025-10-13T22:44:19.000+05:45
10141,698574,193,17.08,NP,2024-10-25T11:18:37.000+05:45
10383,699410,102,49.34,NP,2024-08-13T07:49:12.000+05:45
10086,700555,264,55.96,NP,2025-07-26T17:14:28.000+05:45
10131,700893,421,286.1,US,2025-02-21T20:35:28.000+05:45
10107,701774,98,285.95,GB,2024-06-27T20:51:25.000+05:45
10478,703080,413,198.88,GB,2024-05-08T19:54:41.000+05:45
10280,704740,250,1.24,US,2025-10-23T05:54:12.000+05:45
10171,704895,450,65.78,NP,2023-02-10T06:34:20.000+05:45
10110,705060,266,2.04,NP,2026-02-03T05:49:12.000+05:45
10114,706259,140,79.16,IN,2024-08-17T08:37:57.000+05:45
10265,706483,486,80.86,NP,2023-09-28T20:03:34.000+05:45
10286,707030,307,127.4,GB,2023-12-17T21:59:55.000+05:45
10420,707275,368,166.4,US,2023-01-09T06:38:40.000+05:45
10464,708429,242,7.26,NP,2026-02-10T03:58:42.000+05:45
10403,708814,294,558.94,NP,2026-01-31T11:48:18.000+05:45
10198,709738,350,90.47,NP,2026-01-03T17:30:10.000+05:45
10342,710046,133,81.84,BR,2024-12-21T23:15:48.000+05:45
10409,713093,282,272.58,GB,2025-02-20T12:41:14.000+05:45
10221,713778,106,34.63,DE,2024-07-05T07:16:46.000+05:45
10060,719543,435,19.91,NP,2023-06-27T17:42:19.000+05:45
10437,719894,21,2.38,NP,2024-01-01T02:41:12.000+05:45
10162,720816,275,142.88,NP,2025-10-10T07:41:09.000+05:45
10297,723614,14,18.86,NP,2025-04-01T15:43:53.000+05:45
10283,725210,79,4.68,NP,2024-10-15T17:09:55.000+05:45
10008,728101,313,19.05,NP,2023-01-10T11:18:25.000+05:45
10028,728841,246,137.5,NP,2024-04-17T17:17:31.000+05:45
10412,732336,182,50.39,NP,2025-05-20T14:20:52.000+05:45
10252,734244,454,130.04,IN,2025-12-22T04:11:55.000+05:45
10326,734448,252,69.78,NP,2024-11-30T16:55:12.000+05:45
10005,734768,386,1.83,IN,2024-11-23T20:12:36.000+05:45
10424,735127,388,24.87,AU,2024-08-05T22:33:49.000+05:45
10023,735278,379,7.1,NP,2024-07-06T08:11:00.000+05:45
10110,738523,425,190.41,NP,2023-02-08T21:58:13.000+05:45
10092,739071,91,73.32,US,2024-06-14T12:35:10.000+05:45
10234,739955,17,35.9,GB,2026-04-25T21:11:09.000+05:45
10286,740441,133,31.75,NP,2023-10-17T07:39:52.000+05:45
10150,741136,329,27.57,NP,2025-02-14T12:18:01.000+05:45
10286,742399,334,16.42,IN,2024-11-03T13:51:38.000+05:45
10185,742499,457,34.03,DE,2024-03-16T04:37:22.000+05:45
10277,742759,264,209.76,NP,2026-02-28T00:07:59.000+05:45
10046,743517,27,31.13,NP,2025-01-10T23:17:27.000+05:45
10148,744028,84,1.56,NP,2023-02-16T15:46:59.000+05:45
10323,746292,375,187.69,NP,2024-07-25T19:04:57.000+05:45
10137,747107,397,19.5,NP,2023-08-23T10:18:10.000+05:45
10467,748370,362,65.55,NP,2024-11-22T18:54:46.000+05:45
10162,748621,370,11.85,NP,2025-10-10T02:13:45.000+05:45
10146,752592,275,3.02,GB,2025-06-19T07:47:44.000+05:45
10384,752763,374,28.9,BR,2024-02-12T14:58:53.000+05:45
10076,755196,309,69.32,NP,2024-09-02T14:33:37.000+05:45
10491,755618,105,299.53,BR,2023-10-26T05:25:54.000+05:45
10485,757977,285,93.33,NP,2023-05-13T13:44:41.000+05:45
10169,758267,109,87.74,NP,2023-07-25T13:50:43.000+05:45
10128,760573,183,49.8,NP,2024-01-18T16:40:06.000+05:45
10477,762322,312,225.67,US,2026-06-23T08:05:28.000+05:45
10086,762443,363,66.12,US,2025-09-20T12:22:33.000+05:45
10476,762591,264,5.85,DE,2025-03-29T14:18:55.000+05:45
10403,762763,104,38.77,NP,2024-03-11T21:40:17.000+05:45
10017,763483,122,34.61,NP,2024-07-09T00:40:33.000+05:45
10274,768966,470,50.65,NP,2025-09-22T20:09:13.000+05:45
10288,772962,426,3.01,NP,2024-08-31T05:22:46.000+05:45
10409,775277,41,154.05,GB,2024-04-01T03:03:24.000+05:45
10463,776090,345,94.91,GB,2025-07-02T03:49:25.000+05:45
10091,778133,413,45.29,NP,2023-10-01T21:37:03.000+05:45
10083,779665,124,2.6,GB,2024-10-02T03:29:38.000+05:45
10358,782245,205,4.82,GB,2023-07-17T01:24:26.000+05:45
10272,782632,398,4.14,NP,2024-10-23T22:54:55.000+05:45
10447,784688,291,70.83,IN,2023-03-29T23:13:00.000+05:45
10265,784878,59,9.2,NP,2025-09-16T04:59:43.000+05:45
10067,787391,49,118.51,NP,2024-12-24T10:57:05.000+05:45
10226,787732,82,183.98,JP,2025-07-24T23:40:45.000+05:45
10096,789482,231,7.85,NP,2023-12-05T21:01:13.000+05:45
10332,791540,370,62.61,NP,2023-05-28T10:20:08.000+05:45
10168,792671,58,132.83,DE,2025-10-19T02:46:57.000+05:45
10499,794078,117,33.89,DE,2023-11-07T00:47:48.000+05:45
10221,794721,111,29.34,NP,2023-01-28T02:47:03.000+05:45
10352,796126,128,100.96,US,2023-10-16T16:28:55.000+05:45
10292,796174,407,97.69,IN,2026-03-20T23:00:15.000+05:45
10066,796176,476,49.65,NP,2026-03-23T01:35:20.000+05:45
10438,796859,446,73.84,DE,2024-09-01T14:09:34.000+05:45
10241,800860,381,151.87,NP,2025-08-02T15:49:54.000+05:45
10432,801160,19,37.04,NP,2024-12-20T05:15:41.000+05:45
10017,801902,343,4.17,NP,2025-01-07T04:34:41.000+05:45
10426,803611,142,137.08,DE,2024-01-05T10:19:33.000+05:45
10265,803899,245,2.71,NP,2025-11-10T10:59:33.000+05:45
10447,803915,362,86.02,IN,2023-09-13T16:36:44.000+05:45
10380,804350,48,69.45,NP,2023-03-03T02:45:58.000+05:45
10252,804469,496,57.86,US,2025-06-29T00:01:35.000+05:45
10041,806071,450,31.28,NP,2026-03-17T05:37:08.000+05:45
10227,809910,126,16.88,NP,2025-08-19T15:27:56.000+05:45
10434,810106,482,76.64,NP,2024-03-21T04:27:43.000+05:45
10045,810622,62,17.55,AU,2023-07-10T05:17:42.000+05:45
10374,811568,35,5.2,NP,2025-06-19T06:48:29.000+05:45
10410,811800,481,60.5,AU,2023-01-12T02:04:44.000+05:45
10291,812024,13,246.55,DE,2025-11-16T09:18:14.000+05:45
10025,813372,286,35.81,NP,2025-04-04T12:01:53.000+05:45
10142,814582,201,19.98,NP,2023-06-11T22:12:27.000+05:45
10214,815792,193,377.12,GB,2025-11-29T05:37:03.000+05:45
10398,818724,62,9.19,IN,2025-07-29T23:24:15.000+05:45
10016,818990,180,3.47,NP,2026-04-02T18:36:08.000+05:45
10398,819367,123,144.49,JP,2025-08-18T13:03:24.000+05:45
10259,819502,178,211.8,US,2025-01-30T14:37:29.000+05:45
10264,821336,164,333.14,NP,2025-07-03T05:52:37.000+05:45
10149,821604,201,65.37,NP,2024-10-14T11:03:18.000+05:45
10091,823191,329,18.43,NP,2025-01-20T17:57:38.000+05:45
10307,826005,347,31.87,NP,2025-04-14T17:48:23.000+05:45
10412,826565,101,231.53,NP,2025-09-29T14:30:24.000+05:45
10410,828030,115,18.78,JP,2023-05-13T06:37:28.000+05:45
10061,831125,208,111.46,US,2024-03-05T03:20:12.000+05:45
10467,831138,225,25.66,IN,2024-11-15T22:33:21.000+05:45
10072,832400,71,84.6,US,2023-04-07T10:39:54.000+05:45
10078,833919,261,17.23,NP,2025-12-28T22:24:44.000+05:45
10443,838354,349,10.26,NP,2023-12-04T04:24:34.000+05:45
10260,838698,86,42.4,NP,2025-04-23T17:35:12.000+05:45
10308,839694,114,26.5,IN,2025-12-06T17:59:42.000+05:45
10020,840242,74,54.71,BR,2026-06-09T14:42:40.000+05:45
10064,840479,324,92.74,NP,2023-11-12T21:41:42.000+05:45
10454,844190,35,60.19,NP,2023-04-07T07:52:03.000+05:45
10118,845480,146,12.27,NP,2023-03-22T14:49:11.000+05:45
10371,845680,489,31.42,NP,2025-01-01T07:39:41.000+05:45
10390,846152,267,189.34,NP,2023-06-06T05:33:33.000+05:45
10038,848164,73,62.92,NP,2024-06-11T10:43:02.000+05:45
10325,848303,326,61.01,NP,2024-12-16T12:50:09.000+05:45
10422,848980,186,98.63,NP,2024-02-15T14:45:20.000+05:45
10436,850518,488,363.79,NP,2024-07-15T13:22:23.000+05:45
10245,852404,128,68.44,NP,2025-05-27T01:29:11.000+05:45
10318,853770,136,33.01,JP,2026-03-05T14:11:50.000+05:45
10237,854091,113,26.65,JP,2023-08-08T09:01:52.000+05:45
10482,856064,221,164.94,NP,2026-06-24T03:54:57.000+05:45
10106,856876,460,80.62,DE,2025-10-18T02:03:31.000+05:45
10383,857014,334,286.17,AU,2024-03-04T23:07:08.000+05:45
10085,857383,327,70.62,NP,2025-05-25T02:55:06.000+05:45
10261,857639,169,151.38,NP,2023-07-17T14:55:54.000+05:45
10232,861120,124,52.37,IN,2023-05-31T18:38:35.000+05:45
10205,862614,344,4.11,NP,2023-07-24T05:07:44.000+05:45
10116,862778,274,177.41,NP,2025-03-12T06:51:58.000+05:45
10449,862889,5,10.52,NP,2024-01-07T06:21:12.000+05:45
10226,864467,379,72.46,NP,2025-06-19T06:27:05.000+05:45
10045,864603,322,39.12,NP,2023-03-04T08:24:17.000+05:45
10403,864817,326,82.47,NP,2025-11-30T18:21:00.000+05:45
10377,865291,498,48.08,NP,2023-09-25T21:11:16.000+05:45
10241,866244,314,26.75,AU,2025-04-28T19:58:14.000+05:45
10459,866448,60,32.89,NP,2025-11-21T10:53:15.000+05:45
10193,866517,224,55.32,US,2023-01-18T02:45:47.000+05:45
10332,867657,407,55.23,NP,2023-03-14T20:58:09.000+05:45
10493,869672,88,102.22,DE,2023-04-30T13:43:43.000+05:45
10241,869933,135,142.65,IN,2024-05-11T00:45:49.000+05:45
10106,870011,274,9.72,NP,2024-06-30T05:24:46.000+05:45
10465,871234,339,15.97,NP,2025-04-09T23:18:03.000+05:45
10256,872533,216,16.81,DE,2024-08-15T18:33:43.000+05:45
10040,872847,365,247.9,DE,2023-01-08T07:00:20.000+05:45
10366,873026,380,12.14,DE,2026-03-21T11:21:22.000+05:45
10140,874704,358,257.44,NP,2025-04-16T13:45:14.000+05:45
10198,877087,434,31.51,NP,2024-12-17T00:05:39.000+05:45
10130,877261,325,153.01,NP,2023-01-31T03:55:22.000+05:45
10167,877834,11,114.52,IN,2026-04-24T16:43:36.000+05:45
10328,884353,488,49.08,NP,2024-05-30T10:21:08.000+05:45
10215,885498,361,73.55,IN,2024-07-06T22:30:59.000+05:45
10406,885882,424,57.86,NP,2026-01-18T15:26:18.000+05:45
10111,886056,307,121.26,NP,2024-11-06T19:01:09.000+05:45
10496,886662,476,4.47,NP,2023-03-29T16:47:31.000+05:45
10444,887211,360,39.14,NP,2024-07-09T22:52:48.000+05:45
10225,889122,121,5.28,JP,2023-06-16T15:13:25.000+05:45
10189,889267,16,120.96,IN,2023-07-16T15:07:33.000+05:45
10020,890297,339,27.97,IN,2025-11-21T14:32:59.000+05:45
10460,890893,55,67.51,NP,2024-05-10T09:24:40.000+05:45
10066,892464,472,56.73,US,2024-04-09T20:25:21.000+05:45
10238,894857,68,2.93,NP,2024-07-04T11:06:44.000+05:45
10494,894928,206,88.26,NP,2026-05-02T22:30:29.000+05:45
10466,895655,354,5.96,NP,2024-09-23T03:37:38.000+05:45
10073,898140,229,43.45,GB,2024-06-21T21:43:59.000+05:45
10086,898158,470,145.18,NP,2024-12-10T14:49:51.000+05:45
10006,899084,203,70.89,NP,2023-05-13T23:09:28.000+05:45
10281,899328,338,32.96,NP,2024-08-22T17:37:13.000+05:45
10433,900135,127,16.52,NP,2026-02-09T14:58:51.000+05:45
10277,904320,143,10.58,NP,2024-01-27T20:03:54.000+05:45
10376,904530,12,48.5,US,2025-01-24T04:12:37.000+05:45
10408,905270,422,60.93,AU,2024-05-25T04:23:21.000+05:45
10087,906904,244,56.47,JP,2023-07-18T22:07:08.000+05:45
10471,907541,13,150.44,NP,2026-03-23T08:12:30.000+05:45
10015,907629,396,47.91,DE,2024-12-16T18:28:51.000+05:45
10061,909155,445,61.24,NP,2023-07-18T15:26:28.000+05:45
10482,909574,378,295.86,IN,2025-04-12T20:17:04.000+05:45
10247,911209,350,8.34,NP,2026-04-02T11:36:18.000+05:45
10497,912803,165,3.22,NP,2023-02-11T11:28:41.000+05:45
10436,913392,101,34.64,NP,2024-06-23T17:11:58.000+05:45
10439,915700,321,33.87,DE,2023-08-06T15:06:02.000+05:45
10238,916641,218,77.89,NP,2025-03-07T10:48:02.000+05:45
10280,916805,93,35.25,NP,2026-01-12T07:52:42.000+05:45
10480,917490,173,33.98,NP,2025-06-25T23:47:05.000+05:45
10336,917557,169,127.64,NP,2024-06-28T00:24:54.000+05:45
10026,918544,140,230.58,US,2023-03-28T12:43:00.000+05:45
10011,919467,193,80.97,NP,2023-02-08T08:06:18.000+05:45
10030,919508,453,43.74,JP,2024-09-28T17:23:12.000+05:45
10299,922614,353,33.44,NP,2023-03-29T22:55:47.000+05:45
10056,923009,434,14.2,NP,2024-06-07T10:13:29.000+05:45
10182,923449,359,37.59,US,2024-08-12T08:25:34.000+05:45
10005,923771,259,101.56,NP,2023-05-28T18:34:54.000+05:45
10022,924334,146,56.75,NP,2023-10-27T18:10:18.000+05:45
10476,924901,311,78.41,NP,2023-05-07T13:06:03.000+05:45
10123,925536,113,58.03,IN,2023-09-09T07:41:42.000+05:45
10047,926703,205,34.74,US,2024-10-20T15:36:01.000+05:45
10435,927522,103,10.35,US,2026-02-21T19:23:19.000+05:45
10169,928545,134,96.15,DE,2026-06-22T22:00:22.000+05:45
10417,930400,44,69.74,AU,2025-08-04T08:14:24.000+05:45
10012,930897,343,300.35,IN,2025-04-30T14:45:44.000+05:45
10089,931572,479,9.2,US,2023-05-12T17:10:24.000+05:45
10450,933124,81,19.74,NP,2023-02-04T07:28:33.000+05:45
10142,933574,384,132.85,JP,2024-06-25T01:35:54.000+05:45
10127,934214,248,56.42,DE,2026-01-01T07:13:39.000+05:45
10363,934947,344,38.57,BR,2026-02-13T04:55:46.000+05:45
10018,936394,317,167.2,NP,2024-01-30T20:57:34.000+05:45
10060,937289,151,22.18,NP,2024-10-10T09:57:49.000+05:45
10352,937671,255,69.75,BR,2023-09-16T14:09:43.000+05:45
10114,939311,469,1.32,NP,2024-02-07T07:22:05.000+05:45
10099,939583,495,298.9,US,2024-03-29T03:50:36.000+05:45
10017,940623,150,32.13,NP,2023-05-25T11:16:40.000+05:45
10257,940795,143,86.72,IN,2024-10-24T07:51:01.000+05:45
10039,941307,463,30.34,NP,2023-05-06T09:34:54.000+05:45
10047,943011,19,24.96,AU,2024-04-23T16:05:03.000+05:45
10225,943650,46,221.17,NP,2025-08-23T04:30:50.000+05:45
10089,944067,294,17.96,AU,2024-04-01T08:30:50.000+05:45
10443,947910,428,25.1,IN,2025-10-10T22:21:31.000+05:45
10110,948292,355,150.31,NP,2024-05-23T13:05:13.000+05:45
10352,948406,36,36.0,NP,2023-08-08T14:36:19.000+05:45
10074,954818,272,26.61,NP,2025-12-05T04:32:41.000+05:45
10397,955002,369,240.96,NP,2023-01-20T23:24:20.000+05:45
10140,955433,183,30.54,NP,2025-01-07T16:39:43.000+05:45
10381,957962,422,4.52,GB,2023-12-03T20:28:41.000+05:45
10139,957986,468,40.82,NP,2024-11-03T11:14:44.000+05:45
10470,961139,55,14.16,NP,2023-06-11T21:24:07.000+05:45
10001,961600,24,46.05,NP,2024-07-19T05:35:45.000+05:45
10425,961782,120,224.18,US,2023-02-23T09:38:47.000+05:45
10255,962984,33,143.07,NP,2026-04-02T01:18:07.000+05:45
10255,964339,400,80.45,US,2024-04-22T04:16:57.000+05:45
10209,965447,243,100.36,NP,2023-04-24T22:52:28.000+05:45
10462,968661,473,15.18,NP,2025-05-17T09:24:53.000+05:45
10234,970521,16,15.58,NP,2026-02-19T06:16:28.000+05:45
10279,970558,323,132.75,DE,2023-12-28T16:54:43.000+05:45
10175,971854,295,97.64,NP,2025-02-21T20:27:39.000+05:45
10258,972539,480,88.42,US,2025-08-09T01:59:20.000+05:45
10036,972591,99,27.58,JP,2025-08-01T21:45:09.000+05:45
10251,973360,295,10.21,NP,2025-11-25T03:21:41.000+05:45
10218,974110,73,33.23,US,2025-05-15T08:04:32.000+05:45
10129,975244,78,106.1,DE,2023-03-15T11:37:30.000+05:45
10052,976583,409,49.11,NP,2023-06-02T20:51:53.000+05:45
10486,977985,188,86.3,NP,2026-06-05T06:18:31.000+05:45
10326,979318,37,23.03,NP,2024-06-26T23:53:49.000+05:45
10095,981487,323,137.3,NP,2024-09-27T11:10:42.000+05:45
10309,984375,184,50.67,US,2023-02-11T09:13:18.000+05:45
10133,985063,324,13.22,NP,2025-02-22T06:51:08.000+05:45
10463,987027,192,29.68,NP,2024-03-02T11:16:17.000+05:45
10449,988275,298,474.84,NP,2024-06-18T21:19:25.000+05:45
10487,989682,386,83.72,NP,2024-03-18T11:08:09.000+05:45
10391,989796,89,60.67,US,2024-12-13T13:53:54.000+05:45
10376,990079,334,12.96,GB,2024-02-19T08:21:57.000+05:45
10169,990628,332,20.49,NP,2024-03-17T01:03:42.000+05:45
10329,990813,64,92.71,DE,2026-02-26T21:44:27.000+05:45
10254,994028,382,38.13,NP,2024-12-27T00:53:38.000+05:45
10443,995551,391,206.4,NP,2023-03-25T07:18:53.000+05:45
10412,995922,20,437.06,DE,2023-03-23T17:56:06.000+05:45
10076,997413,414,226.54,NP,2023-03-16T23:45:13.000+05:45
10491,997536,9,28.42,JP,2023-12-14T15:40:10.000+05:45
10404,997960,23,5.77,AU,2024-12-21T02:16:46.000+05:45
10356,999027,106,151.81,NP,2025-05-23T08:11:25.000+05:45
10344,999163,465,1.55,NP,2026-04-20T11:10:05.000+05:45
10375,999658,225,19.86,NP,2023-03-12T23:14:41.000+05:45
10051,999960,191,37.76,NP,2025-07-22T11:26:01.000+05:45
