customer_id,name,country,signup_date
1800,Hari Shrestha,DE,2021-02-19
7709,Rohan Basnet,AU,2024-02-27
3896,Priya KC,NP,2021-11-11
8281,Kiran Thapa,NP,2024-02-21
3299,Rohan Basnet,US,2020-02-18
7774,Aarav Joshi,IN,2024-01-02
3547,Bibek Basnet,NP,2025-05-19
823,Hari Magar,NP,2023-01-19
3332,Anju Joshi,GB,2023-02-24
5772,Priya Adhikari,NP,2022-08-15
7656,Maya Joshi,NP,2023-05-12
6616,Kiran Gurung,NP,2022-12-19
2693,Priya Magar,JP,2021-12-14
9628,Suman Sharma,BR,2020-08-21
4004,Aarav Rai,IN,2023-02-18
4947,Hari Adhikari,NP,2020-11-30
5234,Hari Tamang,DE,2025-05-26
623,Nisha Karki,AU,2020-11-01
8573,Maya KC,AU,2025-06-28
995,Hari Thapa,US,2020-05-11
6308,Kiran Karki,NP,2021-02-15
8981,Anju Joshi,NP,2023-10-30
1632,Mina Magar,US,2022-04-16
1191,Rohan Sharma,NP,2022-06-09
8462,Sanjay Magar,NP,2024-08-17
7763,Rohan Magar,US,2025-05-29
4369,Nisha KC,AU,2024-03-23
1225,Aarav Thapa,US,2023-11-08
24,Nisha Magar,NP,2023-08-29
7625,Sita Shrestha,NP,2020-03-14
3688,Nisha Tamang,NP,2023-08-08
2046,Gita Magar,US,2024-01-16
452,Sanjay Magar,NP,2023-08-22
2555,Bibek Karki,US,2020-01-21
9874,Rita Magar,NP,2022-09-13
886,Aarav Gurung,AU,2024-01-05
4328,Aarav Rai,IN,2022-06-05
5844,Sita Basnet,JP,2024-09-30
874,Rita Karki,NP,2020-01-23
828,Aarav Basnet,NP,2025-01-07
5498,Rohan Gurung,NP,2022-08-11
3228,Sita Rai,NP,2022-04-30
5042,Anju Tamang,IN,2020-12-10
9150,Sanjay KC,BR,2022-01-29
4403,Sita Basnet,NP,2021-01-01
625,Hari Karki,IN,2025-02-22
615,Maya Gurung,NP,2020-11-09
2031,Suman Adhikari,NP,2025-04-24
1620,Priya Thapa,NP,2022-03-19
4624,Hari Rai,NP,2025-05-13
8920,Gita KC,US,2022-09-09
437,Maya Thapa,BR,2023-07-02
3515,Kiran Basnet,NP,2020-01-01
5174,Bibek Basnet,US,2022-03-09
5504,Dipesh Thapa,DE,2021-07-31
3012,Bibek Joshi,JP,2021-02-03
5187,Maya Basnet,NP,2021-03-21
3448,Nisha Sharma,IN,2021-02-02
3865,Maya KC,JP,2024-01-01
451,Aarav Gurung,GB,2021-05-05
6673,Rohan KC,IN,2022-04-11
4479,Dipesh Shrestha,NP,2024-07-25
3257,Anju Shrestha,US,2024-03-17
9446,Priya Joshi,NP,2022-09-04
3759,Dipesh Gurung,NP,2020-09-12
5863,Rohan Rai,IN,2022-11-30
1463,Gita Karki,IN,2021-03-07
404,Rohan Magar,NP,2023-04-23
7154,Kiran Gurung,NP,2021-04-20
4532,Sita Joshi,NP,2021-10-20
8405,Mina Basnet,IN,2021-02-25
1162,Maya Joshi,AU,2025-03-26
132,Bibek Shrestha,NP,2022-11-17
4979,Rita Joshi,US,2020-08-17
6076,Sanjay Shrestha,US,2024-09-11
5685,Sanjay Tamang,GB,2024-06-11
2170,Gita Joshi,NP,2023-01-06
5370,Kiran Thapa,US,2024-10-05
4358,Aarav Shrestha,NP,2022-04-06
9928,Rohan Adhikari,NP,2023-09-22
5878,Mina Joshi,IN,2020-06-25
405,Aarav Joshi,NP,2022-05-14
6254,Priya KC,NP,2023-07-07
6986,Rohan Shrestha,US,2020-06-29
9580,Hari Gurung,GB,2024-02-10
8331,Gita KC,GB,2020-10-10
4736,Anju Thapa,NP,2021-09-22
7289,Priya Sharma,AU,2024-01-31
6240,Nisha Gurung,NP,2023-02-21
1880,Rohan Joshi,NP,2024-01-02
7661,Maya KC,JP,2020-06-21
1637,Dipesh Gurung,NP,2021-07-07
4231,Anju KC,NP,2022-07-31
4829,Rita Joshi,JP,2024-07-17
8383,Nisha Basnet,GB,2025-01-30
5994,Nisha Magar,NP,2025-06-02
7112,Anju Sharma,JP,2024-07-19
6511,Hari Gurung,IN,2022-10-22
7721,Bibek Tamang,NP,2021-06-16
8989,Maya Sharma,NP,2021-04-09
7261,Dipesh Thapa,IN,2023-03-05
4671,Hari Sharma,NP,2021-05-14
3417,Anju Adhikari,US,2025-01-14
5284,Rita Tamang,NP,2020-01-31
4605,Suman Joshi,AU,2020-09-26
2358,Anju Shrestha,NP,2023-08-24
4364,Priya Tamang,JP,2024-09-11
3816,Priya Magar,NP,2021-02-07
3908,Gita Gurung,NP,2025-04-24
2062,Mina Gurung,JP,2022-10-30
8230,Aarav Tamang,BR,2021-05-30
6259,Kiran Gurung,NP,2024-05-19
1323,Maya Magar,US,2025-01-10
6316,Maya Basnet,BR,2021-06-10
9744,Sanjay Rai,NP,2024-12-16
5464,Bibek Gurung,NP,2020-12-24
9671,Sita Rai,NP,2023-09-09
8292,Rita Tamang,NP,2025-03-31
4547,Sanjay Adhikari,DE,2020-01-11
9249,Hari Shrestha,NP,2024-11-21
3334,Aarav Adhikari,NP,2020-06-30
2426,Suman Karki,NP,2020-10-12
5662,Nisha Thapa,US,2020-05-19
7421,Nisha Rai,DE,2020-05-13
8366,Maya Sharma,NP,2021-11-19
9307,Nisha Tamang,IN,2022-08-13
4346,Kiran Shrestha,JP,2022-06-12
5165,Hari Thapa,NP,2022-08-07
5189,Kiran Thapa,NP,2024-08-06
3419,Nisha Rai,NP,2022-12-07
4110,Kiran Joshi,DE,2025-04-27
8452,Priya Sharma,NP,2020-09-29
3709,Mina Rai,IN,2021-10-31
7474,Hari Tamang,AU,2020-06-17
1859,Mina Rai,DE,2025-06-07
7457,Suman Basnet,NP,2020-12-06
4494,Suman Karki,US,2022-06-05
8248,Gita Shrestha,AU,2022-06-08
9043,Mina Tamang,JP,2023-12-19
6999,Dipesh Sharma,BR,2020-09-26
8850,Anju Tamang,DE,2021-11-26
5429,Anju Shrestha,BR,2021-09-18
1234,Priya Adhikari,IN,2023-05-09
7036,Gita Tamang,AU,2020-12-09
7094,Rita Joshi,BR,2025-03-20
657,Anju KC,DE,2021-07-16
4546,Aarav Rai,IN,2024-10-02
374,Dipesh Sharma,NP,2023-08-30
5492,Gita Karki,NP,2023-12-08
8431,Sita Gurung,NP,2022-06-06
1908,Aarav Sharma,NP,2021-02-02
1267,Dipesh Rai,US,2025-06-03
9567,Sita KC,NP,2024-08-07
7918,Rita Gurung,US,2022-10-14
6687,Sita Magar,NP,2021-06-19
9937,Bibek Sharma,NP,2023-07-26
505,Nisha Karki,NP,2024-09-14
5910,Hari Adhikari,BR,2021-05-02
7,Rohan Basnet,NP,2021-12-24
4261,Kiran KC,NP,2024-09-14
3449,Gita Basnet,BR,2020-07-15
3439,Dipesh Thapa,NP,2024-09-02
1086,Priya Adhikari,NP,2020-11-05
2197,Rita Shrestha,US,2020-10-09
506,Sanjay Shrestha,NP,2022-06-24
4534,Aarav Thapa,NP,2020-01-07
8830,Nisha Joshi,NP,2022-09-20
6456,Dipesh Sharma,NP,2023-08-22
2460,Aarav Rai,NP,2020-02-02
7361,Sanjay Tamang,NP,2021-07-14
5186,Gita Tamang,NP,2024-05-29
3512,Hari Magar,BR,2025-02-12
8929,Sita Joshi,JP,2023-03-28
2899,Bibek KC,NP,2023-03-08
6975,Mina Magar,NP,2024-03-20
767,Sita Shrestha,IN,2021-09-22
9108,Rita Magar,NP,2024-04-12
4822,Sanjay Shrestha,NP,2023-04-23
4331,Sanjay Sharma,NP,2022-08-15
2865,Nisha KC,US,2021-08-16
2877,Suman Rai,NP,2020-04-07
1610,Dipesh Karki,BR,2023-02-26
4027,Nisha Basnet,NP,2023-07-14
9784,Aarav Sharma,NP,2023-02-25
4397,Kiran Thapa,AU,2023-03-27
3764,Kiran Shrestha,NP,2022-08-20
465,Bibek Gurung,NP,2020-01-27
9270,Kiran Thapa,NP,2021-10-23
7198,Rita Thapa,NP,2025-06-05
9245,Anju Joshi,NP,2021-11-17
725,Mina Sharma,NP,2022-05-14
3744,Priya Shrestha,NP,2022-04-25
1865,Gita Shrestha,BR,2021-09-10
9722,Sita Basnet,NP,2023-07-14
9301,Sanjay Gurung,US,2025-06-01
7916,Gita Joshi,NP,2023-03-24
3075,Dipesh Shrestha,NP,2025-06-10
9036,Rohan KC,IN,2020-12-06
937,Bibek KC,NP,2022-09-07
8101,Nisha Sharma,NP,2020-12-29
2768,Maya Tamang,NP,2021-12-24
6307,Sanjay KC,AU,2021-05-16
708,Suman Joshi,NP,2022-11-30
141,Hari Thapa,NP,2024-03-25
2010,Dipesh Basnet,NP,2023-09-17
1237,Mina Thapa,NP,2023-04-09
4978,Sita Rai,IN,2024-09-13
602,Maya Gurung,US,2024-08-09
8333,Aarav Basnet,NP,2020-10-27
3487,Kiran Rai,NP,2020-12-24
9541,Anju Thapa,NP,2024-11-16
6229,Rohan Karki,NP,2020-06-18
7769,Hari Sharma,NP,2023-09-14
9750,Suman Tamang,BR,2024-10-03
3863,Suman Thapa,NP,2024-10-09
5578,Rohan Rai,NP,2021-05-18
2776,Rohan Basnet,AU,2022-10-02
20,Maya Magar,IN,2023-10-10
4298,Sita Gurung,US,2020-10-04
2198,Sita Adhikari,NP,2021-07-15
6776,Dipesh Tamang,NP,2025-06-02
920,Gita Basnet,NP,2024-11-19
9680,Maya Tamang,NP,2021-02-09
9738,Aarav Adhikari,NP,2020-11-25
3284,Dipesh Tamang,US,2022-05-27
4902,Nisha Basnet,NP,2024-11-04
4900,Hari Karki,DE,2022-06-26
1529,Aarav Sharma,NP,2023-04-27
6029,Rita Shrestha,NP,2022-10-30
1297,Rohan Basnet,US,2023-10-03
6840,Sita Adhikari,NP,2021-06-01
2185,Bibek Gurung,GB,2020-03-06
5207,Priya Basnet,NP,2022-02-11
8285,Rita Basnet,US,2024-08-05
9265,Kiran Shrestha,NP,2023-09-18
6036,Bibek Tamang,NP,2021-10-13
7624,Sanjay Gurung,NP,2023-08-07
8649,Sanjay Tamang,AU,2024-04-21
3880,Aarav KC,NP,2020-12-10
1938,Nisha KC,DE,2021-11-05
9936,Gita Magar,IN,2022-07-12
5871,Hari Tamang,NP,2022-11-17
8767,Priya KC,JP,2025-05-11
2395,Rita Rai,NP,2023-04-30
6552,Dipesh Rai,NP,2025-02-15
8404,Gita Basnet,DE,2024-04-27
1902,Aarav Magar,US,2021-04-08
3897,Bibek Gurung,NP,2023-02-26
885,Sita Thapa,NP,2025-05-29
9610,Gita Magar,NP,2022-05-07
5586,Bibek Shrestha,NP,2022-01-24
6297,Rohan Karki,NP,2022-10-19
9229,Maya Thapa,US,2021-08-21
9442,Gita Gurung,JP,2024-04-01
223,Rohan Shrestha,NP,2023-07-25
6222,Anju Tamang,NP,2021-08-07
8354,Priya Tamang,NP,2020-01-16
7889,Mina Magar,NP,2024-07-24
9345,Suman KC,NP,2023-01-03
9640,Rita Rai,IN,2022-08-19
2592,Rohan Rai,NP,2023-09-21
3753,Bibek Adhikari,NP,2020-04-05
8909,Gita Rai,NP,2022-10-26
6499,Nisha Adhikari,DE,2025-02-05
6823,Bibek Tamang,NP,2024-01-30
1049,Priya Rai,NP,2022-07-22
4926,Rohan Karki,IN,2023-05-17
1638,Priya Adhikari,NP,2021-10-08
59,Hari Basnet,NP,2022-08-15
3994,Gita Joshi,IN,2024-06-29
5086,Suman Tamang,NP,2025-04-03
582,Priya Thapa,NP,2020-04-13
2633,Mina Joshi,IN,2023-01-14
4354,Dipesh Thapa,AU,2023-09-27
687,Dipesh KC,NP,2024-07-19
5621,Rita Joshi,JP,2021-02-23
9894,Sita Tamang,US,2020-11-21
9920,Priya Gurung,NP,2023-12-30
4264,Rohan Sharma,NP,2022-08-15
5953,Anju Tamang,NP,2021-03-05
6666,Suman Karki,NP,2025-01-30
6838,Rita Rai,NP,2024-10-07
8901,Sita Gurung,US,2025-01-07
1315,Nisha Magar,NP,2023-10-27
7506,Rita Basnet,NP,2022-12-25
368,Suman Karki,NP,2021-03-29
5824,Hari Rai,BR,2021-08-26
2744,Priya KC,NP,2024-07-06
9970,Dipesh Thapa,NP,2024-12-06
3674,Kiran Magar,IN,2020-03-08
5806,Hari Thapa,DE,2024-08-15
8375,Gita Tamang,NP,2020-10-08
5876,Mina KC,NP,2024-01-23
3422,Mina Sharma,DE,2020-07-06
7273,Sita Basnet,IN,2024-02-20
8498,Priya Rai,JP,2022-05-09
4065,Rita Basnet,NP,2023-03-13
3571,Mina Shrestha,NP,2024-02-23
6372,Sanjay Karki,GB,2020-04-03
7863,Hari KC,NP,2020-04-30
1752,Nisha Rai,NP,2024-02-27
2044,Bibek Shrestha,US,2024-07-06
6818,Maya KC,US,2024-02-08
3354,Gita KC,NP,2023-05-05
1860,Priya Joshi,NP,2025-04-22
8021,Priya Karki,US,2022-12-13
1798,Suman Rai,US,2022-09-26
6195,Suman Rai,NP,2024-07-19
4213,Mina Shrestha,NP,2021-02-07
4054,Suman Karki,IN,2020-05-05
7756,Aarav Sharma,JP,2025-03-09
3264,Kiran Sharma,NP,2020-10-19
1933,Dipesh Basnet,AU,2021-06-28
2179,Gita Joshi,NP,2021-08-11
6337,Kiran Karki,AU,2022-05-02
846,Mina Magar,DE,2020-01-21
4728,Maya Basnet,NP,2021-02-14
8818,Rita Thapa,NP,2022-10-09
3362,Bibek Adhikari,NP,2022-02-02
4656,Rohan Adhikari,NP,2025-03-15
3989,Kiran Adhikari,NP,2021-04-26
6880,Anju Joshi,NP,2022-08-29
9716,Sita Tamang,JP,2022-06-25
1666,Gita Joshi,US,2023-05-12
1436,Bibek Rai,NP,2023-04-01
1161,Aarav Gurung,NP,2025-04-27
1687,Bibek Karki,IN,2023-04-27
5035,Bibek Thapa,NP,2021-07-22
4639,Gita Rai,NP,2022-04-12
1476,Gita Sharma,NP,2024-04-04
2180,Nisha Shrestha,NP,2023-08-01
4076,Mina Thapa,NP,2020-12-31
5482,Rita Gurung,NP,2020-07-02
8255,Bibek Thapa,NP,2023-09-21
337,Kiran Sharma,GB,2023-11-27
2999,Sanjay Adhikari,JP,2020-11-17
7900,Kiran KC,NP,2023-08-11
5219,Priya Basnet,NP,2020-01-23
1503,Priya KC,GB,2020-04-02
1524,Priya KC,NP,2020-09-20
4658,Maya Rai,BR,2022-11-12
1366,Suman Shrestha,IN,2022-02-05
3801,Rita Basnet,US,2020-07-14
2738,Rohan Karki,NP,2024-02-14
4765,Dipesh Basnet,IN,2022-04-13
3068,Gita Shrestha,NP,2023-04-03
3416,Anju Sharma,IN,2021-12-08
3131,Gita Gurung,JP,2023-07-17
2780,Priya Adhikari,NP,2024-02-10
9667,Mina Karki,IN,2020-11-05
7283,Anju Gurung,NP,2020-03-18
2513,Hari Tamang,JP,2025-01-24
3837,Sanjay Adhikari,NP,2023-02-20
1032,Maya Gurung,IN,2024-07-09
7226,Rita Magar,JP,2020-07-13
3404,Hari KC,NP,2021-01-13
6769,Maya Shrestha,NP,2022-01-26
5180,Maya Joshi,NP,2025-01-20
4196,Nisha Karki,NP,2021-08-26
12,Aarav Sharma,JP,2022-01-09
8409,Maya Shrestha,DE,2023-04-17
9273,Aarav Karki,NP,2022-06-28
994,Rohan Magar,NP,2022-08-27
9213,Rohan Rai,JP,2023-11-20
5395,Dipesh Magar,BR,2024-05-01
8203,Dipesh Gurung,IN,2022-01-13
2380,Nisha Joshi,US,2020-11-04
5224,Anju Sharma,NP,2020-12-25
780,Dipesh Gurung,NP,2021-10-24
8777,Aarav Shrestha,DE,2022-11-14
2549,Sanjay Shrestha,NP,2022-04-19
6854,Rohan Basnet,US,2021-03-28
3725,Gita Shrestha,JP,2024-12-24
3374,Maya KC,GB,2023-10-14
6190,Priya Magar,NP,2023-09-14
6735,Sanjay Adhikari,NP,2025-02-26
7416,Anju Karki,NP,2025-05-27
8040,Anju Joshi,NP,2020-08-07
905,Suman Joshi,NP,2023-03-17
7000,Maya KC,DE,2024-04-09
599,Gita Adhikari,NP,2023-10-16
6221,Rohan Rai,US,2023-02-03
355,Dipesh Adhikari,NP,2024-12-25
9720,Rohan Gurung,NP,2024-09-15
7905,Rohan Gurung,DE,2022-03-26
6995,Sita Karki,NP,2024-11-07
4480,Aarav Gurung,NP,2024-05-22
5531,Rita Basnet,NP,2024-03-08
2556,Mina Basnet,IN,2020-12-22
8862,Suman Joshi,NP,2023-04-13
5332,Bibek Shrestha,NP,2022-10-18
5359,Dipesh Adhikari,NP,2020-06-15
5610,Bibek Gurung,NP,2022-01-04
3552,Priya KC,IN,2022-11-06
564,Bibek Gurung,AU,2023-02-07
5564,Rita Karki,JP,2023-07-24
3157,Hari Sharma,BR,2021-08-01
1822,Suman Gurung,IN,2023-12-20
546,Priya KC,BR,2024-08-16
3760,Aarav Thapa,NP,2024-03-10
5500,Sanjay Karki,AU,2022-07-26
8515,Rohan Adhikari,NP,2022-08-20
227,Dipesh Sharma,GB,2023-11-29
9438,Gita KC,JP,2023-07-07
9734,Rohan Sharma,US,2020-08-04
2893,Rohan Basnet,IN,2021-02-07
7634,Sita Karki,US,2024-12-24
9162,Hari KC,NP,2024-05-27
9181,Sita Basnet,AU,2025-03-24
449,Bibek Basnet,AU,2022-12-03
4120,Dipesh Gurung,NP,2023-08-03
2759,Anju Tamang,NP,2025-04-26
4386,Suman Gurung,AU,2024-08-22
1472,Sita Gurung,NP,2020-02-01
2227,Suman Karki,AU,2023-04-11
9237,Suman Sharma,NP,2025-01-26
6101,Sita Rai,IN,2020-05-17
3431,Hari Adhikari,NP,2023-12-13
5394,Bibek Magar,US,2021-07-23
6590,Suman Basnet,DE,2024-03-27
9303,Rita Thapa,DE,2023-01-16
479,Mina Gurung,NP,2020-07-28
4454,Rita Joshi,US,2020-11-06
3179,Rohan Rai,AU,2020-08-07
3227,Kiran Sharma,BR,2023-10-06
6589,Bibek Karki,NP,2022-10-31
2991,Maya Basnet,AU,2021-05-09
7878,Sanjay Thapa,DE,2021-03-27
480,Aarav Karki,NP,2020-07-06
8408,Rita Tamang,US,2024-04-17
1363,Anju Basnet,BR,2021-12-14
9958,Suman KC,IN,2021-03-27
3049,Mina Shrestha,NP,2024-05-02
9186,Sita Rai,NP,2020-07-01
3717,Gita Shrestha,NP,2023-04-15
9815,Hari Thapa,IN,2021-12-13
3931,Sanjay Shrestha,US,2021-12-01
7830,Dipesh Sharma,NP,2023-11-25
257,Dipesh KC,NP,2021-03-12
5426,Rita Shrestha,AU,2022-01-14
7319,Anju Magar,NP,2025-01-20
4144,Bibek Shrestha,NP,2020-01-07
5496,Dipesh Karki,IN,2024-02-02
6450,Dipesh Adhikari,US,2021-01-28
7107,Rita Magar,NP,2020-06-23
8379,Maya Basnet,NP,2025-01-16
9473,Hari Sharma,NP,2022-11-04
2047,Rita KC,NP,2025-06-05
5147,Kiran Shrestha,NP,2020-06-11
8251,Suman Gurung,JP,2024-05-02
85,Dipesh Adhikari,JP,2025-01-31
1154,Maya Basnet,IN,2025-05-08
6772,Dipesh Shrestha,NP,2022-08-22
2966,Rita Shrestha,IN,2025-01-01
9350,Sanjay Karki,NP,2024-06-13
5777,Bibek Gurung,NP,2024-11-05
33,Hari KC,NP,2023-01-03
5764,Aarav Gurung,NP,2022-07-06
3069,Hari Tamang,NP,2021-09-11
4640,Kiran KC,NP,2020-01-03
7470,Sita Rai,NP,2020-05-19
2266,Gita Gurung,US,2021-01-02
9469,Dipesh Adhikari,US,2024-10-12
7881,Rita Basnet,NP,2022-06-23
3230,Priya Rai,NP,2021-11-01
6845,Rita Gurung,JP,2022-01-22
3518,Anju Gurung,NP,2021-10-30
9991,Dipesh Thapa,NP,2020-02-14
9861,Hari KC,NP,2020-04-16
1131,Gita Gurung,NP,2023-04-08
3840,Hari Adhikari,IN,2020-01-24
6375,Mina Sharma,NP,2022-08-08
7795,Priya Joshi,AU,2025-02-20
8496,Kiran Basnet,JP,2024-01-27
5368,Rohan Adhikari,NP,2021-11-21
5616,Rita Sharma,NP,2025-04-02
646,Gita Tamang,US,2025-03-07
7791,Suman Magar,NP,2020-08-06
4283,Rohan Shrestha,NP,2022-07-27
8575,Rohan Thapa,JP,2024-02-27
3700,Kiran Adhikari,NP,2022-06-11
9243,Sita Adhikari,AU,2025-02-22
6710,Kiran Magar,US,2022-08-03
6388,Dipesh Karki,NP,2023-11-29
9066,Mina Shrestha,NP,2021-02-02
9490,Gita Gurung,NP,2023-08-20
8591,Suman Magar,IN,2022-12-19
2430,Suman Adhikari,NP,2024-12-30
2289,Dipesh Joshi,NP,2023-08-12
865,Rita Thapa,US,2021-07-05
4333,Gita Karki,NP,2021-06-19
2054,Sita Thapa,NP,2020-09-27
7728,Mina Karki,AU,2020-08-03
3537,Nisha Sharma,NP,2023-02-15
6715,Suman Adhikari,NP,2021-03-12
3212,Suman Thapa,NP,2024-08-27
1694,Gita KC,NP,2024-04-13
3138,Priya Gurung,NP,2020-07-25
9570,Anju Karki,AU,2023-10-23
4897,Nisha Tamang,US,2024-10-04
9514,Priya Karki,BR,2024-05-04
8245,Bibek KC,IN,2023-09-14
2521,Nisha Rai,NP,2021-08-28
9955,Mina Tamang,GB,2025-06-05
603,Rita Basnet,NP,2020-07-08
1789,Sanjay Shrestha,NP,2023-12-14
2146,Sita Joshi,US,2023-02-24
1318,Sanjay KC,DE,2024-07-25
4895,Sanjay Adhikari,US,2023-08-18
8270,Bibek Tamang,GB,2023-05-28
6643,Rohan Basnet,NP,2021-03-08
3775,Rita Rai,JP,2022-08-19
8525,Rohan Basnet,NP,2020-02-04
3309,Dipesh Shrestha,IN,2023-10-27
6051,Rita Magar,NP,2023-02-08
5199,Aarav Shrestha,IN,2025-04-01
5858,Dipesh KC,GB,2025-05-06
8826,Kiran Adhikari,NP,2025-02-03
863,Dipesh Adhikari,NP,2020-02-21
5468,Suman Thapa,NP,2021-10-20
3820,Nisha Tamang,IN,2025-06-08
8599,Suman Sharma,DE,2025-01-02
7309,Sanjay KC,US,2021-12-25
7597,Suman Shrestha,NP,2022-04-11
3171,Rita Rai,NP,2023-05-30
2993,Aarav Joshi,NP,2021-11-15
7578,Priya KC,NP,2020-01-20
2364,Bibek Sharma,US,2022-09-10
500,Sita Tamang,JP,2023-07-26
4042,Priya Magar,GB,2023-08-24
282,Sanjay Adhikari,NP,2024-08-02
5478,Hari Rai,NP,2020-10-08
189,Bibek Sharma,AU,2022-09-19
421,Mina Adhikari,IN,2023-07-15
6815,Priya Magar,IN,2025-06-13
2568,Sanjay Adhikari,JP,2021-04-05
1799,Hari Rai,NP,2025-02-05
8501,Rohan KC,NP,2022-07-03
2362,Dipesh Shrestha,NP,2025-01-29
8629,Aarav Joshi,NP,2024-06-27
1422,Rohan Basnet,NP,2022-05-13
239,Priya Rai,NP,2024-07-07
5981,Mina Joshi,NP,2024-08-09
3797,Suman Tamang,NP,2024-06-30
3047,Hari Karki,US,2024-04-11
7638,Maya Magar,NP,2024-10-30
2896,Sanjay Shrestha,US,2021-09-14
6945,Suman Thapa,JP,2023-09-12
5103,Priya Basnet,NP,2024-01-11
6215,Suman Shrestha,NP,2022-09-19
3361,Bibek KC,NP,2021-09-06
4865,Dipesh Magar,NP,2023-11-11
2872,Sanjay KC,IN,2021-06-13
2346,Dipesh Adhikari,NP,2022-10-18
4313,Aarav Rai,IN,2024-11-02
1174,Gita Gurung,BR,2022-05-21
4318,Gita Adhikari,NP,2021-02-08
8320,Anju Sharma,IN,2023-12-03
7330,Rita Shrestha,AU,2023-03-23
8178,Sanjay Shrestha,BR,2024-12-24
8304,Nisha Magar,NP,2020-10-17
3977,Priya Sharma,NP,2020-06-01
975,Anju Joshi,IN,2023-04-25
9016,Rohan KC,US,2023-11-28
1175,Aarav Sharma,BR,2025-04-30
4379,Nisha Basnet,NP,2020-12-19
4475,Kiran Adhikari,NP,2020-09-02
9466,Mina Adhikari,NP,2025-04-21
3193,Rita Adhikari,NP,2020-11-22
3146,Dipesh Karki,DE,2020-11-22
338,Priya Joshi,NP,2020-09-07
9639,Dipesh Gurung,IN,2023-03-19
6894,Kiran KC,US,2020-06-22
4504,Sita Gurung,US,2023-04-17
6136,Priya Basnet,NP,2023-04-23
4489,Dipesh Tamang,NP,2024-09-17
2053,Rohan Joshi,NP,2024-06-03
9521,Sita Basnet,NP,2024-06-02
4323,Suman Shrestha,NP,2025-04-08
7820,Rohan Shrestha,BR,2020-10-31
4700,Rita Gurung,JP,2024-04-12
7999,Gita Basnet,AU,2022-10-26
7804,Aarav KC,NP,2022-01-06
9216,Anju Gurung,AU,2022-12-06
2038,Dipesh Basnet,NP,2022-04-05
6329,Priya Shrestha,NP,2020-11-25
1085,Maya Shrestha,NP,2023-04-15
3653,Priya Basnet,US,2022-04-08
5852,Nisha Gurung,NP,2020-02-27
3222,Nisha Tamang,NP,2023-05-21
8042,Gita Tamang,NP,2023-09-21
1335,Nisha Adhikari,IN,2024-01-18
7298,Mina Gurung,AU,2020-03-24
3182,Rohan Magar,NP,2022-05-05
6380,Dipesh Sharma,NP,2022-01-17
7775,Maya Tamang,NP,2022-08-19
6759,Aarav Thapa,JP,2023-03-18
4777,Aarav Magar,DE,2022-05-08
5720,Anju Tamang,AU,2020-09-05
3229,Aarav Magar,NP,2021-11-11
9594,Rohan Joshi,US,2024-06-30
986,Mina Rai,NP,2022-08-26
485,Kiran Karki,IN,2021-10-02
4124,Sanjay Gurung,DE,2024-08-20
9950,Gita Adhikari,NP,2022-03-30
3769,Kiran Basnet,NP,2020-07-20
7761,Bibek KC,JP,2024-09-13
9710,Mina Rai,NP,2024-06-07
5651,Sanjay Thapa,NP,2023-08-09
9046,Bibek Tamang,NP,2020-07-15
2191,Anju Rai,NP,2020-12-23
5129,Sanjay Shrestha,NP,2022-08-12
3831,Rohan Magar,BR,2025-05-16
4888,Mina Rai,NP,2023-04-14
3053,Rohan Gurung,JP,2021-10-24
1566,Suman Magar,NP,2025-01-05
1763,Kiran Rai,GB,2024-08-10
3722,Suman Shrestha,NP,2021-11-10
3098,Hari Magar,NP,2023-09-05
1639,Anju Adhikari,JP,2022-06-04
626,Kiran Rai,NP,2023-06-19
7917,Sanjay Joshi,NP,2022-07-01
5270,Bibek Karki,NP,2023-12-17
3491,Bibek Thapa,NP,2022-09-30
3277,Anju Gurung,NP,2025-02-18
7394,Kiran Karki,IN,2024-07-09
7360,Mina Tamang,AU,2023-08-11
9153,Maya KC,NP,2025-04-13
2487,Dipesh Tamang,NP,2022-11-02
5993,Bibek Rai,JP,2024-07-07
6863,Suman Sharma,NP,2023-01-16
7600,Sanjay Shrestha,US,2021-12-14
9325,Sanjay Adhikari,GB,2024-01-12
7953,Kiran Rai,NP,2024-11-27
9698,Sita Tamang,NP,2021-08-23
7819,Rohan Karki,US,2020-12-08
6258,Kiran Adhikari,NP,2021-11-28
6792,Dipesh Sharma,NP,2020-12-22
6035,Mina Thapa,AU,2022-11-11
2928,Sita Gurung,AU,2023-11-30
7515,Sanjay Tamang,NP,2020-03-30
8024,Sanjay Magar,US,2020-04-23
6109,Sanjay KC,DE,2023-01-15
4809,Kiran Magar,BR,2020-04-18
7428,Bibek Karki,DE,2023-06-13
2786,Maya KC,NP,2021-03-22
3828,Suman Joshi,NP,2025-04-11
978,Suman Karki,US,2024-07-10
7934,Gita Joshi,NP,2022-06-25
7400,Sita Gurung,AU,2021-04-25
955,Kiran Rai,NP,2020-11-16
208,Gita Thapa,NP,2024-04-30
773,Suman Thapa,NP,2022-03-03
6553,Sita Shrestha,NP,2020-09-14
713,Anju Gurung,NP,2025-01-09
2781,Nisha Joshi,NP,2022-01-29
734,Hari Sharma,AU,2021-11-23
9816,Hari Adhikari,NP,2024-09-25
6298,Nisha Tamang,NP,2021-04-29
594,Mina Rai,NP,2021-10-04
6974,Sanjay Tamang,NP,2021-09-15
8992,Bibek Rai,NP,2023-06-04
8360,Maya KC,IN,2020-09-11
3726,Maya Magar,IN,2023-09-08
1887,Rita Adhikari,NP,2023-03-08
2024,Nisha Shrestha,BR,2024-03-07
4506,Rohan Shrestha,NP,2021-12-14
9831,Gita Rai,NP,2021-09-06
9055,Priya Shrestha,JP,2022-11-04
1991,Bibek Gurung,NP,2024-09-01
9515,Mina Gurung,NP,2020-08-13
6874,Rohan Adhikari,NP,2024-01-25
7845,Maya Thapa,NP,2021-04-09
2262,Priya Adhikari,NP,2023-01-02
897,Aarav Joshi,IN,2020-10-07
8137,Priya Magar,NP,2020-01-17
3437,Maya Shrestha,NP,2021-04-10
5382,Aarav KC,DE,2024-07-11
8601,Mina Tamang,NP,2021-12-14
702,Maya Karki,US,2023-11-20
2957,Aarav Sharma,NP,2022-12-12
7432,Priya Shrestha,NP,2020-09-19
231,Nisha Joshi,NP,2024-02-28
1304,Priya Shrestha,NP,2024-02-06
4554,Nisha Shrestha,JP,2024-08-09
5899,Gita Rai,AU,2024-11-19
5126,Anju Thapa,GB,2021-07-15
4958,Suman Joshi,DE,2021-02-13
9344,Maya Gurung,JP,2024-04-28
8641,Rita Karki,NP,2020-04-21
4512,Kiran Adhikari,NP,2021-06-19
8562,Nisha KC,BR,2025-02-15
8620,Sita Magar,JP,2020-12-08
2639,Priya Karki,IN,2021-10-16
2566,Maya Basnet,NP,2024-04-11
1958,Rohan Rai,NP,2022-01-11
5074,Bibek Joshi,NP,2023-02-19
1479,Nisha Thapa,DE,2024-07-26
1244,Sanjay Adhikari,NP,2021-07-31
7700,Mina Tamang,NP,2020-07-26
3093,Maya Tamang,NP,2024-05-14
7108,Hari Joshi,NP,2023-05-08
7192,Hari Thapa,NP,2021-03-25
1421,Sanjay Sharma,NP,2020-06-19
4909,Suman Gurung,NP,2020-11-17
6794,Priya Magar,NP,2020-12-27
1745,Sita Joshi,NP,2024-10-02
2343,Priya Adhikari,DE,2020-10-17
8530,Maya Thapa,NP,2022-04-02
3531,Sita KC,NP,2022-05-22
1197,Priya Thapa,NP,2025-03-20
5059,Priya Adhikari,NP,2020-12-03
8894,Maya Tamang,NP,2020-12-17
3900,Maya Rai,DE,2022-02-22
6386,Aarav Tamang,NP,2024-01-27
7703,Dipesh Rai,NP,2020-12-27
6217,Sita Sharma,NP,2020-03-26
1466,Priya Thapa,AU,2021-03-18
4203,Hari Sharma,NP,2021-11-03
3687,Sita Basnet,US,2021-06-30
2696,Hari Sharma,NP,2023-06-23
5019,Anju Gurung,JP,2020-09-17
3034,Bibek Tamang,NP,2021-10-07
6573,Maya Gurung,DE,2022-10-18
2121,Sita Rai,NP,2021-10-30
4394,Gita Magar,GB,2024-08-01
1087,Hari Magar,AU,2024-07-09
8854,Dipesh Basnet,NP,2020-04-24
4672,Gita Shrestha,NP,2021-10-22
549,Hari Adhikari,NP,2020-03-21
9169,Suman Basnet,NP,2024-12-29
2751,Maya Sharma,IN,2021-02-01
4198,Kiran Gurung,DE,2025-02-04
5041,Suman Basnet,IN,2020-10-26
7668,Nisha KC,BR,2024-11-15
4598,Kiran Gurung,NP,2020-01-04
8932,Maya Adhikari,NP,2023-12-02
4518,Priya KC,NP,2021-04-01
3526,Suman Karki,NP,2024-10-15
8153,Sanjay Magar,NP,2021-01-13
134,Anju Thapa,NP,2023-11-22
7285,Aarav Thapa,AU,2025-02-17
2665,Suman Basnet,NP,2020-07-17
9049,Bibek Gurung,NP,2021-05-15
234,Dipesh Adhikari,JP,2021-03-31
1314,Priya Magar,NP,2024-08-06
4172,Aarav Adhikari,US,2025-04-26
9823,Kiran Magar,NP,2025-02-16
9382,Kiran Karki,NP,2020-06-15
6930,Aarav Adhikari,NP,2020-09-21
2391,Nisha Adhikari,US,2020-01-13
739,Nisha Tamang,NP,2020-11-26
2920,Dipesh Adhikari,JP,2022-07-30
6703,Dipesh Sharma,NP,2023-12-02
6361,Aarav Gurung,NP,2022-07-21
2151,Nisha Adhikari,JP,2020-10-07
5290,Sanjay Thapa,NP,2020-12-05
8831,Kiran Adhikari,NP,2020-06-23
8126,Suman Adhikari,DE,2023-05-18
902,Rita Tamang,NP,2020-08-12
561,Mina Shrestha,NP,2025-03-23
607,Bibek Gurung,GB,2023-10-27
9489,Aarav Rai,IN,2025-04-18
2981,Priya Thapa,US,2024-04-12
8362,Hari Shrestha,BR,2022-01-08
5143,Nisha Thapa,IN,2022-12-11
7715,Sanjay Adhikari,NP,2021-05-13
1092,Nisha Rai,BR,2024-04-06
4698,Maya Tamang,NP,2024-02-27
5231,Suman Karki,NP,2023-07-04
8162,Aarav Sharma,NP,2025-05-13
7189,Maya Rai,NP,2025-05-23
1278,Hari Karki,NP,2020-11-01
5275,Anju Karki,NP,2025-06-29
1212,Bibek Tamang,NP,2020-11-28
8814,Priya Gurung,NP,2023-08-13
9412,Maya Thapa,BR,2022-12-12
818,Hari Magar,NP,2025-03-29
8050,Aarav Joshi,NP,2024-04-16
6320,Rita Basnet,US,2021-07-30
5017,Priya KC,NP,2020-05-05
4882,Rita Magar,NP,2024-11-13
4453,Dipesh Rai,NP,2022-02-11
7854,Mina Adhikari,AU,2021-08-18
304,Rita Adhikari,NP,2021-02-20
4406,Priya Thapa,NP,2024-09-14
6557,Gita Joshi,US,2023-10-20
3981,Rita Basnet,AU,2024-09-30
9852,Mina Adhikari,AU,2020-08-26
1080,Aarav Adhikari,NP,2024-06-24
2068,Gita Thapa,AU,2023-03-27
9464,Hari Rai,US,2024-08-22
6740,Gita Rai,DE,2020-09-19
4627,Sanjay Karki,IN,2023-05-07
3194,Suman Joshi,IN,2022-02-20
9725,Priya Adhikari,NP,2023-11-18
5014,Hari KC,NP,2024-05-17
5006,Bibek Basnet,NP,2023-02-20
9302,Dipesh Rai,NP,2023-11-25
476,Kiran Tamang,DE,2020-02-07
8901,Sita Gurung,US,2020-07-10
9697,Hari Karki,NP,2020-01-03
2224,Suman Rai,NP,2021-05-12
8490,Mina Karki,IN,2020-09-12
7619,Sanjay Magar,NP,2020-08-11
3612,Gita Rai,AU,2023-06-16
2253,Suman Thapa,GB,2025-02-06
3082,Aarav Thapa,JP,2020-07-30
6055,Bibek Basnet,NP,2025-06-15
2688,Nisha Rai,NP,2023-01-29
3533,Aarav KC,NP,2021-08-07
6527,Kiran Magar,AU,2022-09-23
8474,Bibek Sharma,NP,2021-07-30
9010,Bibek Sharma,NP,2023-09-04
8078,Gita KC,AU,2021-06-19
5137,Bibek KC,NP,2020-10-10
6795,Rita Thapa,AU,2022-01-17
1053,Maya Basnet,US,2020-04-26
4470,Gita Rai,GB,2020-01-29
8513,Aarav Karki,NP,2020-12-31
6842,Aarav Magar,NP,2024-03-14
3002,Hari Thapa,DE,2024-02-08
1050,Kiran Basnet,NP,2021-11-06
7491,Bibek Shrestha,DE,2020-01-03
7465,Rohan Shrestha,NP,2021-12-15
7240,Bibek Sharma,JP,2022-08-09
5036,Aarav Karki,IN,2020-05-21
5562,Mina Karki,US,2025-04-30
8337,Nisha Karki,DE,2021-10-25
3646,Dipesh Sharma,NP,2021-07-16
7493,Sita Karki,NP,2022-09-03
9137,Sanjay Sharma,NP,2024-01-14
7150,Bibek Adhikari,NP,2023-09-21
9658,Suman Adhikari,NP,2024-01-17
8793,Mina Adhikari,NP,2021-09-28
5016,Maya Rai,NP,2021-11-28
831,Dipesh Rai,DE,2025-01-05
5786,Anju Adhikari,NP,2021-02-04
2056,Anju Magar,GB,2024-02-07
2803,Hari Basnet,DE,2024-10-17
4805,Anju Sharma,NP,2021-08-28
8450,Sanjay Thapa,NP,2020-06-24
7540,Hari Karki,NP,2020-04-07
2073,Sanjay Sharma,NP,2022-07-11
8662,Anju Rai,NP,2023-05-26
9158,Gita Shrestha,NP,2021-04-03
242,Bibek Shrestha,BR,2021-05-05
755,Gita KC,NP,2021-07-06
2880,Gita Basnet,NP,2025-01-02
7571,Bibek Thapa,JP,2022-03-17
8399,Anju Gurung,NP,2023-09-03
1842,Aarav Magar,NP,2023-08-23
2022,Kiran Gurung,US,2022-12-05
9665,Hari Magar,NP,2023-12-28
5803,Sita Karki,IN,2024-10-18
6791,Rita Basnet,NP,2025-03-31
6916,Rohan Sharma,AU,2020-03-08
7448,Bibek Basnet,NP,2024-11-20
5715,Rita Joshi,JP,2024-08-20
6872,Rita Adhikari,NP,2020-07-25
8397,Dipesh Basnet,BR,2023-02-25
6431,Maya Gurung,US,2023-06-28
7875,Sanjay Joshi,NP,2023-11-11
8538,Maya Gurung,IN,2022-11-16
2033,Kiran Adhikari,NP,2020-07-18
9733,Rohan Joshi,NP,2020-09-12
8046,Anju Adhikari,NP,2024-02-25
2677,Rita Karki,NP,2022-10-11
2964,Sanjay KC,NP,2021-04-29
4529,Maya Thapa,BR,2024-09-03
7049,Priya Gurung,NP,2025-06-14
2469,Priya Basnet,NP,2024-03-02
4870,Aarav Magar,GB,2024-11-26
2025,Aarav Gurung,NP,2023-07-22
4384,Kiran Adhikari,NP,2021-05-07
904,Suman Tamang,JP,2024-11-21
1224,Kiran Rai,JP,2024-12-09
434,Rohan Shrestha,NP,2024-07-11
9337,Sanjay KC,NP,2024-06-22
3300,Sita Adhikari,NP,2020-12-27
551,Sita Magar,NP,2024-12-19
1332,Sita Thapa,NP,2025-05-18
4294,Kiran Basnet,BR,2021-03-27
7901,Sita Sharma,NP,2023-05-20
1751,Rita Shrestha,GB,2022-08-06
4918,Priya Basnet,NP,2020-03-26
7347,Suman Joshi,NP,2020-01-08
5491,Bibek Karki,JP,2023-09-13
6152,Bibek Adhikari,BR,2025-05-25
5985,Rohan Thapa,AU,2023-09-18
6517,Hari Adhikari,NP,2020-12-07
8465,Bibek Rai,NP,2024-03-08
9493,Priya Joshi,US,2020-11-11
8955,Sanjay Rai,US,2021-12-12
5089,Maya Adhikari,NP,2022-06-16
2612,Bibek Rai,NP,2022-10-21
334,Anju Gurung,DE,2024-08-27
9677,Kiran Thapa,NP,2020-10-02
430,Kiran Magar,AU,2020-12-30
3775,Rita Rai,JP,2024-12-14
5085,Sanjay Karki,IN,2024-03-27
6752,Sanjay Rai,US,2023-09-13
1128,Aarav Thapa,NP,2021-09-19
8866,Dipesh Sharma,NP,2022-03-21
3403,Kiran Thapa,NP,2023-12-02
5682,Mina Tamang,NP,2023-08-20
8019,Sanjay Gurung,GB,2020-01-23
4714,Sita Karki,NP,2022-05-16
3522,Bibek Karki,NP,2021-09-27
7740,Aarav Joshi,DE,2022-04-24
2713,Suman Gurung,NP,2024-03-12
3488,Suman Rai,NP,2025-06-26
6495,Aarav Tamang,NP,2024-08-05
4498,Mina KC,GB,2020-09-20
8437,Dipesh Thapa,JP,2024-08-05
9887,Nisha Adhikari,NP,2022-09-07
167,Aarav Sharma,NP,2023-02-20
5128,Rohan KC,US,2022-07-05
3065,Gita KC,JP,2023-11-20
5011,Priya Adhikari,NP,2021-04-23
2404,Aarav Basnet,IN,2020-09-01
9275,Dipesh Sharma,NP,2024-04-30
944,Rohan Basnet,NP,2024-07-30
6542,Gita Joshi,IN,2021-05-26
300,Dipesh Tamang,NP,2023-07-17
7853,Nisha Rai,NP,2021-03-01
58,Rita Shrestha,NP,2020-08-29
6990,Bibek Rai,IN,2022-03-29
7030,Hari Tamang,JP,2022-12-21
7123,Kiran Magar,NP,2022-12-06
9413,Priya Basnet,IN,2023-01-31
7384,Maya Sharma,NP,2024-11-09
9592,Suman Shrestha,DE,2025-03-17
8386,Rita Gurung,NP,2025-01-10
1410,Bibek Magar,NP,2021-07-27
6879,Priya Shrestha,NP,2022-02-02
4559,Bibek Adhikari,NP,2024-10-29
9050,Sanjay Joshi,NP,2024-12-11
9293,Suman Basnet,DE,2025-02-13
6537,Rohan Shrestha,JP,2021-09-20
5762,Dipesh KC,US,2025-06-17
9625,Mina Sharma,JP,2024-11-05
8953,Bibek KC,NP,2022-06-02
8342,Rohan Magar,NP,2022-07-30
8630,Mina Sharma,NP,2024-01-01
518,Rita KC,BR,2022-01-05
7539,Nisha Sharma,NP,2020-06-28
4049,Maya Thapa,JP,2022-02-28
2678,Gita Sharma,BR,2023-03-10
3563,Kiran Karki,NP,2021-01-04
6746,Kiran Magar,NP,2021-05-17
7255,Maya Gurung,NP,2021-06-09
6480,Nisha Joshi,US,2023-11-26
8527,Rita Basnet,NP,2020-04-23
2756,Sanjay Adhikari,NP,2020-06-18
6013,Dipesh Sharma,NP,2023-01-18
7275,Maya Joshi,BR,2023-11-01
4549,Dipesh Magar,AU,2022-10-26
4808,Rohan Adhikari,NP,2025-05-03
2394,Hari Sharma,NP,2024-11-12
2114,Suman Shrestha,NP,2021-01-22
9587,Suman Tamang,NP,2024-01-13
4787,Mina Tamang,AU,2021-06-02
7393,Bibek Rai,NP,2024-02-17
1257,Sita KC,NP,2021-06-09
8584,Nisha Rai,GB,2021-08-27
8726,Kiran Shrestha,NP,2020-06-06
9389,Sita Basnet,US,2024-10-21
6498,Hari KC,US,2025-02-27
4214,Priya Tamang,NP,2022-12-18
159,Rohan Basnet,NP,2024-03-06
3932,Bibek Shrestha,NP,2021-09-26
6314,Kiran Shrestha,DE,2024-03-31
3819,Anju Sharma,NP,2022-06-16
6476,Aarav Thapa,NP,2021-08-31
1828,Priya Rai,NP,2022-08-23
1918,Mina Shrestha,NP,2020-08-03
639,Priya KC,NP,2021-10-04
9306,Rita Adhikari,NP,2021-04-08
1129,Sanjay Gurung,NP,2021-05-24
5660,Gita Magar,GB,2020-04-08
6704,Suman Thapa,NP,2023-03-27
8614,Rita Joshi,NP,2021-11-09
2603,Nisha Gurung,NP,2021-12-17
1927,Suman Rai,NP,2021-03-19
6385,Sita Thapa,NP,2025-05-26
4611,Rita Joshi,NP,2025-04-23
1655,Gita Karki,NP,2024-04-13
6869,Suman Joshi,NP,2025-03-14
3317,Rohan Thapa,NP,2020-04-20
2419,Sita Gurung,BR,2022-12-13
387,Rita Tamang,NP,2023-01-22
8796,Maya Shrestha,NP,2024-04-19
7116,Hari Adhikari,NP,2022-07-14
1069,Hari KC,GB,2020-10-05
9865,Maya Gurung,NP,2024-11-30
1724,Nisha Rai,NP,2024-09-10
1539,Nisha Tamang,JP,2023-09-07
1779,Sita Rai,NP,2025-01-28
1376,Sanjay Magar,JP,2023-06-13
1296,Mina Gurung,NP,2023-09-01
6647,Sita Shrestha,IN,2021-07-24
2797,Dipesh Thapa,IN,2025-06-08
6335,Dipesh Sharma,NP,2023-04-04
6242,Gita Thapa,NP,2023-10-03
9048,Sanjay Joshi,IN,2022-09-21
4409,Dipesh Thapa,NP,2020-05-20
7020,Hari Thapa,NP,2022-07-18
7832,Maya Karki,US,2021-04-29
6992,Rita Sharma,NP,2021-07-14
4296,Maya Rai,NP,2023-12-01
4794,Anju KC,GB,2020-03-19
1883,Hari Joshi,NP,2024-02-10
7996,Aarav Magar,NP,2021-07-31
1588,Suman Thapa,IN,2022-10-14
6171,Priya Magar,IN,2023-03-25
4429,Maya Adhikari,NP,2020-03-09
1537,Maya Basnet,NP,2020-07-27
5049,Suman Rai,DE,2021-12-30
4437,Sita Tamang,NP,2020-01-09
1766,Anju Shrestha,NP,2021-10-01
2217,Sanjay KC,IN,2023-09-16
9069,Nisha Karki,NP,2020-05-14
335,Bibek Rai,NP,2024-06-23
3997,Nisha KC,NP,2023-01-06
8583,Gita Tamang,NP,2024-01-27
1277,Gita Adhikari,US,2022-04-26
4123,Gita Adhikari,NP,2021-11-09
3632,Rohan Basnet,DE,2021-03-08
2702,Aarav Joshi,NP,2020-08-14
5379,Aarav Gurung,IN,2021-06-30
8161,Kiran Tamang,US,2023-05-26
6285,Rohan Magar,DE,2023-07-26
135,Sita Karki,NP,2021-09-11
1886,Sanjay Rai,NP,2022-08-08
8692,Nisha Adhikari,IN,2020-05-07
6175,Dipesh Karki,JP,2022-07-16
1619,Sanjay Shrestha,NP,2020-06-18
1810,Rohan Gurung,JP,2025-04-26
8798,Sita Sharma,NP,2025-02-16
5200,Anju Gurung,NP,2024-11-27
8111,Maya Rai,IN,2021-05-08
3432,Sanjay Thapa,NP,2023-04-12
4573,Nisha Joshi,NP,2021-03-04
6859,Maya Joshi,BR,2021-08-06
8339,Sita Joshi,JP,2022-10-08
2855,Kiran Rai,AU,2024-04-07
5703,Mina Joshi,JP,2021-01-08
6220,Nisha Rai,NP,2020-11-09
1703,Gita Thapa,IN,2023-02-13
590,Suman KC,NP,2022-01-08
8267,Rohan Adhikari,IN,2023-06-22
2291,Kiran Magar,AU,2021-05-06
9276,Sanjay Sharma,NP,2024-12-06
6238,Anju Sharma,JP,2025-06-10
3833,Rita Gurung,JP,2023-06-04
3928,Aarav KC,NP,2021-06-18
4981,Nisha Joshi,NP,2025-05-09
4869,Anju Thapa,NP,2023-04-24
8847,Bibek Gurung,JP,2020-02-03
6155,Rohan Adhikari,NP,2023-11-29
8099,Sita Tamang,NP,2024-06-29
2495,Suman Rai,DE,2023-06-10
9397,Suman Magar,NP,2023-09-21
6800,Mina Joshi,NP,2020-05-24
3339,Mina Basnet,NP,2025-06-01
704,Anju Shrestha,AU,2023-01-24
360,Maya Gurung,NP,2022-08-15
6005,Dipesh Rai,DE,2024-08-09
106,Sanjay Magar,JP,2023-04-01
5565,Mina Sharma,IN,2020-03-08
5896,Aarav Thapa,NP,2020-03-13
229,Suman Basnet,NP,2022-02-04
1926,Nisha Basnet,NP,2023-11-26
3231,Bibek Shrestha,NP,2020-03-05
6439,Sanjay Shrestha,NP,2024-01-24
821,Aarav Sharma,NP,2021-11-19
4319,Rohan Shrestha,NP,2020-08-20
6083,Mina Basnet,NP,2024-12-10
8032,Priya Basnet,JP,2023-11-24
9199,Aarav Thapa,NP,2021-10-10
3261,Gita Thapa,IN,2022-02-21
5261,Bibek Sharma,NP,2021-06-02
5381,Rita Gurung,NP,2021-01-23
9767,Aarav Shrestha,JP,2022-11-05
1095,Bibek Sharma,DE,2021-03-02
4425,Anju Rai,IN,2020-12-01
5163,Mina Rai,NP,2024-09-19
4789,Sanjay Gurung,DE,2024-09-26
8941,Rita Basnet,DE,2025-04-17
6302,Maya Rai,GB,2023-04-02
4796,Priya Magar,NP,2024-01-12
4687,Kiran Thapa,NP,2025-01-18
7007,Bibek Joshi,US,2023-03-04
2232,Maya Shrestha,US,2025-05-19
921,Suman Magar,NP,2024-05-07
5258,Aarav Basnet,DE,2022-12-20
775,Sita Thapa,GB,2025-01-28
1790,Nisha KC,BR,2020-01-02
1027,Mina Gurung,NP,2025-06-08
8993,Anju Rai,NP,2020-07-31
887,Rita Gurung,NP,2021-11-20
6543,Hari Thapa,DE,2023-02-25
4891,Gita Thapa,NP,2023-03-27
2039,Mina Magar,IN,2025-02-20
9196,Mina Joshi,DE,2021-03-22
6406,Nisha Thapa,US,2021-02-11
230,Suman Tamang,NP,2024-07-17
4330,Gita Adhikari,GB,2024-10-19
8722,Rita Tamang,GB,2021-10-29
4630,Rohan Basnet,NP,2020-01-31
3856,Kiran Joshi,NP,2024-11-28
9309,Gita Rai,US,2022-02-17
5297,Mina Shrestha,NP,2022-08-09
9880,Gita Tamang,BR,2023-08-25
4034,Aarav Basnet,NP,2023-06-19
7105,Gita Rai,NP,2021-02-02
9963,Rohan KC,NP,2021-10-11
2759,Anju Tamang,NP,2025-04-22
2814,Suman Karki,AU,2023-08-17
8957,Hari Karki,NP,2020-06-03
7389,Mina Thapa,DE,2024-09-21
856,Dipesh Basnet,BR,2025-06-04
5891,Sita Thapa,IN,2025-06-14
2035,Mina KC,JP,2020-01-30
6439,Sanjay Shrestha,NP,2022-06-26
4182,Bibek KC,NP,2024-11-24
6936,Hari Gurung,NP,2024-04-18
2879,Mina Thapa,NP,2022-09-30
1540,Hari Rai,NP,2022-02-19
683,Hari Magar,NP,2021-08-08
7876,Sita Sharma,NP,2024-10-04
4176,Sanjay Basnet,NP,2021-01-22
8159,Dipesh Gurung,NP,2023-04-16
498,Sita Shrestha,NP,2024-01-05
792,Kiran Joshi,IN,2020-03-14
6194,Kiran Sharma,NP,2020-07-20
3158,Suman Sharma,JP,2024-02-23
6700,Rohan Gurung,JP,2020-11-08
1879,Bibek Tamang,BR,2024-02-28
1091,Aarav Sharma,IN,2023-01-09
589,Rohan Rai,NP,2024-09-17
4458,Suman Thapa,NP,2023-03-15
1533,Anju Basnet,NP,2023-09-16
6793,Anju Magar,NP,2024-05-19
9906,Priya Tamang,NP,2023-10-22
8252,Anju Tamang,NP,2024-12-25
4592,Aarav Shrestha,NP,2024-06-04
5439,Hari Sharma,GB,2025-05-07
9349,Hari Gurung,NP,2023-07-04
5839,Hari Gurung,JP,2025-03-04
7114,Aarav Gurung,NP,2021-04-24
3663,Kiran Adhikari,IN,2023-10-06
7766,Mina Adhikari,NP,2022-11-21
3809,Kiran Karki,NP,2024-08-25
8485,Sita KC,NP,2021-10-07
6541,Priya Karki,NP,2025-06-05
7746,Dipesh Tamang,NP,2022-08-07
3572,Kiran Magar,NP,2020-10-12
5872,Sita Sharma,NP,2023-05-25
3956,Kiran Joshi,JP,2023-12-02
4259,Rohan Joshi,NP,2021-06-15
1239,Bibek Shrestha,NP,2020-02-18
4911,Anju Gurung,AU,2020-05-14
8466,Kiran Tamang,NP,2020-02-18
3768,Maya Karki,NP,2025-03-27
4935,Aarav Shrestha,NP,2022-09-01
1505,Mina KC,NP,2021-07-10
9208,Sita Magar,JP,2022-06-26
6158,Bibek Sharma,IN,2022-01-17
3747,Maya Thapa,NP,2021-11-11
6098,Bibek Adhikari,NP,2021-12-18
3,Gita Shrestha,NP,2021-08-12
9884,Bibek Sharma,NP,2024-03-18
7928,Mina Karki,US,2022-11-02
550,Hari Basnet,NP,2022-05-22
1121,Sita Tamang,NP,2025-05-13
2005,Rohan Thapa,DE,2020-01-13
1025,Suman Shrestha,NP,2025-02-25
2112,Sanjay Sharma,NP,2021-02-04
8351,Priya Sharma,NP,2023-06-14
705,Hari Adhikari,IN,2020-10-22
8925,Gita Rai,NP,2020-08-25
4191,Maya Rai,AU,2024-04-16
301,Rita Thapa,NP,2021-07-25
2322,Kiran KC,NP,2021-12-20
8125,Aarav Shrestha,NP,2025-03-02
1913,Dipesh Adhikari,NP,2023-04-28
1970,Rita Karki,JP,2020-08-05
5247,Hari Sharma,NP,2022-01-06
1020,Hari Gurung,NP,2020-07-26
1708,Anju Gurung,NP,2023-07-13
7800,Gita Thapa,NP,2025-06-19
1651,Nisha Rai,NP,2022-07-07
7271,Sita Sharma,IN,2021-12-17
729,Kiran Magar,NP,2021-01-03
9834,Hari Adhikari,NP,2020-10-31
1142,Aarav Rai,DE,2022-05-14
5850,Mina Shrestha,NP,2020-02-05
5892,Kiran KC,US,2022-04-06
6640,Aarav Sharma,NP,2020-08-13
5118,Sita Rai,NP,2022-07-07
5310,Gita Gurung,NP,2021-02-12
1107,Bibek Thapa,NP,2025-03-16
5727,Priya Gurung,US,2022-01-07
1705,Gita Sharma,JP,2021-01-17
8823,Rita Tamang,NP,2023-08-17
1132,Anju Adhikari,NP,2020-05-16
2812,Sanjay Basnet,NP,2022-12-24
3548,Anju Basnet,NP,2021-10-01
4901,Priya Karki,IN,2020-08-14
1181,Gita Shrestha,JP,2020-10-14
2746,Mina Magar,JP,2023-05-03
8483,Nisha Sharma,IN,2024-04-04
8772,Rohan Tamang,NP,2022-07-23
2816,Suman Tamang,NP,2021-09-21
4117,Maya Magar,NP,2020-09-02
4310,Bibek Basnet,NP,2021-02-04
8110,Mina Karki,NP,2020-04-03
2602,Dipesh Gurung,NP,2021-01-30
5633,Kiran Karki,NP,2021-06-27
691,Mina Joshi,NP,2025-05-12
6007,Bibek Rai,NP,2021-01-05
3650,Rohan Shrestha,DE,2024-10-26
8659,Maya Joshi,NP,2021-10-04
970,Bibek Sharma,NP,2024-07-20
248,Sita Adhikari,JP,2021-08-01
8698,Nisha Magar,JP,2023-11-05
4073,Anju Rai,NP,2021-03-14
3697,Gita Basnet,JP,2023-12-07
1500,Mina KC,US,2023-06-10
540,Anju Sharma,NP,2021-08-04
6967,Priya Gurung,NP,2021-04-12
563,Hari Shrestha,NP,2024-12-27
1431,Rita Thapa,AU,2025-01-31
7008,Bibek Sharma,NP,2025-02-08
2254,Aarav Shrestha,GB,2020-11-26
2305,Kiran Joshi,NP,2022-08-31
1605,Dipesh KC,NP,2023-04-06
3446,Anju Sharma,US,2025-04-05
322,Mina Tamang,US,2022-11-14
1552,Aarav Rai,JP,2022-08-22
9721,Sita Joshi,NP,2020-07-26
8747,Nisha Tamang,IN,2021-07-30
878,Rita Basnet,NP,2022-05-06
2889,Nisha Shrestha,BR,2021-12-28
4824,Rohan Adhikari,NP,2020-02-13
8334,Rita Karki,DE,2023-02-10
2099,Sanjay KC,NP,2025-05-18
1199,Aarav Magar,DE,2020-06-05
557,Aarav Joshi,IN,2024-10-29
7089,Hari Adhikari,NP,2022-03-17
839,Rohan Tamang,DE,2023-01-27
4945,Rohan Rai,NP,2021-04-21
7165,Mina Sharma,NP,2024-10-13
2470,Suman Sharma,JP,2024-02-08
426,Maya Karki,JP,2023-02-13
4464,Sanjay Karki,JP,2021-11-16
6702,Aarav Karki,BR,2021-06-02
7544,Bibek Karki,NP,2023-05-02
3340,Sanjay Magar,DE,2021-04-20
7989,Bibek Joshi,NP,2025-05-28
1699,Maya Joshi,NP,2023-09-22
1229,Rita Joshi,BR,2022-12-05
7097,Aarav Gurung,BR,2021-08-24
8577,Nisha KC,US,2023-12-20
3878,Sita Joshi,NP,2023-05-11
9808,Mina Magar,NP,2025-04-11
2841,Suman Shrestha,US,2025-06-16
6944,Mina Sharma,NP,2021-02-25
5718,Kiran Adhikari,JP,2024-11-30
2320,Mina Basnet,AU,2020-04-26
1807,Maya Magar,NP,2021-08-22
8418,Priya Karki,NP,2022-10-08
5695,Anju Basnet,AU,2020-02-04
4948,Rohan Rai,DE,2021-12-14
9837,Sita Magar,JP,2021-01-25
3343,Dipesh Karki,DE,2023-02-17
9295,Mina Shrestha,NP,2020-03-18
3036,Mina Magar,NP,2020-06-07
2764,Gita Tamang,NP,2021-05-02
8097,Kiran Rai,NP,2022-06-19
7594,Rohan Gurung,NP,2023-01-03
1758,Kiran Basnet,US,2023-06-26
1249,Mina Joshi,NP,2024-06-23
5753,Hari Basnet,NP,2023-12-21
6075,Hari Karki,DE,2024-08-11
9365,Maya Magar,BR,2023-11-22
3163,Bibek Sharma,NP,2023-09-17
7058,Nisha Gurung,JP,2021-07-24
9420,Dipesh Karki,NP,2021-10-15
1941,Hari Adhikari,NP,2022-02-24
6477,Nisha Magar,NP,2020-01-20
1508,Mina Magar,NP,2024-03-26
1817,Bibek Karki,GB,2021-12-09
1146,Maya Adhikari,BR,2021-05-16
7537,Bibek Shrestha,AU,2021-03-22
8122,Hari Joshi,IN,2020-04-06
2942,Hari KC,IN,2023-08-05
8380,Priya Basnet,NP,2023-09-22
4185,Maya Sharma,NP,2022-03-21
6959,Rohan Shrestha,IN,2025-06-19
7343,Rohan KC,GB,2022-01-21
5067,Anju Shrestha,US,2024-07-30
8037,Dipesh Sharma,NP,2020-02-01
6213,Rita Rai,NP,2024-06-01
2049,Hari KC,NP,2025-02-28
4680,Sita Sharma,NP,2025-06-02
632,Gita Joshi,NP,2023-02-18
5016,Maya Rai,NP,2020-11-28
9657,Kiran Karki,AU,2021-02-27
1270,Sita Thapa,NP,2024-01-19
6976,Gita Basnet,NP,2022-06-10
5833,Nisha Joshi,NP,2022-07-02
9372,Anju Gurung,DE,2021-01-20
6,Bibek Basnet,NP,2024-09-17
2990,Sanjay Rai,JP,2023-12-04
5188,Kiran Magar,IN,2023-12-08
3356,Nisha Basnet,NP,2021-09-11
2250,Aarav Basnet,NP,2023-04-08
4171,Sita KC,NP,2024-06-17
4507,Hari Joshi,NP,2021-03-25
2330,Kiran Magar,NP,2022-09-01
7016,Kiran Rai,DE,2024-07-10
6392,Aarav Shrestha,NP,2023-11-12
9736,Aarav Magar,NP,2021-01-08
8693,Priya Sharma,NP,2023-07-07
9961,Dipesh Basnet,GB,2022-02-18
1327,Maya KC,NP,2021-03-02
6617,Rohan KC,JP,2022-01-29
9376,Rita Joshi,NP,2020-04-20
1209,Hari Magar,NP,2020-07-22
6205,Rohan Shrestha,NP,2024-04-09
8020,Rita Thapa,US,2021-12-07
4233,Dipesh Basnet,US,2024-03-04
1170,Bibek Magar,NP,2023-12-02
5423,Nisha Rai,US,2022-05-16
4174,Aarav KC,DE,2023-01-24
4028,Aarav Basnet,IN,2024-03-11
1679,Mina Rai,IN,2024-06-29
3584,Rita Gurung,IN,2020-08-26
8113,Gita Adhikari,NP,2024-03-11
21,Kiran Gurung,NP,2021-04-05
391,Maya Shrestha,NP,2021-11-20
3010,Nisha Joshi,NP,2025-05-23
2588,Maya Shrestha,AU,2021-01-03
7985,Bibek Joshi,NP,2022-01-15
1343,Rohan Karki,NP,2020-12-16
3740,Mina Karki,NP,2024-08-29
1290,Nisha Magar,US,2020-08-23
8742,Sanjay Tamang,NP,2020-07-14
3270,Mina Thapa,NP,2022-12-08
7176,Nisha Rai,BR,2023-09-03
31,Kiran Adhikari,NP,2022-02-11
315,Nisha Karki,NP,2024-03-24
7654,Hari Sharma,NP,2021-12-17
7026,Mina Karki,NP,2020-10-07
7896,Bibek Tamang,JP,2021-03-31
4960,Kiran Basnet,JP,2020-02-20
6650,Mina Sharma,US,2020-06-03
9718,Priya Adhikari,US,2023-08-28
4535,Aarav Gurung,IN,2023-04-14
1544,Suman KC,NP,2025-03-23
7442,Priya KC,JP,2025-03-30
2926,Suman Rai,NP,2025-03-24
8664,Aarav Magar,NP,2025-01-16
9395,Bibek Magar,NP,2025-06-20
247,Anju Adhikari,DE,2021-06-30
3534,Priya Joshi,NP,2020-01-07
4373,Dipesh Basnet,NP,2022-06-28
7478,Anju Sharma,JP,2020-09-29
2955,Sanjay Basnet,NP,2025-01-23
5140,Anju Adhikari,JP,2024-07-23
4263,Gita Joshi,BR,2024-11-29
2843,Suman KC,NP,2024-11-12
3165,Rohan Thapa,AU,2021-11-20
2898,Priya Rai,NP,2022-01-30
366,Kiran Joshi,DE,2022-01-24
1531,Maya Joshi,US,2022-11-09
4081,Bibek KC,DE,2020-02-24
2051,Gita Adhikari,GB,2024-01-19
9083,Kiran Tamang,BR,2021-11-24
6583,Mina Basnet,NP,2022-02-22
1623,Mina Magar,NP,2021-04-04
7155,Gita Adhikari,NP,2025-04-30
5622,Dipesh Thapa,NP,2024-04-27
266,Mina Thapa,NP,2025-02-24
2524,Mina KC,NP,2021-04-11
3519,Rohan Adhikari,IN,2023-03-04
3777,Bibek Shrestha,NP,2024-12-30
1814,Dipesh Gurung,AU,2024-11-03
1532,Mina Tamang,JP,2022-11-20
5065,Dipesh Magar,NP,2020-10-22
2075,Nisha Thapa,IN,2020-04-16
516,Kiran Basnet,NP,2021-02-18
3375,Maya Shrestha,NP,2023-03-29
2337,Sanjay Sharma,NP,2025-04-24
7486,Dipesh Adhikari,JP,2021-06-23
1158,Gita Thapa,US,2024-03-22
8191,Gita Adhikari,NP,2022-12-01
6429,Sanjay Shrestha,JP,2021-01-02
6671,Kiran Karki,NP,2023-08-26
4012,Dipesh Joshi,NP,2021-03-15
2467,Sanjay Gurung,NP,2021-04-04
2795,Hari Magar,IN,2024-05-17
5264,Sanjay Magar,NP,2022-04-14
2369,Maya Shrestha,NP,2021-08-06
8594,Sita Joshi,US,2022-02-25
7151,Mina Karki,GB,2023-06-05
1595,Bibek Gurung,GB,2021-06-12
7267,Priya Shrestha,NP,2021-05-17
4837,Anju Thapa,IN,2023-01-04
1160,Priya Joshi,NP,2021-08-24
4400,Suman Thapa,NP,2023-08-08
2126,Sanjay Gurung,GB,2023-08-14
7182,Sanjay Magar,NP,2020-06-07
6924,Hari Karki,NP,2024-04-29
5388,Maya Basnet,NP,2022-01-05
9001,Nisha Thapa,US,2021-09-06
4788,Bibek Gurung,NP,2024-02-13
2695,Bibek Basnet,NP,2022-06-10
1614,Rita Thapa,NP,2022-08-31
3253,Hari Shrestha,BR,2020-06-13
4781,Rohan Rai,JP,2021-05-04
9745,Nisha Shrestha,NP,2022-10-13
3410,Rohan Joshi,BR,2025-02-24
8859,Rohan Rai,IN,2020-08-16
4643,Aarav Thapa,AU,2020-06-06
924,Mina Tamang,NP,2022-12-14
1395,Maya Thapa,NP,2021-04-04
1602,Aarav Karki,BR,2022-01-01
6809,Rita Rai,DE,2023-07-15
1250,Suman Magar,NP,2025-02-16
1233,Gita Gurung,AU,2020-04-06
6919,Aarav Rai,NP,2025-02-22
3938,Kiran Thapa,NP,2023-09-12
3575,Priya Basnet,BR,2020-04-16
5481,Mina Tamang,AU,2024-12-23
789,Anju Tamang,NP,2025-05-01
9870,Gita Adhikari,NP,2023-11-30
2835,Sanjay KC,NP,2023-08-10
4106,Mina Magar,NP,2022-05-24
3113,Rohan Rai,JP,2025-01-07
7173,Gita Adhikari,JP,2024-12-14
278,Sita Adhikari,NP,2020-07-17
4673,Dipesh Sharma,NP,2023-04-30
4069,Dipesh KC,GB,2022-02-10
3102,Hari Tamang,NP,2021-09-14
8552,Rohan Rai,US,2020-02-10
8931,Anju Basnet,NP,2021-09-11
9886,Sita Karki,NP,2020-10-08
4541,Nisha Sharma,US,2025-06-14
1147,Nisha Basnet,US,2025-01-22
577,Sanjay Shrestha,NP,2022-02-14
513,Rita Magar,BR,2021-03-18
4992,Rohan Rai,BR,2022-07-03
5040,Sanjay Thapa,AU,2023-06-16
1513,Nisha Joshi,NP,2023-08-31
4970,Hari Tamang,DE,2020-07-18
5093,Aarav Karki,NP,2020-01-31
8199,Mina Joshi,NP,2020-05-23
2347,Kiran Sharma,NP,2025-02-20
4564,Gita Basnet,NP,2022-10-15
163,Gita Joshi,NP,2024-08-11
4431,Nisha Magar,NP,2021-01-22
6821,Sita Adhikari,IN,2021-03-26
2292,Aarav Thapa,NP,2020-09-02
7136,Sita Gurung,NP,2021-08-18
8560,Dipesh Gurung,JP,2023-04-09
5214,Nisha Rai,IN,2021-10-03
6004,Rita KC,NP,2022-04-16
600,Sita Karki,NP,2022-03-29
7653,Sanjay Shrestha,NP,2022-07-08
2438,Hari Adhikari,JP,2023-01-16
9041,Kiran Magar,NP,2021-03-18
8049,Sita Rai,AU,2022-01-30
1344,Bibek KC,AU,2024-01-13
9788,Gita Gurung,NP,2023-03-05
9433,Dipesh Sharma,NP,2021-01-09
212,Bibek Sharma,GB,2022-09-16
203,Dipesh Sharma,NP,2020-06-07
8921,Hari Magar,IN,2024-03-17
5950,Bibek Shrestha,NP,2021-07-20
3477,Aarav KC,NP,2022-10-03
2309,Aarav Rai,NP,2024-08-09
4181,Nisha Thapa,US,2025-05-23
8556,Nisha Karki,NP,2021-09-09
2551,Mina Joshi,NP,2020-07-08
4471,Rita Thapa,AU,2021-01-02
221,Dipesh Thapa,AU,2022-01-22
9053,Rohan Rai,BR,2020-11-22
5730,Rita Magar,NP,2023-03-27
747,Anju Joshi,NP,2021-02-02
6802,Dipesh Gurung,NP,2023-04-29
8639,Aarav Magar,NP,2020-05-19
32,Bibek Tamang,NP,2024-10-10
793,Sanjay Joshi,NP,2020-09-28
9190,Gita Thapa,IN,2022-01-24
3453,Hari Joshi,NP,2024-09-30
5364,Aarav Thapa,BR,2023-04-30
588,Rita Thapa,NP,2022-10-25
9487,Mina Basnet,BR,2022-04-24
4184,Rohan Tamang,BR,2024-11-13
4622,Priya Joshi,BR,2022-07-19
3132,Mina Rai,NP,2025-04-26
4398,Kiran Karki,NP,2020-10-11
9772,Mina Basnet,US,2020-09-29
1108,Suman Basnet,NP,2021-12-18
7200,Sanjay Gurung,NP,2025-01-16
8701,Bibek Rai,NP,2021-04-06
2406,Sanjay KC,US,2023-01-17
403,Rita Adhikari,NP,2025-03-22
5355,Aarav Gurung,NP,2022-10-03
3413,Kiran Thapa,BR,2022-03-28
6183,Suman Adhikari,IN,2020-09-17
9266,Sanjay KC,NP,2023-08-25
3397,Mina Karki,NP,2023-10-29
7366,Rohan Basnet,JP,2021-02-13
2447,Hari Rai,NP,2024-03-14
7862,Sanjay Shrestha,DE,2020-07-27
9318,Suman Sharma,NP,2024-02-09
2342,Dipesh Thapa,NP,2020-08-14
3465,Rohan Basnet,US,2022-07-07
4893,Sanjay Joshi,NP,2023-02-17
3265,Suman Shrestha,DE,2020-07-08
2175,Dipesh Sharma,NP,2023-08-23
5131,Hari Sharma,NP,2025-02-09
5302,Suman Gurung,NP,2020-02-22
9340,Rita Rai,NP,2022-02-02
7188,Sanjay Tamang,NP,2022-03-01
8781,Priya Thapa,NP,2023-02-16
9256,Priya KC,NP,2022-10-03
8400,Sita KC,NP,2020-09-11
90,Gita Karki,BR,2023-05-02
1079,Suman Tamang,NP,2021-03-15
1453,Anju Gurung,NP,2021-06-03
8788,Kiran Basnet,BR,2022-12-15
4842,Sita Karki,NP,2024-03-07
7418,Nisha Basnet,DE,2024-05-31
4604,Hari KC,NP,2024-02-12
5073,Mina Thapa,IN,2020-02-21
4001,Rohan Joshi,NP,2020-09-19
2900,Aarav Magar,NP,2020-11-06
5268,Kiran Shrestha,US,2025-03-29
9219,Kiran Karki,NP,2025-05-05
1283,Kiran Shrestha,NP,2024-06-19
1458,Mina Adhikari,NP,2021-05-21
5434,Maya Basnet,AU,2024-09-19
6635,Priya Sharma,NP,2020-11-25
8088,Kiran Tamang,DE,2020-09-27
7858,Rita Basnet,NP,2021-07-24
672,Anju Magar,JP,2020-09-30
2866,Bibek Karki,NP,2022-06-10
1931,Kiran Karki,US,2023-11-18
1673,Anju Thapa,IN,2023-10-15
8918,Hari Shrestha,JP,2024-10-29
8239,Aarav Joshi,NP,2020-03-06
9760,Dipesh Magar,NP,2022-10-23
5930,Maya Basnet,GB,2020-09-05
507,Nisha Joshi,US,2023-12-12
1590,Anju Adhikari,DE,2024-11-07
6512,Rohan Tamang,US,2020-11-16
4130,Maya Adhikari,NP,2020-12-02
8332,Mina Adhikari,JP,2025-03-29
5425,Maya Joshi,NP,2022-08-24
6994,Rita Shrestha,US,2020-02-11
5507,Rohan Thapa,NP,2020-07-29
5960,Maya Shrestha,NP,2023-05-07
9982,Rita Thapa,AU,2023-06-20
2718,Hari Gurung,NP,2021-05-29
4270,Maya Thapa,DE,2025-02-18
8863,Gita Joshi,IN,2025-05-09
1057,Aarav KC,JP,2023-04-03
5956,Hari Sharma,AU,2022-10-16
4134,Anju Gurung,US,2022-03-22
4011,Suman Basnet,NP,2021-01-14
3259,Dipesh Adhikari,NP,2024-01-13
5547,Suman Karki,NP,2021-11-26
8213,Mina Gurung,AU,2022-11-27
9290,Kiran Rai,AU,2023-06-14
1465,Anju Joshi,NP,2021-01-03
8061,Nisha Sharma,BR,2022-11-24
7031,Rohan Basnet,GB,2024-07-29
7809,Rita Thapa,NP,2022-12-02
9163,Aarav Sharma,NP,2024-03-20
6405,Kiran Magar,NP,2024-02-17
8821,Mina Joshi,NP,2023-11-13
9068,Mina Karki,NP,2021-09-28
6568,Bibek Gurung,NP,2022-03-13
6459,Mina Thapa,BR,2022-09-08
7970,Anju Adhikari,NP,2023-08-22
4795,Rita Sharma,DE,2021-04-03
2445,Suman Joshi,US,2020-08-20
457,Rita KC,NP,2020-10-22
4943,Suman Adhikari,NP,2021-07-16
7704,Rita Thapa,DE,2023-05-17
2525,Nisha Basnet,NP,2021-05-20
6556,Mina Rai,DE,2020-06-10
1574,Sanjay Adhikari,NP,2023-05-05
1373,Bibek Sharma,NP,2020-10-08
7034,Sita Basnet,NP,2020-08-24
7201,Sanjay KC,IN,2022-03-01
9617,Nisha Thapa,AU,2022-07-21
8852,Kiran Magar,US,2024-08-01
6871,Rohan Sharma,US,2020-10-15
9158,Gita Shrestha,NP,2022-04-17
251,Mina Thapa,AU,2023-02-06
422,Sanjay Magar,NP,2024-10-22
4582,Gita KC,NP,2024-02-19
898,Nisha Joshi,AU,2024-12-16
6382,Sanjay Shrestha,NP,2022-09-16
2775,Bibek Gurung,IN,2023-04-30
317,Hari Rai,NP,2023-07-10
4741,Kiran Basnet,NP,2023-05-08
8711,Priya Sharma,DE,2021-06-08
3465,Rohan Basnet,US,2022-05-05
640,Suman KC,NP,2020-03-03
1140,Rohan Basnet,US,2023-11-10
9166,Sanjay Rai,NP,2022-07-04
5609,Gita Joshi,IN,2021-02-11
7602,Dipesh Joshi,BR,2025-03-25
5825,Mina KC,US,2023-06-11
346,Anju Sharma,NP,2021-10-05
1377,Anju Sharma,US,2025-05-21
2176,Anju Tamang,JP,2020-01-07
3296,Gita KC,IN,2021-10-28
6536,Suman Adhikari,NP,2024-02-15
5575,Hari Karki,NP,2020-04-13
6170,Dipesh Shrestha,NP,2023-04-07
6865,Priya Shrestha,DE,2024-01-01
5939,Maya Basnet,NP,2020-03-20
7496,Rohan KC,NP,2023-08-05
9073,Rohan Gurung,NP,2023-02-12
9450,Bibek Sharma,NP,2022-04-05
1071,Gita Rai,NP,2025-01-19
5282,Hari Rai,NP,2023-07-10
6428,Sanjay Joshi,NP,2022-01-31
2046,Gita Magar,US,2022-10-22
2666,Sanjay Thapa,NP,2022-05-07
8480,Aarav Karki,NP,2024-01-08
4170,Hari Tamang,NP,2024-03-14
4878,Dipesh Karki,BR,2024-10-15
7484,Mina Gurung,NP,2024-03-24
2871,Gita Sharma,JP,2024-06-13
5926,Priya Basnet,NP,2023-10-06
9668,Sita Sharma,NP,2025-02-23
9985,Anju Rai,NP,2021-06-12
8005,Suman Adhikari,NP,2025-02-24
3216,Hari Karki,NP,2020-10-07
1265,Sita Sharma,BR,2021-03-26
2778,Suman Magar,NP,2022-04-01
2164,Nisha Karki,NP,2022-04-02
3811,Nisha Basnet,US,2024-03-22
8973,Anju Thapa,NP,2024-12-22
8309,Bibek Magar,NP,2021-04-19
5406,Nisha Shrestha,NP,2023-07-26
7239,Maya Basnet,NP,2025-06-17
4490,Gita KC,NP,2022-04-02
7064,Kiran Shrestha,NP,2024-06-23
5514,Dipesh Basnet,US,2021-07-01
950,Kiran Gurung,NP,2021-12-10
9272,Bibek Karki,BR,2023-09-24
6677,Rita Adhikari,AU,2024-05-27
2520,Hari Adhikari,NP,2022-05-08
534,Kiran Basnet,NP,2020-08-20
1437,Nisha Tamang,NP,2022-07-27
7813,Rohan Basnet,NP,2025-05-01
3923,Mina Rai,JP,2022-10-24
4707,Bibek Tamang,DE,2024-01-30
2269,Anju KC,NP,2022-07-25
5323,Sita Adhikari,NP,2024-07-01
5742,Bibek KC,NP,2022-10-17
8229,Kiran KC,IN,2024-09-20
4139,Hari Adhikari,NP,2023-12-31
6065,Kiran Sharma,NP,2024-07-03
6177,Hari Shrestha,BR,2022-11-05
3314,Nisha Tamang,NP,2024-11-06
8635,Suman Sharma,NP,2025-01-01
4266,Sanjay Joshi,IN,2024-03-12
1081,Sita Karki,NP,2022-06-01
5774,Suman Tamang,IN,2024-07-13
8995,Bibek Joshi,DE,2022-02-21
4718,Aarav Thapa,NP,2021-10-07
8505,Kiran Magar,NP,2020-06-15
5744,Maya Magar,NP,2025-02-04
5976,Sita Rai,IN,2021-08-16
9648,Sita Thapa,DE,2024-02-02
8430,Kiran Basnet,JP,2021-08-29
7371,Mina KC,NP,2022-08-20
3215,Gita Basnet,NP,2021-12-08
7796,Mina Basnet,DE,2025-01-20
9790,Bibek Gurung,GB,2025-06-15
8667,Aarav Gurung,NP,2025-05-04
172,Sanjay KC,NP,2021-02-02
7614,Dipesh Magar,NP,2024-10-10
8047,Rita Shrestha,US,2025-01-21
1096,Kiran Joshi,NP,2025-03-17
9923,Bibek Joshi,JP,2024-10-01
3172,Nisha Adhikari,DE,2023-08-01
396,Hari Magar,JP,2024-06-07
4917,Nisha Adhikari,GB,2021-04-06
5584,Sita Magar,JP,2025-02-02
9123,Sita Joshi,NP,2022-07-01
110,Maya Karki,NP,2021-05-13
1903,Dipesh Rai,NP,2021-10-14
7138,Mina KC,US,2021-06-20
3947,Maya Tamang,NP,2024-12-09
6688,Rohan Basnet,NP,2023-12-23
3517,Suman Shrestha,NP,2023-03-31
6162,Kiran Rai,IN,2023-08-08
7292,Aarav Thapa,IN,2022-08-03
3738,Mina Gurung,NP,2023-11-28
4467,Suman Adhikari,DE,2021-02-10
8121,Kiran KC,BR,2020-06-19
3120,Dipesh Gurung,NP,2022-08-21
5674,Rita Tamang,NP,2022-05-22
6955,Gita Rai,NP,2020-09-19
5517,Bibek Magar,NP,2023-07-23
8420,Aarav Adhikari,NP,2022-10-29
1723,Hari Adhikari,IN,2021-01-26
7662,Kiran Sharma,NP,2023-07-14
8856,Priya Shrestha,JP,2020-08-02
7565,Anju Rai,NP,2024-02-24
9696,Sita Thapa,NP,2021-11-27
5784,Anju Thapa,IN,2022-03-08
806,Aarav Tamang,DE,2021-03-15
3873,Maya Joshi,NP,2025-02-23
597,Mina Magar,DE,2022-04-03
2646,Dipesh Magar,NP,2021-10-01
5869,Nisha Rai,NP,2021-09-12
9774,Anju Magar,NP,2021-07-10
3292,Anju KC,NP,2020-05-28
6321,Dipesh Gurung,NP,2022-02-25
471,Suman KC,NP,2024-09-15
7264,Mina Thapa,NP,2024-08-22
1403,Sanjay Magar,NP,2021-02-13
1407,Anju Joshi,NP,2021-07-20
706,Sita Shrestha,AU,2021-06-13
7799,Rohan Tamang,US,2024-08-07
5312,Hari Tamang,NP,2020-10-09
5701,Priya Rai,NP,2024-02-09
9848,Maya Basnet,US,2022-04-15
9536,Sanjay Tamang,NP,2023-09-07
6744,Maya KC,GB,2025-02-22
8759,Hari Rai,NP,2022-10-13
3886,Priya Magar,NP,2022-04-30
9175,Priya Tamang,NP,2022-06-20
7051,Kiran Sharma,NP,2021-08-12
2709,Nisha Magar,IN,2021-07-23
9060,Sita Thapa,NP,2021-04-20
6119,Sanjay Magar,US,2024-07-28
1812,Gita Shrestha,NP,2025-02-25
8508,Sanjay Adhikari,BR,2021-11-13
4859,Mina Shrestha,JP,2020-02-26
5875,Anju Thapa,NP,2021-12-02
119,Aarav Gurung,NP,2021-11-01
7529,Sanjay Rai,NP,2021-03-31
1960,Aarav Sharma,AU,2020-07-15
456,Sita Adhikari,US,2021-12-28
1511,Dipesh Magar,NP,2023-03-15
3557,Bibek Joshi,DE,2021-08-08
6909,Priya Rai,NP,2024-01-08
1492,Maya Adhikari,NP,2020-09-21
2178,Bibek Sharma,IN,2020-01-19
5274,Kiran Magar,AU,2021-03-23
1272,Priya Adhikari,IN,2023-04-26
4157,Suman Tamang,BR,2021-02-07
4854,Kiran Gurung,NP,2022-11-29
1320,Sita Joshi,NP,2020-02-29
9773,Dipesh Karki,NP,2022-10-02
2452,Aarav Magar,NP,2023-06-05
8106,Priya Adhikari,DE,2025-04-29
3273,Anju Tamang,NP,2023-10-14
2938,Priya Joshi,AU,2024-11-03
5793,Mina Magar,US,2023-03-02
4540,Kiran Karki,NP,2021-12-31
2572,Bibek Magar,DE,2023-11-25
3745,Hari Tamang,NP,2023-06-11
7269,Suman Basnet,NP,2022-07-16
723,Sita Shrestha,US,2021-05-02
5572,Aarav Thapa,NP,2020-07-27
5568,Kiran Sharma,JP,2022-07-18
5988,Anju Joshi,NP,2024-07-16
6264,Rita Magar,GB,2020-02-29
543,Nisha Magar,NP,2024-09-06
5157,Aarav Rai,NP,2024-07-04
9812,Mina Rai,NP,2023-06-21
5299,Priya Karki,NP,2021-02-13
9987,Nisha Adhikari,NP,2021-10-25
6396,Sanjay Karki,AU,2024-12-22
9271,Maya Adhikari,IN,2023-01-12
3434,Dipesh KC,NP,2023-02-10
1333,Dipesh Thapa,NP,2024-02-21
6451,Mina Tamang,IN,2020-11-16
7437,Mina Sharma,NP,2020-02-09
5615,Rohan Rai,DE,2021-06-12
3921,Priya Shrestha,NP,2022-05-10
3810,Rita Shrestha,NP,2025-06-11
2768,Maya Tamang,NP,2024-02-15
2440,Gita Thapa,JP,2021-01-14
4368,Suman Basnet,US,2020-04-27
182,Kiran Shrestha,GB,2024-11-26
3621,Sita Sharma,NP,2022-05-22
8186,Anju Magar,GB,2024-05-31
4029,Gita Basnet,JP,2021-02-20
6751,Dipesh Basnet,DE,2022-09-28
453,Rohan Joshi,DE,2022-07-26
2823,Rohan Gurung,GB,2025-03-25
6031,Priya Shrestha,BR,2022-05-13
3603,Gita Shrestha,NP,2020-02-07
1470,Sita Rai,NP,2024-05-14
2392,Rita Shrestha,NP,2021-04-21
3237,Hari Tamang,NP,2021-02-21
5840,Kiran Magar,US,2024-09-27
9729,Suman Rai,NP,2020-12-10
6390,Nisha KC,NP,2021-03-13
4663,Aarav KC,NP,2024-11-09
7131,Rita Sharma,JP,2020-08-11
7828,Bibek Tamang,NP,2020-05-14
6847,Hari Karki,NP,2020-05-21
8390,Sita KC,NP,2021-10-24
4163,Dipesh Magar,NP,2021-08-31
5606,Maya Karki,NP,2020-06-02
9080,Mina Adhikari,NP,2023-09-22
3784,Gita Gurung,NP,2022-02-22
5822,Nisha Shrestha,NP,2022-08-12
8534,Anju Gurung,NP,2023-04-22
6404,Bibek Basnet,NP,2021-07-25
314,Dipesh Magar,NP,2023-11-16
2177,Sanjay KC,AU,2021-05-17
1166,Hari Shrestha,NP,2022-11-01
4823,Mina Gurung,JP,2021-05-07
7266,Maya Tamang,NP,2024-11-19
6649,Anju Tamang,GB,2024-10-09
1721,Sanjay Joshi,NP,2023-06-10
9436,Suman Adhikari,US,2021-11-15
3383,Gita Basnet,BR,2024-03-17
6690,Bibek Basnet,NP,2025-05-26
4520,Dipesh Basnet,NP,2023-08-15
4439,Maya Karki,NP,2022-04-21
4026,Mina KC,IN,2022-03-30
6251,Rohan Joshi,US,2021-11-28
207,Bibek Gurung,NP,2022-11-19
5983,Rita Shrestha,NP,2025-04-10
6566,Bibek KC,NP,2023-02-06
1512,Sanjay Magar,NP,2021-07-03
4190,Priya Sharma,NP,2023-02-23
4249,Sanjay Sharma,NP,2023-02-02
6178,Hari Gurung,IN,2022-09-26
2547,Nisha Shrestha,IN,2023-05-04
4307,Anju Gurung,NP,2020-03-11
3282,Sita Sharma,NP,2024-02-01
9968,Suman Gurung,JP,2021-06-29
2425,Kiran Joshi,IN,2021-01-28
2858,Rita Thapa,US,2020-01-11
3659,Priya Rai,NP,2021-05-29
7531,Gita Adhikari,NP,2021-10-26
7504,Mina Joshi,NP,2022-12-30
2774,Aarav Shrestha,IN,2024-08-09
235,Nisha Shrestha,NP,2020-09-02
925,Dipesh KC,JP,2023-11-21
8790,Maya Rai,NP,2024-08-27
9596,Suman Thapa,US,2022-02-10
7483,Nisha Basnet,BR,2020-07-31
992,Dipesh Magar,NP,2020-04-14
4928,Gita Shrestha,DE,2022-07-10
2367,Suman Tamang,IN,2023-10-31
8499,Sanjay Thapa,US,2025-03-26
7737,Rohan Adhikari,NP,2023-11-04
3348,Rita Magar,IN,2023-10-11
2886,Sanjay Basnet,NP,2023-09-13
4939,Sanjay Karki,NP,2020-04-26
7803,Dipesh Joshi,NP,2024-11-01
879,Dipesh Rai,NP,2024-09-28
9215,Rohan Basnet,NP,2024-12-02
4690,Aarav Joshi,NP,2023-02-23
9579,Bibek Gurung,NP,2022-08-10
1787,Rohan Thapa,NP,2021-06-06
9915,Rohan KC,US,2023-10-23
1743,Mina Joshi,NP,2024-05-13
195,Hari Basnet,IN,2021-08-12
2754,Rita Shrestha,NP,2022-10-01
5911,Anju Basnet,JP,2023-02-26
1157,Suman Tamang,NP,2025-04-20
2657,Suman Gurung,BR,2024-08-13
5021,Kiran Sharma,IN,2024-05-07
6022,Mina Karki,NP,2021-09-18
8419,Suman Karki,NP,2022-12-30
2246,Nisha Shrestha,NP,2021-07-06
3686,Anju Tamang,NP,2020-10-13
5424,Kiran Joshi,NP,2020-04-01
2836,Rohan Basnet,NP,2021-08-16
4024,Rita Gurung,NP,2025-01-29
5453,Aarav KC,IN,2024-09-01
4324,Sita Magar,IN,2020-09-22
2904,Bibek Adhikari,JP,2022-05-29
6381,Priya Magar,IN,2023-02-27
7742,Hari Rai,NP,2023-09-12
1596,Maya Shrestha,IN,2023-09-13
2402,Rohan Gurung,NP,2023-09-21
5422,Anju Gurung,NP,2023-02-26
3091,Mina Karki,NP,2025-05-24
5664,Hari Sharma,NP,2024-09-06
3184,Nisha Tamang,NP,2025-05-06
9119,Nisha Magar,NP,2022-03-14
8672,Bibek Shrestha,NP,2021-01-21
6362,Maya Basnet,NP,2022-10-20
1245,Rita Basnet,NP,2024-09-15
6225,Nisha Sharma,NP,2022-08-03
2041,Hari Rai,GB,2023-05-23
6582,Anju Gurung,NP,2023-06-05
3945,Sanjay Gurung,DE,2020-12-24
1581,Kiran Sharma,NP,2024-08-28
341,Kiran Magar,AU,2025-06-26
5055,Rohan Tamang,US,2023-04-12
2998,Gita Adhikari,IN,2024-05-08
6680,Nisha Rai,NP,2023-06-23
1804,Aarav KC,NP,2021-01-18
880,Mina Thapa,NP,2024-09-20
3644,Suman Shrestha,BR,2024-12-08
1056,Priya Joshi,US,2025-02-14
1416,Hari KC,IN,2024-01-12
9300,Nisha Karki,NP,2024-10-05
6549,Mina Magar,NP,2020-12-26
5585,Dipesh Sharma,DE,2025-03-15
4091,Maya Karki,AU,2022-04-09
9707,Bibek Shrestha,NP,2022-02-03
1667,Nisha Gurung,NP,2020-02-13
8349,Dipesh Karki,NP,2025-03-04
8426,Kiran Karki,NP,2025-04-06
4463,Mina Magar,NP,2022-08-06
4516,Mina Basnet,US,2023-10-31
9993,Nisha Basnet,NP,2022-06-01
3023,Bibek Karki,US,2021-01-06
3957,Anju KC,NP,2022-11-15
8640,Dipesh KC,NP,2020-04-03
1858,Anju Gurung,NP,2020-05-11
6003,Suman Adhikari,NP,2022-10-05
6535,Hari Tamang,NP,2022-10-23
5254,Mina Magar,US,2023-01-20
7408,Aarav Magar,NP,2023-11-28
509,Priya Thapa,NP,2023-06-27
2725,Gita Rai,NP,2024-11-09
462,Priya Adhikari,NP,2020-11-14
6231,Mina KC,DE,2022-01-23
359,Bibek Joshi,NP,2023-01-25
1642,Maya Sharma,NP,2024-03-01
973,Priya Shrestha,NP,2021-08-08
6446,Nisha Rai,NP,2020-03-30
336,Suman Sharma,NP,2023-05-18
5458,Maya Adhikari,NP,2023-04-09
2429,Dipesh Rai,NP,2021-09-06
9889,Kiran Basnet,US,2020-04-18
2510,Sanjay Magar,IN,2024-08-22
7560,Gita Tamang,NP,2020-05-15
7521,Suman Basnet,NP,2023-09-12
5068,Maya KC,JP,2022-02-07
9747,Anju Rai,IN,2023-01-27
2584,Priya Gurung,US,2024-03-31
9548,Anju Tamang,NP,2024-02-29
5947,Anju Karki,NP,2024-01-10
5221,Kiran Sharma,US,2022-06-25
2236,Aarav Sharma,NP,2022-05-18
214,Hari Tamang,AU,2024-07-11
8907,Mina Tamang,NP,2022-09-24
700,Kiran Gurung,AU,2024-03-15
286,Sanjay KC,IN,2023-08-10
6606,Hari Tamang,DE,2025-02-07
3848,Hari Adhikari,BR,2024-07-07
9940,Maya Sharma,IN,2024-01-19
7363,Anju Gurung,NP,2020-08-21
5215,Dipesh Gurung,DE,2024-07-07
4985,Mina Gurung,NP,2021-03-17
6332,Nisha Thapa,AU,2021-07-26
2435,Kiran Magar,NP,2020-04-14
8132,Rohan Rai,NP,2022-07-15
890,Sita Thapa,US,2023-09-25
6438,Maya Adhikari,NP,2024-08-26
1589,Nisha Rai,NP,2023-02-16
3901,Priya KC,GB,2025-03-21
3696,Mina Thapa,AU,2022-01-21
3585,Rohan Magar,NP,2020-01-18
8651,Priya Joshi,GB,2023-08-22
3274,Aarav Basnet,NP,2024-07-28
7695,Kiran Karki,JP,2021-11-22
4363,Aarav Joshi,US,2024-12-24
716,Mina Magar,NP,2023-07-01
2935,Priya Thapa,NP,2020-10-20
2257,Nisha Sharma,NP,2022-01-27
1952,Kiran KC,JP,2022-04-28
6972,Sanjay Adhikari,NP,2023-07-08
6008,Sita Tamang,NP,2021-03-13
6106,Anju KC,DE,2021-11-08
8654,Hari Joshi,NP,2020-03-15
67,Rohan Sharma,NP,2025-06-28
8634,Maya Thapa,NP,2023-12-05
7032,Gita KC,NP,2021-01-04
2410,Kiran Thapa,US,2025-06-06
2171,Aarav Gurung,NP,2021-09-05
357,Priya Joshi,NP,2022-04-12
9989,Priya Shrestha,AU,2022-06-30
5683,Sita Karki,NP,2025-05-27
1254,Hari Adhikari,NP,2022-07-04
2486,Kiran Sharma,NP,2021-04-12
51,Mina Tamang,US,2020-05-21
6324,Kiran Shrestha,NP,2023-02-02
5066,Sita Adhikari,IN,2023-02-24
2196,Sita Karki,BR,2021-03-30
8595,Aarav Sharma,NP,2021-10-28
3617,Rita KC,DE,2025-05-27
8565,Dipesh Magar,US,2024-07-03
6410,Mina Shrestha,NP,2021-01-27
6662,Rita Thapa,NP,2024-11-19
5834,Nisha Karki,AU,2022-06-09
3580,Suman Joshi,NP,2024-07-22
89,Bibek Sharma,NP,2021-03-15
4961,Kiran Magar,IN,2021-05-22
7871,Aarav Sharma,NP,2024-02-01
333,Nisha Shrestha,NP,2023-08-30
9793,Mina Basnet,IN,2024-04-25
4682,Bibek Gurung,NP,2023-05-04
3020,Anju Tamang,NP,2024-02-12
4447,Sita Gurung,NP,2021-02-22
9071,Aarav Karki,AU,2020-01-07
4286,Anju Rai,DE,2024-11-07
6745,Bibek Adhikari,DE,2022-11-21
4057,Hari Karki,NP,2024-09-05
2071,Gita KC,GB,2021-01-27
1689,Mina Thapa,US,2022-05-27
1521,Aarav KC,NP,2020-10-29
2315,Aarav Sharma,IN,2023-05-21
3218,Anju Adhikari,NP,2024-02-17
9135,Gita Joshi,NP,2023-02-28
6576,Rita Shrestha,NP,2020-04-11
8222,Anju Joshi,JP,2024-02-29
7705,Dipesh Joshi,NP,2021-03-28
8327,Dipesh Joshi,BR,2020-03-12
1559,Kiran Adhikari,DE,2020-10-07
3601,Sita Rai,NP,2022-07-22
9950,Gita Adhikari,NP,2022-01-18
2517,Rita Sharma,NP,2020-10-04
6686,Dipesh Magar,NP,2020-01-26
5801,Dipesh Thapa,AU,2020-07-28
171,Bibek Sharma,US,2023-10-30
2143,Dipesh Magar,NP,2022-03-15
4585,Bibek Sharma,NP,2020-01-01
5054,Priya Rai,NP,2024-09-22
5092,Maya Adhikari,NP,2024-12-20
3080,Kiran Magar,NP,2024-11-14
6006,Priya Shrestha,AU,2023-10-13
7456,Sita Joshi,NP,2023-02-03
1633,Aarav Sharma,BR,2025-04-17
7640,Suman Tamang,NP,2021-04-17
4278,Rohan Thapa,NP,2020-05-18
9918,Mina Gurung,NP,2022-08-17
1843,Maya Sharma,US,2020-03-21
1494,Maya Joshi,GB,2021-06-08
5146,Mina Sharma,US,2023-10-25
7073,Bibek KC,JP,2025-05-21
5917,Sanjay KC,NP,2023-08-02
7086,Nisha Magar,NP,2023-05-25
8816,Anju Rai,NP,2020-09-25
8105,Rohan Gurung,NP,2021-04-16
2690,Priya Magar,IN,2023-06-27
6726,Bibek Thapa,DE,2023-07-25
3902,Anju KC,NP,2024-06-29
9425,Hari Thapa,NP,2020-05-25
390,Dipesh Sharma,BR,2023-08-30
8849,Hari Joshi,IN,2025-04-17
7148,Maya Sharma,NP,2022-04-26
9875,Suman Adhikari,JP,2021-09-17
3858,Dipesh Shrestha,NP,2023-07-29
6491,Nisha Tamang,DE,2023-03-10
105,Rohan Sharma,US,2024-11-07
660,Priya Sharma,NP,2022-08-12
5309,Suman Sharma,AU,2023-01-20
8898,Hari KC,NP,2021-11-02
2454,Hari KC,NP,2023-12-30
3594,Rita Tamang,IN,2020-07-26
3430,Gita Adhikari,NP,2023-12-05
2386,Dipesh Gurung,NP,2023-12-29
1190,Aarav Basnet,IN,2023-12-24
9107,Sita Magar,IN,2024-05-22
9044,Sita Joshi,NP,2021-06-19
9194,Gita Magar,IN,2024-11-29
9367,Sita Gurung,JP,2020-01-13
5460,Suman Adhikari,US,2020-03-02
9378,Rohan KC,JP,2025-02-12
8138,Mina Thapa,NP,2022-10-06
852,Anju KC,AU,2020-05-05
9507,Rita Magar,NP,2020-12-15
7364,Mina Shrestha,DE,2020-10-16
5197,Kiran Basnet,NP,2024-03-07
474,Dipesh Karki,US,2022-01-13
9903,Anju KC,NP,2020-07-14
1151,Kiran Karki,NP,2021-01-14
5045,Aarav Shrestha,NP,2021-09-03
9819,Hari Tamang,US,2023-07-07
5125,Rita Magar,NP,2023-08-14
536,Bibek Gurung,DE,2022-10-27
2868,Rita Rai,AU,2022-04-27
7419,Mina Thapa,US,2023-03-15
5448,Bibek Rai,US,2025-01-01
1630,Dipesh Sharma,NP,2020-11-25
6458,Priya Sharma,NP,2021-03-24
964,Suman Tamang,NP,2024-08-02
608,Anju Thapa,BR,2021-08-21
1216,Dipesh Gurung,NP,2025-01-10
100,Bibek Basnet,NP,2021-05-19
4078,Sanjay Thapa,IN,2022-08-19
8827,Rohan Thapa,BR,2023-02-07
3206,Rita KC,DE,2021-11-02
3504,Dipesh Rai,NP,2020-05-09
4241,Rohan Basnet,NP,2025-06-27
1570,Nisha Shrestha,US,2025-02-25
7707,Aarav Thapa,US,2022-12-06
9326,Rita Adhikari,NP,2022-02-21
6193,Mina Rai,NP,2021-10-02
2319,Bibek Shrestha,NP,2023-04-02
4587,Dipesh Rai,GB,2022-11-29
5306,Gita Sharma,NP,2021-02-09
5686,Suman Karki,NP,2020-06-08
5739,Suman KC,NP,2020-12-19
9497,Mina Magar,US,2022-02-08
4517,Maya Shrestha,US,2022-09-22
7552,Dipesh Thapa,NP,2024-03-22
5760,Anju Adhikari,NP,2022-04-01
4235,Rita Magar,DE,2023-10-02
5835,Aarav Karki,NP,2020-03-20
8326,Aarav Karki,NP,2023-08-31
4850,Hari Joshi,NP,2024-01-19
5183,Nisha Basnet,IN,2025-03-25
3644,Suman Shrestha,BR,2025-05-05
8715,Dipesh Sharma,NP,2020-07-13
4563,Mina Basnet,NP,2020-04-05
1502,Maya Gurung,NP,2024-03-24
2148,Anju Magar,BR,2023-12-27
1400,Priya Tamang,US,2023-07-03
1815,Mina Thapa,NP,2024-10-23
8653,Suman Karki,BR,2020-05-09
1420,Nisha Shrestha,NP,2021-11-15
901,Dipesh Basnet,NP,2021-06-27
2002,Anju Karki,NP,2022-08-08
6016,Aarav Shrestha,NP,2023-10-18
8613,Suman KC,NP,2023-05-09
1981,Sita Rai,GB,2025-02-01
1125,Bibek Magar,AU,2023-11-04
5668,Sanjay Karki,NP,2022-04-10
3008,Bibek Tamang,NP,2021-11-17
2522,Hari Basnet,NP,2023-11-14
7990,Nisha Rai,NP,2021-10-24
5226,Sita KC,NP,2024-04-27
5716,Dipesh KC,IN,2020-04-02
3333,Sita Thapa,DE,2021-12-26
8300,Gita Sharma,JP,2020-04-02
295,Hari Basnet,NP,2022-09-23
737,Maya Gurung,IN,2021-11-19
2001,Nisha Basnet,NP,2024-09-13
3661,Priya KC,NP,2024-12-05
803,Mina Thapa,NP,2021-02-27
3128,Gita Basnet,NP,2021-05-04
7827,Rita Basnet,NP,2022-11-22
8618,Nisha Gurung,NP,2020-10-02
5320,Kiran Basnet,NP,2020-04-11
2557,Kiran Shrestha,NP,2021-01-11
331,Mina KC,NP,2020-01-21
1982,Sanjay Joshi,DE,2021-02-21
4008,Hari Shrestha,NP,2025-06-08
5033,Bibek Rai,NP,2021-07-14
4826,Gita KC,AU,2024-09-16
4664,Rita Tamang,NP,2024-08-25
2493,Maya Rai,NP,2020-04-20
2921,Rita Karki,IN,2020-12-26
4720,Priya Thapa,NP,2023-09-25
8376,Nisha Basnet,NP,2024-12-02
170,Rita Adhikari,AU,2020-08-17
8454,Gita Adhikari,NP,2025-03-18
5591,Kiran Basnet,NP,2023-10-24
7054,Sita Basnet,BR,2023-06-19
9100,Priya Tamang,NP,2023-07-30
8168,Hari Karki,BR,2024-10-26
4071,Aarav Tamang,DE,2024-11-04
1634,Sanjay Sharma,GB,2024-11-03
2828,Priya Tamang,NP,2023-04-12
8439,Nisha Basnet,NP,2022-04-19
3952,Suman Sharma,NP,2021-07-07
5920,Kiran Sharma,GB,2020-01-14
5357,Sanjay Sharma,NP,2024-11-20
5266,Suman Gurung,NP,2021-05-10
1033,Dipesh Rai,NP,2022-02-11
187,Kiran Joshi,NP,2023-09-27
520,Hari Sharma,NP,2021-12-26
9352,Rohan KC,NP,2020-10-03
4205,Rita Magar,IN,2024-06-17
142,Gita Tamang,NP,2020-09-13
8574,Gita Sharma,DE,2023-10-11
4636,Aarav Thapa,NP,2022-07-05
2609,Maya Basnet,NP,2022-03-28
4025,Aarav Rai,IN,2022-11-03
6618,Aarav Basnet,NP,2021-09-22
4856,Kiran Basnet,IN,2025-01-14
9419,Suman Rai,NP,2021-10-31
1832,Priya Sharma,AU,2022-11-02
9321,Dipesh Shrestha,NP,2023-07-21
7559,Sanjay Gurung,NP,2020-09-01
7013,Aarav Sharma,NP,2024-02-03
4218,Nisha Thapa,NP,2022-11-15
6142,Maya Adhikari,NP,2024-01-29
2273,Bibek Sharma,NP,2023-10-19
9347,Mina Sharma,NP,2022-06-18
8885,Sanjay Rai,US,2025-01-21
5765,Bibek Karki,NP,2023-03-07
6929,Sanjay Joshi,AU,2025-06-19
7426,Nisha Shrestha,US,2023-07-25
6214,Bibek Thapa,NP,2021-02-28
4402,Mina KC,US,2022-04-09
2221,Rohan Joshi,JP,2024-03-17
1847,Suman Sharma,NP,2025-04-12
6857,Hari Tamang,DE,2020-07-26
1656,Aarav Gurung,IN,2023-12-09
1198,Hari Tamang,NP,2021-02-08
7002,Dipesh Adhikari,NP,2022-08-09
1481,Mina Sharma,IN,2021-07-29
6154,Dipesh Joshi,JP,2020-12-28
9838,Dipesh Sharma,NP,2025-04-18
8928,Anju Shrestha,US,2024-05-20
5590,Anju Basnet,JP,2022-04-13
4679,Sita KC,DE,2023-08-03
9925,Bibek Tamang,BR,2023-10-11
8677,Bibek Karki,AU,2022-10-20
8271,Anju Tamang,NP,2021-03-10
5936,Gita KC,NP,2021-07-31
6262,Mina Thapa,NP,2024-01-04
7583,Bibek Karki,IN,2023-06-25
2802,Rita Karki,IN,2022-04-22
3307,Dipesh Karki,AU,2021-08-11
766,Sita Adhikari,NP,2022-08-29
3159,Sanjay KC,NP,2022-11-29
7246,Kiran Rai,NP,2023-10-30
2763,Kiran KC,NP,2021-10-15
4525,Kiran Joshi,BR,2024-08-06
9926,Hari Magar,NP,2023-01-15
2214,Mina Rai,NP,2023-02-11
7815,Rita Sharma,NP,2022-09-03
2680,Gita Shrestha,NP,2021-04-11
7147,Gita Tamang,NP,2024-02-18
6957,Sanjay Tamang,NP,2025-02-10
2939,Sanjay Shrestha,NP,2023-03-04
4898,Hari Basnet,NP,2022-05-25
8832,Sanjay Basnet,NP,2021-03-27
2281,Dipesh Gurung,NP,2023-08-03
9945,Aarav Basnet,NP,2024-04-14
4813,Anju Basnet,IN,2024-02-14
2238,Maya Joshi,IN,2023-04-01
1813,Rohan Shrestha,NP,2025-06-06
9661,Gita Thapa,NP,2022-09-27
4766,Hari Rai,NP,2022-01-15
7477,Hari Adhikari,NP,2020-09-01
2040,Rita Sharma,NP,2022-12-01
7932,Suman KC,US,2020-06-23
4723,Sita Thapa,NP,2023-07-22
8719,Hari Tamang,NP,2022-06-19
9120,Rita Magar,NP,2024-03-14
3727,Sita KC,JP,2024-10-25
1507,Nisha Basnet,US,2020-08-25
4100,Dipesh Tamang,NP,2022-05-17
4933,Nisha Rai,US,2024-12-05
4269,Suman Basnet,JP,2024-03-27
4297,Rita Magar,IN,2021-03-09
3729,Hari KC,IN,2025-05-27
7084,Nisha Tamang,NP,2021-07-19
4853,Gita Gurung,NP,2025-04-23
857,Aarav Joshi,IN,2022-05-30
1113,Rohan Rai,NP,2020-02-16
983,Sita Tamang,NP,2020-11-13
3783,Sita Sharma,NP,2021-08-17
7733,Aarav Sharma,DE,2020-04-10
7570,Nisha Karki,NP,2020-02-16
7404,Anju Basnet,DE,2022-12-03
6731,Gita Basnet,JP,2023-05-30
9959,Sanjay Gurung,NP,2024-06-20
8027,Sita Thapa,JP,2021-11-16
1935,Rita Magar,NP,2021-07-23
7676,Bibek Thapa,NP,2021-10-24
4515,Rohan Tamang,DE,2020-07-23
5135,Rohan Gurung,NP,2025-01-25
4796,Priya Magar,NP,2021-02-14
8553,Mina Adhikari,NP,2020-03-26
4807,Priya Basnet,IN,2021-01-18
2792,Sita Sharma,IN,2020-06-07
3788,Hari Basnet,AU,2021-07-25
9832,Maya KC,NP,2022-02-18
8874,Rita Shrestha,NP,2020-07-30
9223,Priya Gurung,BR,2023-01-11
5552,Suman Shrestha,NP,2022-12-22
5856,Dipesh Thapa,JP,2020-05-03
81,Sanjay Gurung,JP,2022-05-07
934,Suman Rai,NP,2023-03-29
5639,Mina Karki,US,2020-02-28
2830,Hari Tamang,NP,2025-02-23
1118,Dipesh Joshi,NP,2025-03-14
2919,Dipesh KC,NP,2024-02-19
1293,Sita Adhikari,NP,2020-07-05
7349,Rohan Sharma,NP,2023-05-02
2630,Priya Karki,NP,2023-05-20
5,Aarav Shrestha,JP,2022-01-26
3183,Hari Shrestha,US,2024-06-05
5385,Nisha Adhikari,IN,2022-08-07
5440,Maya Gurung,NP,2023-09-21
2530,Sita Karki,NP,2022-05-30
6236,Dipesh Sharma,JP,2024-10-14
1861,Rohan Rai,NP,2022-10-26
4243,Sita Adhikari,IN,2020-10-06
3221,Rohan Basnet,NP,2024-04-21
3376,Mina Adhikari,NP,2020-03-02
9322,Priya Basnet,NP,2020-11-02
9353,Priya Sharma,NP,2023-05-19
5308,Nisha Joshi,NP,2021-02-20
244,Mina KC,NP,2022-06-11
2720,Priya Thapa,NP,2022-03-17
1176,Anju Basnet,US,2024-10-11
3423,Rita Gurung,US,2023-10-17
3352,Rohan Joshi,US,2025-04-06
6852,Priya KC,NP,2024-12-25
1292,Suman Thapa,JP,2022-05-11
6103,Rita Tamang,JP,2021-11-30
2368,Bibek KC,NP,2024-12-01
4456,Dipesh Magar,NP,2020-03-17
4678,Kiran Shrestha,IN,2020-04-09
2976,Nisha Magar,NP,2021-07-05
5384,Rita Sharma,NP,2021-01-10
7786,Gita Tamang,NP,2020-05-01
1300,Bibek KC,US,2020-04-27
4360,Hari KC,NP,2023-07-19
3583,Anju Shrestha,NP,2022-10-26
7221,Gita Gurung,IN,2025-03-16
1898,Suman Karki,IN,2022-05-02
6684,Nisha Sharma,JP,2023-01-27
6312,Gita Magar,NP,2023-08-24
2540,Sanjay Tamang,NP,2023-09-19
299,Mina Shrestha,BR,2025-06-21
1365,Rohan Basnet,NP,2023-12-08
3510,Aarav Rai,AU,2022-11-03
8353,Maya KC,NP,2020-04-10
4048,Kiran Sharma,GB,2020-12-31
4632,Maya Shrestha,NP,2022-08-19
8632,Maya Thapa,NP,2022-01-13
2094,Anju Shrestha,NP,2024-05-20
4268,Priya Shrestha,NP,2022-03-22
10,Bibek Tamang,NP,2021-06-26
9420,Dipesh Karki,NP,2021-04-09
2183,Rita Magar,NP,2021-01-30
4594,Priya Gurung,NP,2023-07-27
7352,Sita Shrestha,JP,2022-04-03
6669,Mina Rai,NP,2022-08-02
9285,Bibek Joshi,NP,2022-11-23
1074,Priya Rai,IN,2021-04-29
9755,Suman Sharma,AU,2023-05-07
5958,Sita Magar,NP,2024-10-31
1368,Bibek Basnet,DE,2023-07-21
6041,Hari Magar,US,2021-11-23
8148,Sanjay Sharma,NP,2023-07-08
6565,Gita Thapa,NP,2022-05-24
8943,Priya Sharma,NP,2022-09-24
5013,Anju Shrestha,NP,2020-08-24
8529,Sita Karki,NP,2021-12-20
312,Priya Joshi,US,2021-09-27
3089,Sita Tamang,NP,2024-10-23
8564,Priya Tamang,US,2020-03-24
4174,Aarav KC,DE,2022-06-30
1785,Priya Tamang,US,2021-01-25
8136,Rohan Basnet,DE,2021-06-15
3174,Aarav Gurung,NP,2024-09-22
7152,Bibek Magar,NP,2025-05-08
8812,Priya Thapa,NP,2022-02-02
3600,Anju Basnet,NP,2024-10-04
903,Nisha Sharma,GB,2024-05-13
253,Anju Joshi,NP,2022-03-10
8135,Nisha Joshi,NP,2024-06-22
261,Aarav Karki,US,2022-01-04
1760,Sita KC,DE,2022-05-11
2401,Suman Tamang,NP,2022-09-28
3964,Aarav Joshi,NP,2023-01-02
1514,Bibek Karki,IN,2024-02-23
1754,Sita Adhikari,NP,2022-08-20
8325,Maya Basnet,NP,2025-02-17
7973,Hari Tamang,NP,2023-11-05
3940,Hari Magar,NP,2025-01-20
6419,Anju Joshi,NP,2022-11-27
1671,Rohan Gurung,NP,2023-12-10
3455,Priya Rai,NP,2023-12-30
3694,Anju Karki,NP,2020-03-05
3944,Rohan Adhikari,NP,2024-07-21
259,Suman Adhikari,NP,2022-04-09
5650,Aarav Shrestha,NP,2021-12-10
8096,Kiran Joshi,IN,2024-04-10
8092,Rita Joshi,NP,2023-12-05
6908,Rita Rai,NP,2022-07-20
9030,Hari Basnet,NP,2025-03-12
3377,Gita Magar,NP,2021-07-18
2616,Suman Joshi,NP,2020-04-20
3099,Aarav Adhikari,NP,2020-01-20
3559,Bibek Gurung,IN,2022-08-10
9524,Maya Thapa,AU,2021-06-05
3162,Sanjay Gurung,NP,2023-08-29
718,Aarav Joshi,AU,2024-06-18
1697,Suman Sharma,JP,2020-05-25
344,Mina Karki,NP,2020-08-18
1550,Anju Karki,IN,2022-01-03
2546,Bibek Basnet,NP,2024-10-23
7992,Kiran Tamang,NP,2021-05-18
5629,Dipesh Thapa,IN,2022-07-20
1051,Kiran Joshi,NP,2024-02-08
4486,Kiran Thapa,IN,2021-05-26
2259,Maya Shrestha,AU,2020-11-15
3266,Sita KC,NP,2021-06-07
82,Kiran Tamang,US,2020-05-01
9828,Suman Sharma,NP,2021-09-16
1273,Mina Karki,NP,2023-09-12
1786,Nisha Basnet,NP,2020-09-17
1347,Rita Karki,NP,2023-11-08
5627,Anju Sharma,NP,2020-11-26
927,Aarav Shrestha,US,2023-03-24
990,Mina Thapa,NP,2022-02-15
5377,Rita Shrestha,NP,2021-02-01
5288,Aarav Shrestha,JP,2021-11-02
7434,Hari Thapa,NP,2020-12-03
2662,Sanjay Shrestha,NP,2023-01-19
8393,Dipesh Thapa,IN,2022-03-02
6523,Rita Tamang,BR,2020-12-16
7576,Sita Joshi,NP,2023-03-28
2119,Gita Basnet,NP,2021-10-13
7716,Gita Tamang,NP,2021-05-13
8364,Rita Joshi,NP,2020-08-05
6763,Dipesh Magar,JP,2020-05-26
2958,Sanjay Thapa,NP,2024-03-30
8243,Mina Joshi,NP,2024-05-18
5269,Nisha Gurung,GB,2021-03-24
8700,Anju Sharma,NP,2020-12-30
5837,Bibek Rai,NP,2020-07-23
3821,Kiran Gurung,BR,2021-01-12
2997,Nisha Adhikari,AU,2020-05-03
60,Rita Karki,NP,2020-03-05
4770,Bibek Gurung,NP,2022-06-06
9003,Dipesh Magar,NP,2024-08-01
6342,Suman Gurung,NP,2024-07-24
367,Anju KC,NP,2021-03-07
7100,Aarav Rai,NP,2021-10-06
4899,Rita KC,NP,2022-07-16
694,Rita Gurung,NP,2025-04-03
8143,Anju Rai,NP,2024-08-12
158,Maya Karki,JP,2023-10-18
162,Kiran KC,BR,2022-09-19
6960,Gita Thapa,DE,2024-03-01
8224,Hari Joshi,NP,2024-03-24
4527,Bibek Rai,AU,2021-12-04
9546,Aarav Magar,NP,2022-09-20
4378,Anju Rai,IN,2024-05-20
1454,Hari Sharma,AU,2022-07-24
8080,Nisha Shrestha,IN,2021-06-21
107,Rita Thapa,JP,2025-02-21
1317,Sita Adhikari,NP,2024-06-13
1579,Mina Magar,IN,2022-10-30
3605,Aarav Karki,DE,2021-03-01
4169,Mina Joshi,AU,2021-02-06
5724,Rita Karki,US,2021-06-17
8844,Aarav Basnet,JP,2022-05-25
6760,Priya Tamang,NP,2025-03-19
97,Rohan Rai,BR,2021-04-26
38,Maya Karki,NP,2023-08-26
5548,Maya Magar,NP,2022-05-15
9566,Mina Gurung,IN,2023-12-02
6574,Sita Joshi,IN,2020-05-16
1044,Aarav Tamang,NP,2022-07-26
2719,Maya Karki,NP,2023-09-25
3144,Rohan Thapa,NP,2021-02-07
724,Mina Magar,AU,2020-08-20
5901,Rita Shrestha,NP,2023-12-10
129,Dipesh Sharma,NP,2020-02-20
8804,Maya Karki,NP,2024-04-14
7462,Sanjay Rai,NP,2024-05-06
698,Anju Shrestha,NP,2021-10-07
1558,Sita Gurung,NP,2022-07-14
8969,Kiran Sharma,DE,2022-09-19
5397,Gita Joshi,JP,2021-04-19
9505,Anju Gurung,NP,2020-05-21
5986,Nisha Rai,NP,2021-11-22
4238,Gita Karki,NP,2020-08-04
1379,Sita Karki,NP,2022-04-18
7987,Hari Basnet,NP,2020-04-04
1052,Anju Magar,AU,2024-11-25
1018,Dipesh Rai,NP,2024-03-25
7303,Suman Tamang,JP,2025-05-25
5862,Nisha Joshi,NP,2025-02-08
1615,Sita Thapa,NP,2022-05-23
4967,Anju Karki,NP,2023-01-22
6765,Aarav Basnet,JP,2021-10-01
5430,Maya Basnet,NP,2025-01-13
7678,Nisha Gurung,NP,2020-07-15
1993,Sanjay Karki,NP,2021-09-05
4033,Priya Adhikari,NP,2022-12-01
1134,Anju Thapa,NP,2020-06-08
1501,Mina Tamang,NP,2023-11-13
5240,Maya Karki,US,2022-04-20
3337,Mina Basnet,US,2022-05-27
1036,Rita Gurung,NP,2021-07-14
3867,Priya Adhikari,NP,2024-06-12
4095,Aarav Shrestha,US,2024-05-15
8988,Maya Adhikari,NP,2022-04-28
5756,Dipesh Gurung,NP,2024-01-07
8773,Hari Magar,NP,2020-06-08
1242,Sanjay Joshi,US,2023-08-15
9683,Dipesh Sharma,NP,2021-05-04
1680,Aarav Adhikari,NP,2024-09-14
4920,Bibek Gurung,NP,2023-12-04
5160,Anju Adhikari,GB,2024-05-12
43,Aarav Gurung,IN,2021-10-30
991,Dipesh Shrestha,NP,2022-02-12
3385,Anju Sharma,AU,2021-08-19
5484,Bibek Tamang,JP,2023-10-27
3974,Gita Joshi,NP,2024-07-04
1607,Maya Tamang,NP,2022-10-31
3381,Dipesh Thapa,NP,2021-09-04
6887,Rita Sharma,IN,2020-10-09
953,Sanjay Adhikari,NP,2020-03-12
3742,Bibek KC,IN,2025-01-06
287,Dipesh Rai,NP,2022-12-11
1685,Sanjay Rai,NP,2024-12-30
2161,Gita Shrestha,NP,2023-03-23
2733,Kiran Joshi,IN,2020-04-29
2532,Rohan Adhikari,NP,2020-09-07
1665,Mina Karki,US,2025-03-31
8129,Aarav Magar,NP,2022-09-15
7729,Rita KC,IN,2024-03-02
9361,Rita Basnet,NP,2024-01-01
8209,Mina Joshi,NP,2023-06-13
5461,Dipesh Magar,IN,2023-01-12
1963,Hari Sharma,NP,2021-08-11
5955,Bibek Basnet,NP,2024-02-10
9426,Sanjay Tamang,NP,2024-02-07
2856,Bibek Joshi,NP,2021-06-20
4508,Suman Basnet,DE,2022-10-25
1959,Rohan Gurung,NP,2020-03-27
4478,Suman Tamang,JP,2025-06-09
1851,Bibek Thapa,NP,2025-02-17
1613,Sanjay Thapa,NP,2024-07-05
3610,Bibek Gurung,NP,2020-08-13
9279,Anju Magar,GB,2022-11-29
2745,Anju Karki,AU,2022-06-26
2741,Rohan Shrestha,NP,2024-03-04
6695,Aarav Karki,BR,2020-03-12
9732,Priya Shrestha,NP,2021-02-24
436,Nisha Karki,NP,2024-05-17
9650,Rita Tamang,BR,2025-06-07
9839,Nisha Tamang,US,2024-04-03
7609,Kiran Shrestha,BR,2025-02-15
4359,Dipesh Adhikari,NP,2023-12-16
3039,Maya Tamang,NP,2025-02-01
8811,Sanjay Gurung,NP,2023-10-20
9811,Aarav Joshi,NP,2021-05-10
9354,Rita Basnet,NP,2022-02-07
1525,Kiran Karki,NP,2021-06-11
6156,Maya Basnet,IN,2023-07-14
9405,Sita KC,NP,2022-03-02
5889,Dipesh Rai,NP,2023-05-14
2496,Dipesh Adhikari,NP,2022-04-13
2451,Aarav Karki,NP,2024-11-23
3210,Gita Rai,NP,2020-05-28
2978,Sanjay KC,NP,2020-11-01
4446,Hari Sharma,NP,2022-09-01
8619,Aarav Thapa,US,2023-09-17
6804,Rohan Shrestha,NP,2020-12-09
2290,Gita Shrestha,IN,2024-12-11
8864,Nisha Sharma,AU,2022-11-03
5546,Anju Adhikari,AU,2021-07-24
1839,Kiran Gurung,US,2024-10-03
4696,Maya KC,JP,2021-06-15
7884,Mina Adhikari,NP,2024-10-30
3372,Rita Thapa,NP,2025-05-07
5623,Suman Adhikari,NP,2024-12-20
9952,Nisha Basnet,BR,2023-01-22
2916,Maya Magar,JP,2022-12-11
5905,Nisha Joshi,NP,2022-10-20
4526,Dipesh Joshi,NP,2022-04-12
9522,Aarav Tamang,GB,2021-09-19
3497,Anju Adhikari,NP,2024-07-24
7919,Kiran Gurung,NP,2024-11-07
7449,Sita Joshi,BR,2020-06-21
3240,Mina Tamang,NP,2025-02-19
1947,Mina Magar,NP,2024-08-30
5780,Rohan Thapa,NP,2020-04-29
4362,Sanjay Gurung,DE,2020-04-26
1885,Sita Rai,NP,2021-09-22
9118,Bibek Adhikari,NP,2022-06-27
9976,Aarav Rai,DE,2021-05-07
5841,Gita Gurung,NP,2022-01-12
6732,Nisha Sharma,NP,2022-09-23
262,Sita KC,NP,2022-08-11
1688,Rita KC,US,2023-01-24
9873,Mina Karki,AU,2021-08-25
1968,Kiran KC,JP,2025-04-22
3072,Mina Joshi,NP,2020-05-22
3914,Rohan Magar,NP,2020-08-13
4491,Anju Karki,NP,2024-09-28
5071,Maya Sharma,BR,2023-07-25
4910,Aarav Basnet,NP,2020-07-09
565,Kiran Sharma,IN,2023-05-14
1855,Rohan Gurung,NP,2024-01-18
9901,Sita Rai,IN,2025-02-10
5810,Nisha Shrestha,NP,2021-04-15
5738,Dipesh KC,NP,2025-06-14
2650,Suman Basnet,NP,2020-03-25
9971,Suman Joshi,NP,2024-04-08
5001,Anju Basnet,IN,2023-07-10
9268,Priya KC,NP,2024-07-29
9933,Rita Magar,GB,2023-02-03
6782,Anju Shrestha,NP,2023-01-03
2499,Nisha Joshi,NP,2021-07-29
1169,Mina Magar,JP,2025-06-28
8741,Sita Thapa,DE,2022-01-03
8467,Sita KC,NP,2023-11-28
2393,Gita Tamang,AU,2025-02-06
2735,Hari Rai,AU,2025-04-29
7290,Nisha Sharma,DE,2023-03-18
2209,Gita Rai,US,2021-10-14
5349,Maya Gurung,IN,2022-01-29
9501,Aarav Shrestha,US,2022-01-17
4557,Aarav Sharma,JP,2021-08-27
3861,Aarav Gurung,DE,2020-05-12
951,Hari Sharma,US,2022-04-11
1737,Rita Gurung,NP,2023-08-13
2123,Gita Karki,NP,2025-04-17
9711,Anju KC,NP,2022-12-21
4483,Gita Magar,GB,2020-02-12
6481,Aarav Rai,NP,2025-03-13
2468,Rita KC,NP,2021-01-15
1601,Rohan Adhikari,NP,2021-03-29
4931,Nisha Magar,NP,2022-04-03
4127,Dipesh Karki,NP,2020-10-20
3265,Suman Shrestha,DE,2024-06-09
6286,Mina KC,JP,2022-04-30
8095,Maya Gurung,NP,2021-05-28
7696,Priya Shrestha,NP,2020-03-16
5411,Aarav Adhikari,US,2022-05-08
5968,Priya Adhikari,JP,2022-11-06
1585,Nisha Sharma,NP,2020-12-10
8966,Hari Karki,NP,2021-11-09
2794,Mina Tamang,NP,2022-01-02
9842,Aarav Joshi,NP,2021-01-10
7590,Aarav Karki,NP,2020-04-29
6442,Gita Basnet,NP,2021-03-04
9935,Priya Magar,NP,2021-07-06
8763,Dipesh Karki,JP,2025-01-04
2884,Anju Sharma,NP,2023-12-21
2783,Gita Tamang,IN,2023-11-06
567,Anju Joshi,GB,2025-06-09
6728,Anju Rai,NP,2021-12-12
5757,Dipesh Adhikari,NP,2024-09-27
3220,Anju Thapa,NP,2020-12-12
6047,Bibek Sharma,NP,2025-03-11
9494,Priya Tamang,NP,2023-05-12
2897,Anju Karki,NP,2021-07-27
6805,Kiran Magar,NP,2020-10-27
2739,Anju Joshi,NP,2021-02-13
7554,Dipesh Thapa,NP,2021-04-27
4367,Kiran Sharma,JP,2020-05-11
1371,Maya Magar,NP,2020-09-15
4655,Aarav Karki,NP,2020-04-07
2478,Maya Thapa,NP,2023-02-03
124,Aarav KC,NP,2022-01-21
5605,Rohan Joshi,JP,2020-11-07
5229,Dipesh Adhikari,NP,2022-02-13
2425,Kiran Joshi,IN,2021-08-05
5056,Rohan Rai,JP,2023-06-20
8958,Sita Adhikari,NP,2022-02-15
5537,Aarav Rai,NP,2021-07-10
4600,Kiran Sharma,NP,2020-09-08
8998,Aarav Thapa,NP,2022-02-25
6127,Rohan Gurung,NP,2024-03-27
4186,Kiran KC,IN,2023-08-26
8319,Rohan Adhikari,US,2021-11-19
8329,Rita Karki,NP,2023-10-21
2947,Mina Rai,JP,2023-09-19
4806,Maya Adhikari,NP,2022-07-24
4356,Bibek Gurung,NP,2020-07-18
8592,Gita KC,JP,2022-01-11
8479,Anju Tamang,BR,2021-05-08
527,Bibek Gurung,IN,2023-01-10
5534,Maya Karki,NP,2024-09-12
8951,Maya Rai,NP,2022-02-17
7613,Sita Karki,NP,2024-06-06
2376,Rita Tamang,BR,2022-11-09
1480,Aarav Joshi,NP,2021-10-26
9109,Anju KC,IN,2021-02-24
6762,Gita Shrestha,NP,2022-09-09
5607,Sanjay Magar,DE,2023-12-03
4977,Sita Gurung,NP,2024-05-14
9269,Hari Rai,NP,2020-06-11
1990,Sita KC,BR,2021-09-26
1635,Bibek Rai,AU,2025-06-22
4595,Kiran Adhikari,GB,2024-08-11
406,Kiran Basnet,NP,2024-07-26
9129,Sanjay Magar,US,2024-04-03
4586,Aarav Joshi,NP,2025-05-17
5511,Rita Joshi,NP,2024-01-16
7579,Dipesh Gurung,NP,2023-11-12
2652,Rita Joshi,GB,2020-06-26
8993,Anju Rai,NP,2024-08-14
9434,Mina Thapa,NP,2022-08-18
6122,Suman Adhikari,BR,2024-11-19
3288,Maya Sharma,NP,2025-03-09
7490,Gita Joshi,NP,2022-09-08
7773,Priya Shrestha,NP,2023-01-19
3881,Aarav Adhikari,NP,2021-10-03
8315,Rita Sharma,NP,2023-02-17
2625,Sita Rai,NP,2025-01-02
1563,Maya Sharma,NP,2024-12-20
236,Gita Magar,US,2024-01-28
1023,Sita Basnet,US,2023-04-22
8666,Anju KC,NP,2021-05-22
4075,Rita Basnet,IN,2024-09-29
7399,Bibek Sharma,NP,2021-02-10
1587,Rita Sharma,NP,2021-02-18
1643,Sanjay Adhikari,NP,2024-10-15
7033,Mina Tamang,US,2022-12-03
3782,Nisha Joshi,NP,2024-01-10
8880,Sita Gurung,NP,2025-01-02
9866,Rita Adhikari,AU,2023-08-24
126,Gita Rai,NP,2021-08-04
2444,Rohan Tamang,NP,2024-10-08
5305,Rohan KC,NP,2025-06-16
2485,Sanjay Sharma,NP,2024-09-05
8764,Dipesh Adhikari,NP,2024-06-01
9076,Bibek KC,NP,2023-01-15
3355,Bibek Magar,NP,2023-11-06
6200,Sanjay Shrestha,NP,2024-08-29
7265,Dipesh Tamang,NP,2022-07-20
348,Nisha Thapa,NP,2024-10-26
6904,Rohan Basnet,US,2025-04-13
3737,Kiran Rai,NP,2021-05-29
883,Maya Joshi,NP,2021-05-17
4430,Anju Sharma,DE,2022-05-15
1193,Maya Karki,NP,2022-04-30
3925,Suman Shrestha,NP,2022-12-20
5832,Rohan Rai,NP,2021-08-12
91,Bibek Basnet,IN,2020-09-20
9460,Rohan Basnet,NP,2025-03-01
5475,Dipesh Magar,IN,2024-09-04
7883,Hari Thapa,IN,2022-04-21
648,Kiran Sharma,BR,2025-06-13
3708,Dipesh Karki,NP,2022-09-04
5532,Maya Adhikari,NP,2022-07-04
5704,Bibek Thapa,IN,2023-07-30
3735,Suman Rai,NP,2020-07-24
3983,Anju Thapa,NP,2022-04-12
2310,Maya Gurung,NP,2020-02-04
7057,Priya Joshi,JP,2022-10-08
4966,Hari Karki,NP,2025-04-17
9418,Kiran Shrestha,NP,2022-05-07
432,Gita Joshi,US,2023-08-23
9775,Rohan Thapa,JP,2023-05-26
8482,Bibek Tamang,NP,2024-03-18
7642,Dipesh Sharma,BR,2022-01-26
2157,Aarav Joshi,NP,2024-07-18
6773,Anju Thapa,NP,2021-12-31
4711,Anju Shrestha,NP,2024-09-08
9401,Dipesh Adhikari,NP,2022-11-21
7328,Aarav Rai,NP,2025-03-06
6777,Rita Rai,NP,2020-01-29
9588,Priya Sharma,IN,2024-03-29
5678,Hari Magar,IN,2024-11-24
443,Dipesh Tamang,IN,2023-02-20
1182,Sanjay Tamang,NP,2024-02-08
3714,Sanjay Sharma,DE,2023-12-10
8603,Dipesh Basnet,NP,2025-03-01
9186,Sita Rai,NP,2023-12-15
4006,Anju Karki,NP,2021-02-21
1910,Hari Rai,NP,2023-06-07
2105,Rita Karki,NP,2020-11-04
4701,Rita Rai,NP,2022-10-29
6265,Bibek Adhikari,IN,2024-11-17
5005,Kiran Adhikari,NP,2020-09-17
6868,Gita Basnet,NP,2021-02-25
9510,Mina KC,NP,2024-11-22
9017,Rita Tamang,NP,2020-05-03
4618,Sanjay Karki,NP,2022-01-21
7236,Kiran Thapa,US,2021-09-01
2491,Suman Tamang,US,2024-05-30
3986,Suman KC,IN,2025-06-23
5999,Nisha Gurung,NP,2020-06-02
5022,Maya Joshi,NP,2021-04-22
9314,Anju Gurung,NP,2020-03-14
4487,Sita Rai,NP,2021-12-11
7785,Kiran Adhikari,NP,2024-11-05
3323,Aarav Thapa,NP,2022-02-18
3494,Kiran Shrestha,NP,2020-04-21
8911,Bibek Basnet,US,2024-09-01
7488,Rita Gurung,IN,2021-02-20
7903,Dipesh Adhikari,NP,2024-01-06
6191,Rita Gurung,NP,2020-06-09
3468,Aarav Karki,NP,2021-03-23
8554,Sita Gurung,NP,2021-11-26
5182,Anju KC,NP,2022-05-10
5527,Sanjay Joshi,NP,2020-07-04
6720,Maya Tamang,BR,2023-10-05
9914,Rita Rai,NP,2024-11-01
9520,Anju Shrestha,AU,2020-06-14
1362,Nisha Basnet,NP,2025-06-05
4692,Sanjay Magar,DE,2025-01-25
8999,Anju Rai,NP,2023-10-02
4828,Anju Joshi,NP,2024-03-11
8665,Maya Sharma,NP,2020-07-05
8906,Rohan KC,NP,2024-09-20
7443,Rita KC,NP,2024-02-04
7949,Maya Gurung,DE,2020-10-08
2826,Bibek Tamang,JP,2023-08-14
9304,Mina Joshi,NP,2022-07-24
2091,Maya KC,JP,2021-04-03
6087,Sanjay Adhikari,NP,2020-03-12
3523,Maya KC,IN,2020-04-04
431,Priya Rai,JP,2021-01-20
2461,Bibek Gurung,BR,2023-09-15
4667,Suman Joshi,IN,2021-11-07
4867,Mina Rai,NP,2023-08-17
3464,Hari Basnet,DE,2021-04-07
5717,Rita Adhikari,NP,2020-07-09
674,Dipesh Adhikari,BR,2023-04-05
6107,Maya Sharma,NP,2025-05-17
3926,Gita Magar,NP,2021-05-25
9742,Priya Joshi,BR,2021-02-25
4922,Dipesh Rai,NP,2022-11-14
325,Anju Thapa,IN,2024-02-26
4143,Mina Rai,DE,2024-05-29
6484,Bibek Joshi,NP,2024-10-28
8542,Rohan Gurung,NP,2023-06-28
7581,Maya Basnet,JP,2025-03-27
9787,Rita Rai,NP,2022-03-21
5624,Anju Sharma,NP,2021-11-04
3501,Hari Rai,NP,2022-03-19
6900,Rita Basnet,US,2023-08-08
6947,Anju Sharma,JP,2021-01-21
9019,Gita Magar,JP,2021-12-18
9644,Kiran Karki,NP,2022-12-23
3564,Rita Sharma,US,2020-02-02
4380,Sanjay Shrestha,NP,2022-03-31
9178,Aarav Magar,NP,2023-01-24
5612,Maya Basnet,NP,2020-01-24
9517,Rita Basnet,NP,2022-03-10
2505,Anju KC,JP,2020-04-24
9287,Aarav Sharma,DE,2024-07-28
861,Suman Thapa,IN,2022-11-30
8739,Rohan KC,US,2022-01-07
6949,Sita KC,AU,2024-08-01
9081,Gita Gurung,NP,2024-02-01
3754,Hari Sharma,NP,2022-01-02
1616,Gita Adhikari,NP,2022-03-28
7592,Sita Adhikari,NP,2022-07-08
3961,Kiran Gurung,IN,2024-02-02
2743,Suman Basnet,NP,2024-12-19
2030,Rohan Shrestha,IN,2021-08-19
2730,Gita Gurung,IN,2021-11-22
2808,Aarav Sharma,NP,2021-04-12
7798,Dipesh Shrestha,DE,2021-11-15
8783,Gita Rai,DE,2022-02-25
7667,Bibek KC,JP,2024-07-07
3868,Suman Basnet,JP,2021-08-05
4913,Gita Rai,NP,2023-07-06
8996,Dipesh Thapa,GB,2024-01-20
9167,Bibek Sharma,NP,2024-01-10
2136,Suman Shrestha,NP,2021-11-21
1235,Hari Joshi,NP,2023-03-31
4753,Maya Joshi,US,2023-06-20
1309,Rohan Thapa,NP,2023-04-08
9706,Aarav Karki,NP,2023-01-05
8888,Sita Sharma,AU,2021-01-08
7230,Gita Tamang,JP,2023-04-26
3311,Maya Gurung,NP,2024-02-26
1653,Maya Tamang,NP,2020-10-20
9463,Sanjay Adhikari,US,2025-01-12
3105,Maya Shrestha,NP,2020-05-02
6263,Anju Shrestha,GB,2022-04-30
8186,Anju Magar,GB,2022-10-24
6548,Sanjay Rai,NP,2021-06-02
4007,Sanjay Basnet,AU,2020-07-10
1504,Maya Joshi,NP,2020-07-30
1930,Mina Magar,NP,2020-05-01
6678,Hari Rai,NP,2023-12-02
7126,Suman Gurung,BR,2020-07-18
4018,Priya Shrestha,DE,2020-04-17
5864,Rita Thapa,NP,2021-08-12
8976,Suman Tamang,NP,2020-12-08
524,Gita Rai,NP,2023-12-10
7099,Suman KC,IN,2020-09-04
328,Aarav Adhikari,NP,2025-05-13
2779,Mina Adhikari,NP,2020-10-16
9666,Rohan Adhikari,NP,2020-02-19
8314,Gita Sharma,JP,2022-06-07
4221,Hari Joshi,AU,2022-06-13
6738,Rohan Gurung,NP,2021-09-23
6899,Priya Magar,NP,2023-03-31
4778,Bibek Rai,NP,2025-01-02
3975,Bibek Adhikari,NP,2021-01-16
6097,Bibek Rai,NP,2021-03-31
7228,Aarav KC,NP,2020-11-05
9754,Kiran Joshi,IN,2024-12-19
6326,Sanjay Basnet,NP,2025-03-21
2147,Priya KC,US,2023-11-23
6742,Mina Magar,NP,2020-03-08
493,Suman Tamang,NP,2024-11-26
6705,Anju KC,NP,2020-06-07
9330,Hari Thapa,NP,2023-02-04
6641,Nisha Gurung,JP,2020-12-05
9763,Sita Gurung,DE,2022-07-24
8681,Bibek Adhikari,GB,2021-02-12
7077,Sanjay Karki,NP,2025-03-27
3698,Priya Magar,NP,2020-12-07
1791,Sita Magar,NP,2022-02-18
7778,Gita Basnet,DE,2020-05-20
2561,Priya Tamang,NP,2025-03-18
6043,Sita Thapa,US,2023-09-04
1047,Bibek Gurung,NP,2023-01-09
4272,Sanjay Gurung,NP,2022-10-25
9348,Gita Thapa,NP,2020-11-20
9226,Aarav KC,JP,2023-01-27
6882,Maya KC,JP,2022-06-20
7040,Kiran Tamang,DE,2020-05-07
4717,Rohan Joshi,NP,2021-01-28
9424,Sanjay Adhikari,IN,2022-01-12
3017,Dipesh Magar,US,2021-06-13
2413,Anju Gurung,NP,2023-01-27
663,Sita KC,NP,2025-04-12
6150,Bibek Tamang,NP,2025-06-01
4312,Gita Joshi,NP,2020-07-24
1795,Bibek Joshi,NP,2022-05-18
5818,Kiran Magar,US,2022-02-03
5245,Aarav Basnet,NP,2024-04-20
445,Kiran Joshi,BR,2025-05-26
1631,Hari Thapa,NP,2023-11-30
7914,Mina Karki,NP,2021-12-03
2239,Suman KC,US,2024-09-07
7252,Dipesh KC,NP,2020-03-27
7295,Gita Tamang,GB,2024-12-16
1364,Kiran Adhikari,AU,2024-02-28
5267,Suman Sharma,BR,2022-01-16
709,Anju Gurung,NP,2023-11-19
5583,Suman Gurung,NP,2024-12-06
1964,Rohan Tamang,NP,2023-08-22
7760,Gita Thapa,IN,2021-05-20
637,Kiran Karki,NP,2020-06-03
4289,Aarav Gurung,NP,2024-01-24
6464,Rita Thapa,NP,2025-01-02
5164,Rita Thapa,NP,2020-07-13
5599,Priya Shrestha,NP,2025-01-16
1440,Suman Karki,GB,2025-05-31
748,Maya Adhikari,US,2025-02-26
7672,Maya Magar,US,2023-12-19
7047,Mina Rai,NP,2020-09-27
4315,Mina Shrestha,JP,2020-07-04
4227,Kiran Rai,NP,2020-12-25
8621,Hari Gurung,NP,2024-05-27
7110,Dipesh KC,NP,2023-07-09
3384,Aarav Basnet,DE,2023-07-21
7068,Mina Sharma,GB,2023-06-03
2538,Bibek Adhikari,NP,2022-07-24
7217,Priya Sharma,DE,2021-12-20
681,Nisha Karki,NP,2024-06-04
4681,Rita Tamang,NP,2020-02-13
6351,Sita Joshi,IN,2022-04-12
3358,Dipesh Tamang,NP,2023-10-08
8373,Kiran Thapa,AU,2023-01-04
8257,Sita Rai,NP,2023-04-23
8754,Kiran KC,IN,2024-01-13
6593,Kiran Karki,US,2023-03-17
2102,Priya Shrestha,NP,2024-11-14
9614,Hari Karki,DE,2022-04-03
9765,Priya Adhikari,NP,2025-06-16
9246,Aarav Shrestha,NP,2025-04-26
9417,Sita Joshi,NP,2022-10-07
3219,Gita Sharma,JP,2023-01-28
2069,Aarav Karki,NP,2024-07-22
1390,Sanjay Magar,NP,2021-01-16
1133,Anju Sharma,NP,2021-04-11
4877,Gita Shrestha,JP,2024-02-19
4277,Bibek Sharma,NP,2020-06-17
7177,Mina KC,NP,2022-11-10
3588,Hari KC,NP,2024-03-12
4497,Bibek Joshi,BR,2022-06-05
3244,Rita Gurung,GB,2021-06-16
8670,Kiran KC,GB,2021-03-11
6563,Dipesh Tamang,AU,2021-08-28
3364,Sita KC,NP,2020-07-22
7149,Rita Shrestha,NP,2024-12-24
8279,Maya KC,US,2024-05-17
8891,Anju Sharma,NP,2024-03-20
3042,Rohan Basnet,JP,2025-03-23
6077,Suman Magar,BR,2024-12-09
1116,Mina Joshi,NP,2023-11-22
3577,Rohan Basnet,NP,2020-02-01
4716,Maya Gurung,NP,2023-01-23
6431,Maya Gurung,US,2024-03-30
1522,Rita Sharma,BR,2023-07-03
1949,Mina Karki,AU,2021-06-14
5751,Nisha Tamang,NP,2020-04-03
3960,Anju Joshi,JP,2024-12-25
999,Aarav Thapa,JP,2024-12-21
9620,Rita Karki,IN,2025-06-16
3312,Kiran Thapa,NP,2021-06-03
8807,Maya Rai,NP,2020-08-26
7816,Sanjay Tamang,IN,2024-03-23
2640,Maya Sharma,IN,2021-03-17
1029,Gita Joshi,NP,2025-03-31
3793,Rita Shrestha,JP,2025-05-16
3115,Maya Thapa,IN,2021-01-08
1692,Rita Magar,NP,2021-10-12
7191,Hari KC,NP,2021-10-26
305,Dipesh Rai,NP,2022-10-23
1196,Hari Karki,NP,2022-05-30
1944,Dipesh Sharma,IN,2021-08-26
7720,Anju KC,NP,2025-06-03
7420,Gita Magar,NP,2023-06-15
8511,Anju Thapa,NP,2025-02-13
5925,Anju Karki,NP,2021-10-11
5195,Rohan KC,NP,2024-06-28
2283,Aarav Rai,BR,2020-02-23
6621,Nisha Thapa,US,2025-02-27
984,Nisha Karki,NP,2023-09-24
2892,Anju Karki,DE,2024-06-16
272,Hari Tamang,NP,2021-09-30
2624,Gita Sharma,NP,2023-09-18
9479,Anju Magar,BR,2022-04-20
5178,Hari Magar,NP,2020-02-22
6067,Nisha Thapa,DE,2023-01-29
2504,Aarav Thapa,BR,2020-08-27
6347,Bibek Karki,NP,2022-05-12
1704,Mina Joshi,DE,2021-04-24
5991,Priya Karki,NP,2020-08-15
9577,Hari Thapa,NP,2023-05-24
7107,Rita Magar,NP,2022-02-18
9673,Rita Basnet,US,2023-04-05
3350,Dipesh Thapa,IN,2021-10-01
533,Bibek Rai,AU,2023-03-02
7277,Maya Rai,NP,2024-08-19
5230,Nisha Thapa,NP,2023-03-19
288,Bibek Karki,NP,2020-12-16
9860,Aarav Adhikari,NP,2024-10-11
4072,Rohan Thapa,DE,2020-12-02
3690,Kiran Gurung,JP,2022-04-15
3539,Gita Joshi,NP,2021-03-28
2231,Sita KC,BR,2021-10-14
8053,Rita Tamang,US,2022-09-22
6604,Sita Thapa,NP,2021-12-17
8899,Priya Sharma,NP,2024-12-02
7909,Kiran Basnet,NP,2022-03-24
6991,Hari Rai,NP,2022-11-02
8760,Hari Adhikari,NP,2021-03-23
1260,Kiran Karki,NP,2025-03-28
1829,Kiran KC,US,2020-03-27
5404,Mina Karki,BR,2021-01-25
7860,Hari KC,NP,2020-11-19
4711,Anju Shrestha,NP,2023-06-07
1720,Rohan Tamang,US,2025-04-04
3256,Rohan Rai,BR,2021-07-11
9062,Kiran Magar,NP,2024-05-27
5573,Sita Thapa,JP,2022-10-26
6485,Suman Sharma,NP,2023-05-11
7555,Sanjay Sharma,US,2020-06-22
9612,Nisha Rai,NP,2022-06-21
7545,Rohan Shrestha,NP,2022-05-26
6165,Kiran Sharma,NP,2022-08-03
4,Maya Magar,NP,2021-10-20
2300,Sanjay Tamang,IN,2022-03-12
4334,Priya Karki,NP,2020-11-26
5463,Priya Basnet,AU,2023-02-07
5152,Sanjay Tamang,IN,2022-07-08
1135,Rita Karki,NP,2023-10-18
347,Bibek Joshi,AU,2020-08-27
6192,Gita Tamang,NP,2020-11-06
2013,Rita Joshi,NP,2024-01-24
7783,Sanjay Adhikari,BR,2023-10-05
1145,Nisha Sharma,GB,2020-06-01
8154,Suman Sharma,NP,2020-01-16
9769,Mina Rai,NP,2023-08-08
4686,Sanjay Sharma,AU,2021-08-01
4111,Mina Adhikari,GB,2021-05-15
4228,Hari Sharma,NP,2020-01-18
2042,Dipesh Basnet,NP,2023-01-11
4634,Priya Gurung,GB,2020-11-07
6555,Suman Thapa,NP,2022-06-20
8072,Kiran Karki,AU,2023-03-08
8642,Sanjay Tamang,NP,2024-07-29
653,Nisha Karki,DE,2023-06-11
9312,Anju Gurung,US,2021-02-27
2753,Aarav Karki,NP,2021-10-30
1769,Hari Adhikari,NP,2024-03-06
6216,Priya Basnet,NP,2021-07-01
5630,Sanjay Thapa,NP,2021-08-09
3721,Anju Shrestha,BR,2021-03-29
7844,Rita Sharma,NP,2023-06-12
7561,Suman Gurung,GB,2025-05-08
2096,Dipesh Rai,NP,2022-01-18
9999,Rita Thapa,BR,2021-03-22
9184,Dipesh Thapa,NP,2020-11-19
3474,Sanjay Karki,NP,2021-02-03
1797,Hari KC,NP,2023-11-07
6922,Suman Magar,NP,2024-09-03
715,Dipesh Sharma,US,2021-02-09
9801,Aarav Gurung,NP,2021-09-25
5465,Rita Karki,AU,2023-04-21
6883,Suman Thapa,NP,2024-09-13
5783,Gita Basnet,NP,2024-02-14
5134,Bibek Karki,NP,2022-12-16
7648,Maya Magar,DE,2022-09-19
1004,Hari KC,NP,2023-01-09
6063,Rohan Joshi,NP,2023-06-05
2432,Rita Magar,NP,2022-04-24
1024,Mina Tamang,US,2025-01-08
5272,Mina Thapa,IN,2022-03-05
2344,Gita Magar,NP,2024-07-20
8668,Gita Rai,NP,2022-10-10
8824,Aarav Sharma,NP,2020-08-24
9560,Kiran Thapa,NP,2021-08-23
5513,Suman Tamang,DE,2024-06-13
5861,Hari Gurung,BR,2023-04-02
7839,Maya Magar,NP,2021-08-27
7697,Aarav Sharma,NP,2024-01-27
3638,Gita Rai,NP,2022-04-21
8578,Mina Rai,US,2021-07-22
8784,Anju Shrestha,NP,2021-04-13
5563,Gita Shrestha,NP,2020-01-02
7541,Sita KC,NP,2024-09-06
2324,Hari Magar,JP,2022-11-19
8087,Bibek Sharma,NP,2020-01-26
1348,Sita Gurung,IN,2024-07-27
5432,Sita Shrestha,NP,2024-01-15
2655,Suman Thapa,BR,2023-12-22
5600,Anju KC,IN,2024-07-14
8487,Dipesh Tamang,NP,2021-08-12
3498,Aarav KC,IN,2022-05-24
2497,Mina Rai,NP,2021-09-24
7664,Suman Karki,BR,2025-04-21
7053,Sanjay Tamang,NP,2020-11-06
4990,Hari KC,JP,2025-01-10
4982,Priya Basnet,NP,2020-11-17
2176,Anju Tamang,JP,2020-12-03
5943,Rohan Basnet,BR,2023-06-11
6447,Priya Magar,AU,2022-02-02
2200,Sita Tamang,NP,2020-06-09
7935,Sita KC,AU,2020-10-15
6333,Sanjay KC,IN,2023-11-16
361,Sanjay Sharma,JP,2020-11-13
8065,Kiran Magar,NP,2024-05-15
1017,Priya Sharma,IN,2024-08-01
7469,Rohan Joshi,JP,2021-05-03
2847,Bibek Joshi,IN,2021-02-13
1387,Rohan Joshi,JP,2022-09-22
16,Maya Magar,NP,2025-03-26
7311,Sita Rai,NP,2022-03-31
8757,Kiran Karki,GB,2022-03-10
2174,Bibek KC,NP,2024-01-02
3635,Anju Gurung,IN,2022-06-24
2809,Mina Gurung,BR,2020-01-18
6790,Nisha Sharma,NP,2023-02-02
8302,Rita Joshi,US,2023-06-11
655,Rohan Sharma,IN,2021-11-21
8987,Sanjay KC,NP,2025-02-27
4103,Rohan Basnet,GB,2025-06-17
7702,Maya Joshi,NP,2022-04-07
1269,Sita KC,NP,2020-12-26
2020,Suman Joshi,NP,2024-07-14
9802,Maya Basnet,NP,2024-04-09
9067,Aarav Karki,NP,2022-08-25
55,Aarav Magar,IN,2021-06-29
1654,Sanjay KC,IN,2022-02-26
7952,Hari Basnet,NP,2021-05-30
6198,Maya Shrestha,US,2023-06-13
6427,Kiran Karki,NP,2022-06-18
3335,Dipesh Basnet,NP,2021-11-28
9758,Aarav Karki,NP,2023-02-24
4107,Dipesh Thapa,NP,2023-10-27
1274,Aarav Karki,GB,2023-10-26
2063,Priya Basnet,JP,2025-02-09
5315,Rita Karki,NP,2023-08-22
3615,Dipesh Magar,US,2021-11-29
2273,Bibek Sharma,NP,2023-12-08
7719,Sita Joshi,GB,2021-03-30
1672,Bibek Magar,NP,2020-12-27
5694,Sita Shrestha,NP,2024-01-16
3919,Sanjay Rai,NP,2022-01-05
1629,Aarav Karki,IN,2021-01-14
820,Gita Sharma,GB,2021-06-07
6148,Suman Tamang,NP,2024-02-21
717,Sanjay Shrestha,NP,2022-09-03
5257,Maya Rai,IN,2025-02-22
1021,Sita Thapa,NP,2020-04-07
7933,Nisha Gurung,NP,2020-12-17
7157,Anju Gurung,DE,2023-01-15
8347,Dipesh Thapa,IN,2020-06-28
5921,Kiran Magar,NP,2025-05-26
9064,Mina Tamang,NP,2025-05-18
2375,Rita Sharma,NP,2024-08-12
6723,Rita Rai,NP,2021-12-30
851,Mina KC,NP,2021-10-16
8660,Sita Thapa,US,2025-02-01
1491,Gita Thapa,NP,2024-03-07
6532,Priya Sharma,GB,2022-02-07
8038,Nisha Karki,NP,2022-04-01
8914,Rohan Karki,IN,2021-01-14
9578,Aarav Gurung,NP,2024-10-31
3199,Dipesh Basnet,NP,2023-04-03
6561,Rita Sharma,JP,2023-06-04
6884,Suman Thapa,US,2020-04-05
8458,Suman Karki,DE,2021-12-03
3950,Kiran Rai,NP,2020-09-16
8410,Maya Basnet,JP,2024-08-28
4197,Nisha KC,US,2024-05-10
6544,Nisha Adhikari,NP,2022-01-11
1946,Bibek Sharma,US,2023-12-13
2983,Aarav Sharma,US,2021-06-01
8875,Suman Basnet,NP,2024-09-22
834,Priya Basnet,IN,2024-05-16
393,Bibek Sharma,BR,2024-02-08
4840,Dipesh Rai,AU,2025-05-28
8935,Priya Basnet,US,2022-04-26
6042,Suman KC,NP,2022-11-12
2298,Sita Basnet,IN,2024-04-12
8860,Mina Basnet,NP,2023-03-13
1955,Sita KC,JP,2025-06-14
4764,Suman Magar,NP,2023-11-10
758,Nisha Adhikari,JP,2024-06-12
2379,Rita Adhikari,NP,2023-09-21
1045,Aarav Karki,BR,2021-10-29
8175,Sanjay Joshi,DE,2021-10-07
2008,Gita Adhikari,NP,2025-06-14
1173,Aarav Rai,NP,2022-10-27
8089,Maya Rai,JP,2021-12-25
332,Rita Shrestha,NP,2022-05-03
2681,Aarav Gurung,US,2022-08-30
5634,Aarav Shrestha,US,2023-07-21
9008,Kiran Shrestha,IN,2025-02-01
5587,Mina Adhikari,NP,2024-02-03
5400,Suman Basnet,NP,2023-12-22
3025,Aarav Joshi,AU,2024-06-16
7212,Anju Tamang,NP,2020-10-31
2149,Nisha Karki,GB,2024-06-05
9730,Maya Shrestha,NP,2025-04-23
9907,Rita Magar,NP,2023-08-29
7837,Hari Sharma,NP,2023-11-03
939,Sita Adhikari,NP,2021-05-22
7245,Maya Joshi,NP,2021-02-25
7979,Rohan Karki,NP,2022-02-13
5077,Hari Magar,NP,2025-03-31
5632,Anju Thapa,NP,2022-04-29
8384,Rohan Joshi,NP,2024-10-01
3050,Mina Magar,NP,2020-07-22
2131,Rita Adhikari,NP,2025-02-18
5159,Rohan Rai,AU,2024-06-07
6228,Suman Basnet,NP,2023-08-27
7415,Rita Joshi,JP,2024-01-31
4216,Rita Adhikari,NP,2022-10-05
6613,Kiran Sharma,AU,2024-11-12
548,Mina Tamang,JP,2022-12-04
1850,Gita Karki,NP,2024-08-08
779,Kiran Tamang,NP,2024-08-14
350,Dipesh Joshi,NP,2020-08-31
2115,Nisha Sharma,BR,2021-06-17
384,Nisha Rai,NP,2021-04-23
2825,Hari Gurung,DE,2020-06-11
800,Maya Karki,JP,2022-07-25
9492,Nisha Karki,NP,2024-10-10
1073,Sanjay Basnet,NP,2020-05-19
321,Priya Adhikari,NP,2022-02-02
918,Kiran KC,GB,2021-09-18
9709,Kiran Tamang,NP,2024-06-20
3130,Bibek Joshi,JP,2021-07-18
5337,Aarav Shrestha,NP,2024-11-11
4099,Hari Shrestha,NP,2020-07-24
2233,Gita Sharma,NP,2024-09-02
140,Rita Adhikari,IN,2023-04-16
1547,Bibek Joshi,IN,2022-07-21
4500,Rohan Rai,US,2025-06-27
4179,Dipesh Magar,NP,2021-09-01
3578,Bibek Basnet,AU,2020-03-28
1915,Maya Sharma,NP,2023-11-03
8893,Rita KC,NP,2023-02-02
9881,Maya Shrestha,AU,2022-10-23
7055,Gita Basnet,NP,2022-08-30
8034,Mina Tamang,NP,2020-08-02
6255,Maya Adhikari,IN,2021-04-02
9630,Anju KC,DE,2020-05-31
4513,Suman Karki,NP,2023-01-21
5620,Rohan Joshi,NP,2022-09-23
9391,Aarav Karki,GB,2021-09-20
5075,Dipesh Tamang,NP,2021-06-14
6444,Gita Adhikari,NP,2024-03-27
4574,Mina Karki,NP,2021-07-28
2749,Rita Magar,NP,2023-08-13
6256,Nisha Basnet,NP,2025-06-08
155,Bibek Tamang,NP,2022-09-03
5644,Dipesh Shrestha,IN,2023-07-28
2801,Rita Adhikari,NP,2020-12-31
7895,Dipesh Tamang,NP,2025-02-03
7282,Anju Adhikari,JP,2021-03-12
3699,Priya Thapa,US,2020-05-11
3245,Aarav Tamang,NP,2020-06-27
4457,Nisha Thapa,NP,2024-12-08
5873,Priya Thapa,US,2020-12-12
6144,Kiran Tamang,US,2023-06-10
8140,Suman Sharma,NP,2020-12-15
4121,Priya Tamang,BR,2022-09-14
4950,Sanjay Magar,NP,2021-01-16
8733,Sita Tamang,NP,2024-05-27
8774,Suman Sharma,NP,2023-04-11
7260,Maya Tamang,NP,2023-12-15
9686,Gita Sharma,NP,2021-11-25
8761,Rohan Basnet,NP,2021-04-19
1942,Rohan Tamang,NP,2020-03-24
1499,Suman KC,GB,2023-01-11
6783,Bibek Gurung,NP,2020-11-05
2241,Rohan Basnet,US,2023-05-13
1222,Maya KC,JP,2023-03-23
5522,Sanjay Magar,IN,2022-12-05
7434,Hari Thapa,NP,2024-06-13
797,Rita Sharma,NP,2021-01-02
2248,Bibek Gurung,NP,2023-11-14
6691,Gita KC,US,2020-01-15
6562,Sanjay Adhikari,NP,2025-03-01
6397,Aarav Adhikari,NP,2024-03-30
2141,Sita Thapa,NP,2023-04-25
8006,Nisha Thapa,NP,2021-04-30
2235,Nisha Sharma,BR,2025-04-28
57,Gita Gurung,NP,2020-05-11
78,Sanjay Basnet,NP,2020-05-07
6089,Kiran Thapa,NP,2023-05-25
9956,Bibek Adhikari,NP,2024-08-16
1940,Maya Sharma,NP,2020-11-22
5479,Kiran Shrestha,NP,2021-01-03
7964,Suman Magar,NP,2020-01-16
4993,Nisha Magar,DE,2020-02-27
7472,Priya Thapa,NP,2020-03-29
6681,Rohan KC,AU,2022-02-21
5553,Hari Gurung,IN,2021-11-11
7851,Rohan Joshi,NP,2020-01-21
9133,Sita Gurung,NP,2022-06-15
1624,Maya Sharma,NP,2022-06-01
3189,Maya KC,NP,2024-12-22
6288,Suman Gurung,IN,2020-08-09
4609,Rohan Adhikari,NP,2025-01-23
8307,Gita Joshi,US,2020-01-04
8403,Priya Rai,NP,2022-10-05
7047,Mina Rai,NP,2024-07-29
7245,Maya Joshi,NP,2022-11-30
1711,Rita Adhikari,DE,2024-05-22
5236,Gita Gurung,NP,2024-10-06
9225,Rohan Gurung,NP,2021-11-20
1326,Hari Joshi,US,2022-10-04
6327,Suman Tamang,NP,2023-01-20
9051,Rita Rai,IN,2021-10-28
7172,Mina Karki,NP,2023-09-11
7834,Bibek Thapa,NP,2024-02-06
3003,Rohan Karki,NP,2025-06-17
938,Mina Karki,NP,2024-10-30
3073,Dipesh Joshi,GB,2024-02-22
3241,Priya Joshi,NP,2025-06-26
7849,Gita Sharma,NP,2022-11-22
5839,Hari Gurung,JP,2022-05-14
5237,Aarav Thapa,NP,2021-10-26
7632,Mina KC,NP,2021-10-17
840,Dipesh Magar,DE,2020-05-24
5474,Bibek Gurung,NP,2020-08-09
4731,Mina Karki,NP,2025-03-04
6394,Hari Rai,GB,2023-05-22
4969,Bibek KC,NP,2021-04-05
8234,Rita Sharma,DE,2021-09-23
9122,Priya Rai,NP,2023-12-10
8455,Priya Karki,US,2022-01-22
9876,Priya Gurung,NP,2025-01-28
268,Rohan Rai,IN,2025-01-25
510,Aarav Rai,NP,2025-05-29
1696,Priya Gurung,NP,2024-02-20
7872,Kiran Thapa,NP,2023-07-22
2301,Nisha Joshi,NP,2021-05-02
7902,Aarav Rai,NP,2025-06-15
6848,Nisha Joshi,US,2020-06-23
4788,Bibek Gurung,NP,2024-09-01
9544,Aarav Sharma,JP,2020-08-29
2932,Gita Adhikari,NP,2022-10-05
1973,Hari KC,IN,2021-02-17
4482,Bibek Rai,DE,2021-06-21
4484,Suman Magar,NP,2023-06-23
772,Dipesh Shrestha,NP,2024-09-25
308,Sita Gurung,NP,2024-12-30
4371,Priya KC,NP,2023-12-10
790,Kiran Rai,US,2021-10-24
1077,Nisha Magar,NP,2022-10-28
4833,Anju Joshi,NP,2025-05-26
309,Rohan Magar,NP,2022-10-31
5611,Suman KC,JP,2022-09-25
7234,Bibek Tamang,AU,2024-06-13
7497,Aarav Tamang,NP,2025-01-15
9829,Mina Basnet,NP,2021-06-21
1022,Rohan Gurung,NP,2020-11-02
7494,Dipesh Tamang,JP,2023-07-28
881,Mina Karki,BR,2024-11-29
2710,Kiran Thapa,DE,2025-01-18
6578,Rohan KC,NP,2023-12-27
5539,Aarav Gurung,BR,2022-04-06
1809,Suman KC,GB,2023-01-16
985,Aarav Rai,NP,2020-02-15
3070,Rohan Basnet,NP,2022-05-01
9939,Gita Gurung,JP,2020-11-16
974,Rita Tamang,NP,2022-02-15
7956,Suman Joshi,GB,2024-07-10
5904,Bibek Shrestha,NP,2024-09-26
2789,Dipesh Basnet,AU,2024-06-14
656,Mina KC,NP,2022-07-21
6626,Rohan Adhikari,GB,2023-09-05
5588,Sanjay Karki,NP,2022-05-13
3507,Rohan Basnet,JP,2023-01-26
3693,Anju Rai,JP,2022-10-08
6630,Sanjay Tamang,AU,2024-05-18
4903,Priya Basnet,NP,2022-03-14
3885,Bibek Rai,NP,2021-08-07
2954,Hari Rai,NP,2022-06-13
6969,Kiran Magar,IN,2020-05-28
1451,Sita Karki,NP,2025-06-08
137,Dipesh Tamang,NP,2020-04-23
9346,Suman Tamang,NP,2022-12-02
3067,Rohan KC,IN,2022-07-04
7222,Aarav Gurung,NP,2020-05-26
4814,Priya Sharma,NP,2023-03-06
8683,Gita Sharma,US,2021-04-08
2242,Bibek Magar,NP,2023-09-10
5826,Maya Shrestha,NP,2024-03-02
3321,Bibek Magar,NP,2020-05-07
1576,Nisha Rai,AU,2021-05-12
5799,Aarav Shrestha,NP,2020-07-25
8090,Suman Tamang,IN,2024-01-09
8443,Mina KC,NP,2021-05-06
2365,Aarav Thapa,DE,2021-04-03
4129,Priya Magar,NP,2022-02-16
945,Anju Karki,NP,2024-05-04
2671,Priya Shrestha,GB,2022-03-15
2124,Rita Gurung,NP,2022-03-20
5857,Priya Tamang,NP,2024-08-17
1837,Bibek Shrestha,DE,2023-10-04
6149,Sanjay Karki,NP,2021-02-03
784,Priya Shrestha,IN,2022-09-24
6138,Nisha Adhikari,AU,2022-03-02
6873,Rohan Rai,BR,2024-01-01
2807,Anju Tamang,IN,2024-01-12
8477,Anju Tamang,NP,2020-05-23
9134,Priya Thapa,NP,2022-04-01
9387,Sita Magar,NP,2020-02-14
9491,Hari Adhikari,JP,2021-12-14
2799,Sita Adhikari,NP,2025-04-29
4565,Sanjay Gurung,NP,2023-03-17
3619,Mina Gurung,NP,2020-04-06
5369,Gita Magar,NP,2022-07-04
8026,Gita Joshi,NP,2021-11-09
1338,Sita Basnet,NP,2024-04-02
6866,Dipesh Tamang,US,2022-11-15
2732,Suman Magar,US,2024-05-12
6509,Sita Karki,NP,2022-01-21
8067,Priya Basnet,NP,2021-05-13
8341,Hari Adhikari,NP,2020-09-30
2600,Mina Tamang,NP,2025-04-05
5435,Rita Shrestha,JP,2020-11-22
781,Hari Sharma,NP,2021-11-09
176,Gita Tamang,DE,2020-09-02
3097,Hari Gurung,NP,2024-11-22
2004,Mina Gurung,NP,2023-12-28
936,Mina Shrestha,NP,2024-04-01
5847,Hari Magar,NP,2022-09-01
9298,Sita Shrestha,JP,2025-01-10
9702,Hari Gurung,IN,2021-09-18
1950,Aarav Basnet,NP,2022-07-02
2933,Nisha KC,NP,2020-12-12
6591,Bibek Karki,NP,2020-04-16
4349,Maya Joshi,NP,2020-02-24
4424,Priya Sharma,US,2025-02-06
4448,Anju Shrestha,AU,2024-01-24
8865,Rohan Sharma,NP,2024-03-25
3992,Nisha Adhikari,NP,2020-03-05
9888,Sanjay Joshi,NP,2020-03-20
5190,Rohan KC,US,2023-11-04
9260,Rohan Basnet,DE,2020-11-27
1892,Gita Magar,NP,2023-04-02
6862,Gita Karki,NP,2021-10-07
5723,Priya Magar,NP,2020-01-19
4769,Dipesh Gurung,NP,2022-05-21
3798,Rohan Adhikari,JP,2020-05-02
4814,Priya Sharma,NP,2021-08-28
1693,Sita Shrestha,NP,2022-03-21
1527,Rita Basnet,NP,2023-08-01
3281,Priya Magar,NP,2023-06-10
9813,Nisha Tamang,NP,2023-10-12
9170,Priya Shrestha,NP,2022-05-27
6269,Suman Thapa,IN,2025-05-20
8413,Rohan Adhikari,NP,2021-01-15
6247,Rohan Joshi,IN,2023-04-21
8729,Hari Thapa,NP,2024-12-04
1007,Gita Magar,IN,2020-03-07
1251,Kiran Rai,NP,2020-08-30
7574,Priya Magar,NP,2023-02-14
2263,Nisha Rai,GB,2023-04-10
7593,Sanjay Tamang,NP,2020-03-08
1929,Priya Tamang,NP,2024-11-03
9791,Rita Basnet,NP,2022-08-27
3271,Maya KC,DE,2025-02-06
6282,Aarav Gurung,NP,2022-02-06
8261,Sita Joshi,NP,2022-11-06
1013,Anju Gurung,NP,2023-10-28
8184,Suman Tamang,NP,2024-01-12
9138,Sita Shrestha,NP,2022-01-21
2422,Rohan Basnet,NP,2020-03-12
1788,Priya Tamang,GB,2024-09-20
3481,Mina Gurung,GB,2021-03-10
6473,Rohan Karki,IN,2022-04-16
1137,Rohan Shrestha,US,2022-02-25
2895,Bibek Sharma,NP,2021-05-28
1427,Gita Adhikari,NP,2022-06-03
7848,Gita Rai,US,2022-03-08
6881,Nisha Shrestha,NP,2024-08-18
7397,Maya Basnet,NP,2025-03-08
1987,Priya Basnet,DE,2024-06-08
4359,Dipesh Adhikari,NP,2022-08-23
5368,Rohan Adhikari,NP,2023-07-27
144,Nisha Sharma,NP,2022-10-15
8702,Nisha Joshi,NP,2022-02-10
6350,Nisha Shrestha,NP,2020-10-13
7617,Sanjay Shrestha,DE,2022-02-04
2006,Aarav Tamang,IN,2023-03-08
9562,Dipesh Tamang,NP,2025-04-03
6860,Dipesh Shrestha,NP,2024-08-10
1346,Sita KC,NP,2021-10-13
72,Hari KC,NP,2023-09-28
5684,Rita Joshi,NP,2021-11-21
504,Sita Adhikari,NP,2023-12-15
6399,Gita Magar,NP,2021-10-23
2383,Maya KC,NP,2024-12-10
9211,Mina Magar,JP,2020-07-10
5167,Hari Joshi,NP,2024-05-09
9857,Bibek Rai,NP,2023-02-06
8507,Bibek Magar,US,2021-11-06
2427,Gita Joshi,NP,2022-07-03
9938,Sita Joshi,NP,2024-06-05
6420,Rita Gurung,NP,2021-07-26
8221,Sita Basnet,NP,2022-07-31
1945,Dipesh Shrestha,NP,2020-12-22
9975,Sita Rai,NP,2021-11-28
9618,Dipesh Rai,NP,2023-02-14
3022,Hari Rai,NP,2021-11-27
9439,Nisha Gurung,NP,2023-06-30
77,Kiran Basnet,NP,2023-04-09
4426,Priya Rai,NP,2023-06-20
8494,Dipesh Karki,NP,2023-12-04
2303,Rohan Adhikari,US,2021-11-11
930,Mina Basnet,NP,2021-07-25
218,Aarav Basnet,NP,2024-12-02
3326,Kiran Rai,NP,2021-08-26
6296,Sita Rai,NP,2021-01-14
2218,Kiran Magar,NP,2024-04-14
2748,Priya Gurung,BR,2022-06-11
5743,Aarav Rai,GB,2020-05-24
5982,Suman Basnet,JP,2022-03-11
6248,Mina Basnet,NP,2020-11-16
4168,Bibek Basnet,NP,2023-09-18
6471,Mina Thapa,NP,2021-12-19
62,Sanjay Joshi,DE,2020-09-30
798,Aarav KC,IN,2020-07-15
1388,Gita Karki,NP,2023-08-06
9684,Suman KC,NP,2023-11-08
6911,Dipesh Adhikari,DE,2022-03-01
8098,Nisha Tamang,NP,2025-04-04
4989,Bibek Gurung,NP,2023-03-16
8244,Priya Karki,NP,2025-01-19
3315,Suman Gurung,JP,2023-05-11
7975,Maya Basnet,GB,2021-02-27
3508,Sanjay Shrestha,US,2021-12-14
8645,Gita Magar,NP,2022-10-17
5770,Priya Basnet,NP,2023-10-26
3917,Rohan Sharma,NP,2022-03-07
7818,Kiran Adhikari,NP,2022-08-19
145,Nisha Karki,NP,2023-08-16
2168,Sita Sharma,NP,2023-12-01
3500,Anju Rai,IN,2022-03-07
8083,Kiran Tamang,DE,2023-01-28
5942,Mina Rai,JP,2021-02-18
3438,Suman Sharma,NP,2024-03-25
5916,Rita Shrestha,NP,2022-07-09
501,Priya Sharma,NP,2022-09-21
6331,Rohan Sharma,NP,2024-04-17
6487,Aarav Adhikari,NP,2025-05-11
483,Bibek Karki,NP,2020-09-02
9231,Hari Shrestha,DE,2021-05-11
7652,Nisha Adhikari,NP,2025-01-14
1382,Sita Gurung,NP,2023-12-16
4560,Dipesh Thapa,NP,2023-11-27
8145,Dipesh Basnet,AU,2021-08-21
6207,Aarav KC,NP,2021-03-05
5693,Gita Tamang,IN,2024-11-09
5280,Dipesh Magar,IN,2021-06-11
2755,Suman KC,NP,2023-04-30
761,Nisha KC,NP,2020-07-11
5734,Suman KC,JP,2020-06-17
9752,Nisha Basnet,NP,2020-09-13
8815,Rita Sharma,NP,2020-05-14
5105,Gita Adhikari,BR,2022-01-04
2800,Mina Thapa,IN,2024-08-26
1321,Mina Basnet,NP,2021-02-09
628,Anju Gurung,NP,2024-04-23
6147,Suman KC,NP,2020-06-30
2770,Priya KC,JP,2022-02-07
7947,Rita Rai,NP,2023-03-07
8504,Kiran Joshi,NP,2024-04-22
1028,Sita Sharma,NP,2023-07-16
9115,Aarav Karki,NP,2020-03-12
3411,Anju Magar,NP,2025-01-12
3133,Gita Karki,US,2020-03-29
4150,Bibek Joshi,NP,2021-06-25
2575,Dipesh Tamang,NP,2021-04-15
1411,Rohan Tamang,IN,2022-09-11
2134,Hari KC,NP,2022-11-02
591,Maya Shrestha,NP,2024-09-03
5296,Anju Tamang,JP,2020-07-31
5493,Sanjay Thapa,NP,2020-07-19
8758,Dipesh Basnet,NP,2024-11-02
7291,Rohan Joshi,IN,2021-01-14
699,Mina Sharma,NP,2020-02-09
3622,Sanjay KC,JP,2022-11-26
5789,Rohan Sharma,NP,2025-01-07
6712,Sanjay Joshi,NP,2023-07-22
3608,Rohan Gurung,NP,2024-09-14
9235,Bibek Thapa,NP,2025-05-05
3616,Bibek Magar,US,2024-05-02
4646,Suman Magar,US,2025-04-02
4509,Priya Karki,NP,2025-05-24
636,Gita Sharma,NP,2022-03-14
9621,Anju Karki,US,2022-06-14
3818,Rita Thapa,DE,2021-09-26
6829,Anju Thapa,NP,2021-01-20
5909,Rohan Karki,DE,2022-05-29
3254,Gita Basnet,NP,2020-08-08
1016,Aarav Basnet,AU,2025-04-10
8834,Bibek Karki,NP,2022-04-03
8486,Kiran KC,AU,2021-10-30
7204,Hari Shrestha,NP,2021-11-04
4641,Kiran KC,NP,2023-09-22
319,Aarav Karki,NP,2024-12-19
2788,Mina Basnet,NP,2021-03-15
7523,Sanjay Sharma,NP,2024-10-09
5618,Nisha Adhikari,NP,2024-06-02
1446,Mina Joshi,JP,2023-03-05
6770,Bibek Magar,NP,2020-05-30
6224,Suman Sharma,AU,2023-07-03
8922,Mina Basnet,NP,2022-07-23
8808,Aarav Basnet,IN,2021-03-10
695,Maya Karki,NP,2020-11-26
1567,Sita Magar,NP,2020-12-16
5959,Kiran Rai,NP,2021-11-18
9664,Anju Basnet,NP,2022-11-22
6853,Maya Thapa,NP,2022-05-15
6639,Rohan Tamang,NP,2024-07-11
8806,Mina Magar,IN,2023-02-11
5866,Sita Adhikari,NP,2024-04-19
7322,Maya Shrestha,NP,2024-11-24
3428,Mina Karki,JP,2022-08-31
6528,Aarav Sharma,BR,2024-07-24
9601,Mina Rai,NP,2021-12-02
5393,Anju Thapa,GB,2020-11-11
1583,Anju KC,NP,2025-06-14
1167,Hari Adhikari,IN,2025-03-28
1568,Hari Tamang,NP,2022-02-04
4466,Rita Thapa,NP,2023-02-22
3201,Maya Basnet,NP,2022-01-11
250,Maya Sharma,NP,2025-06-15
3327,Hari KC,IN,2020-03-19
560,Sita Rai,US,2020-03-02
9091,Dipesh Karki,IN,2020-05-04
5526,Rohan Adhikari,IN,2021-02-08
6761,Sita Rai,IN,2022-08-20
4019,Kiran Gurung,DE,2025-03-16
6030,Sita Tamang,US,2024-07-19
5467,Rohan Rai,NP,2024-06-11
7039,Priya Karki,NP,2024-11-11
6261,Priya Shrestha,NP,2021-10-08
671,Suman Rai,JP,2021-06-07
8266,Aarav Shrestha,IN,2023-01-17
4816,Bibek Thapa,NP,2023-10-07
3127,Sita Basnet,JP,2022-06-29
3117,Rita Rai,NP,2020-10-09
9051,Rita Rai,IN,2024-03-27
9356,Gita Joshi,DE,2024-07-27
2583,Kiran Shrestha,NP,2021-05-09
9097,Suman Karki,US,2022-01-01
9038,Nisha Sharma,NP,2021-12-16
3953,Sita Adhikari,NP,2021-09-29
2503,Aarav KC,NP,2022-11-03
3473,Sanjay Karki,NP,2025-02-27
3094,Kiran Basnet,GB,2025-03-10
8939,Suman Basnet,NP,2020-01-05
837,Sita Rai,JP,2021-12-21
2514,Mina Gurung,NP,2024-06-01
770,Sanjay Thapa,BR,2020-08-19
8523,Rita Tamang,NP,2024-09-22
4302,Sanjay Rai,NP,2025-04-19
6313,Rohan Basnet,NP,2024-09-17
3864,Priya Gurung,NP,2021-07-29
5094,Anju KC,US,2023-05-10
1099,Sanjay Tamang,NP,2021-03-06
8079,Kiran Thapa,IN,2022-06-02
3160,Suman Gurung,JP,2023-08-18
1438,Nisha Magar,NP,2023-12-10
9555,Kiran Magar,DE,2023-10-04
2516,Bibek Sharma,NP,2022-01-29
4436,Bibek Joshi,NP,2024-07-30
1014,Nisha Karki,NP,2023-11-11
1591,Priya Shrestha,GB,2024-10-01
6015,Suman Magar,NP,2020-01-18
9608,Rita Rai,NP,2024-06-28
2782,Dipesh Shrestha,BR,2023-05-08
751,Nisha Magar,JP,2024-10-12
1516,Mina Magar,NP,2021-04-30
2015,Bibek Karki,US,2021-04-02
8518,Dipesh Adhikari,NP,2023-01-02
9332,Mina Tamang,NP,2024-09-30
9688,Bibek Sharma,NP,2021-06-13
8381,Kiran Tamang,NP,2024-03-10
3887,Rita Shrestha,NP,2023-09-08
116,Hari Gurung,AU,2022-11-07
2237,Anju Karki,BR,2024-07-27
6533,Anju Karki,NP,2023-05-28
5222,Sanjay KC,NP,2022-11-04
9250,Maya Karki,NP,2022-07-10
1844,Sanjay Tamang,NP,2021-08-21
7358,Hari Rai,BR,2023-06-28
4093,Nisha Tamang,NP,2020-05-06
9468,Bibek Karki,NP,2023-08-31
771,Anju Thapa,IN,2021-01-05
7659,Hari Shrestha,US,2021-06-23
9028,Dipesh Tamang,NP,2023-07-12
2707,Sita Gurung,IN,2023-01-07
7454,Nisha Thapa,US,2021-01-23
8359,Suman Magar,NP,2024-12-15
1324,Kiran Gurung,NP,2025-01-22
6486,Mina Adhikari,JP,2023-10-15
8066,Gita Karki,DE,2024-10-03
1487,Sita Gurung,NP,2020-12-25
711,Rita KC,DE,2021-06-02
686,Anju Gurung,NP,2020-04-26
6953,Nisha Basnet,NP,2023-06-19
1753,Aarav Gurung,NP,2020-07-28
4774,Bibek Sharma,JP,2023-02-27
5487,Mina Tamang,NP,2023-01-30
6505,Kiran Gurung,DE,2022-06-25
5205,Hari Rai,NP,2023-05-10
3825,Sanjay Tamang,NP,2025-03-23
8974,Maya KC,IN,2022-05-29
9294,Sanjay Joshi,JP,2020-03-26
7526,Gita KC,US,2023-02-09
9698,Sita Tamang,NP,2020-10-05
5906,Priya Tamang,NP,2024-09-27
618,Mina Shrestha,NP,2023-06-05
5038,Rohan Gurung,NP,2024-02-17
841,Sita KC,NP,2024-02-01
9900,Gita KC,NP,2020-09-26
2724,Rohan Shrestha,NP,2020-03-21
5557,Priya Sharma,US,2022-07-16
4637,Sanjay KC,NP,2021-07-04
1082,Rohan Joshi,US,2020-06-13
7750,Dipesh Karki,NP,2020-01-14
2137,Dipesh Gurung,JP,2021-01-18
2490,Rohan Karki,NP,2021-05-26
6823,Bibek Tamang,NP,2022-06-20
1325,Priya Gurung,JP,2023-08-17
9597,Priya Sharma,IN,2023-05-05
3892,Kiran Basnet,NP,2022-07-30
5593,Bibek Thapa,NP,2020-08-24
5846,Kiran Joshi,IN,2020-10-23
102,Sanjay Shrestha,NP,2022-01-07
2500,Mina Joshi,NP,2022-01-11
4654,Rohan Joshi,DE,2021-01-03
7342,Anju Karki,NP,2021-12-21
8464,Bibek Gurung,GB,2023-08-19
8182,Rita Joshi,JP,2020-02-29
4855,Hari Adhikari,NP,2024-11-04
833,Kiran Adhikari,NP,2020-02-02
5366,Kiran Magar,NP,2022-10-05
2431,Nisha Thapa,JP,2024-02-24
9000,Sita Magar,NP,2020-04-02
9878,Suman Adhikari,DE,2024-07-12
4954,Anju Karki,US,2021-10-16
4615,Gita Tamang,US,2023-06-06
7524,Hari Magar,DE,2020-09-17
9374,Suman Sharma,IN,2023-04-03
3758,Hari Thapa,NP,2025-01-17
3733,Bibek Rai,NP,2021-08-24
1740,Dipesh Karki,NP,2025-05-31
6750,Anju Gurung,NP,2022-02-03
9953,Bibek Karki,JP,2023-11-05
1928,Sanjay Gurung,AU,2025-02-22
1250,Suman Magar,NP,2024-06-14
1434,Dipesh Gurung,NP,2025-06-07
2387,Maya Sharma,BR,2023-12-12
7209,Maya Magar,IN,2023-04-05
9749,Anju Sharma,NP,2024-07-26
76,Sita Sharma,AU,2020-08-26
3678,Priya Karki,NP,2022-03-18
2529,Rita Sharma,US,2020-01-02
8580,Rita Tamang,NP,2024-04-28
9027,Dipesh Rai,JP,2023-11-17
204,Rohan Sharma,NP,2020-08-16
209,Dipesh Tamang,NP,2020-04-30
8240,Sanjay Shrestha,JP,2024-02-23
63,Rita Gurung,NP,2025-01-03
7810,Nisha KC,NP,2023-11-05
1509,Mina Tamang,NP,2022-12-03
9458,Bibek Gurung,NP,2021-09-14
1489,Sanjay Rai,NP,2022-06-21
1215,Priya Tamang,NP,2024-02-07
4709,Sita KC,NP,2024-05-15
5114,Mina Joshi,DE,2021-01-02
9143,Bibek Rai,NP,2022-11-11
1381,Sita Tamang,GB,2023-02-04
1211,Anju Karki,JP,2025-02-20
8967,Rohan Adhikari,NP,2020-02-08
6417,Priya Magar,US,2020-09-20
5497,Priya Magar,US,2020-05-09
6679,Mina Sharma,NP,2020-01-15
7242,Suman Adhikari,DE,2021-10-29
4780,Nisha Shrestha,BR,2022-04-02
3057,Anju Rai,JP,2021-06-17
7392,Suman Sharma,NP,2025-01-20
6844,Maya Adhikari,NP,2021-08-27
7143,Rita KC,IN,2020-09-14
5029,Sanjay KC,NP,2022-01-29
3217,Dipesh Sharma,US,2025-06-09
4284,Priya Adhikari,US,2024-11-14
8064,Dipesh Thapa,NP,2025-05-16
2000,Aarav Adhikari,NP,2020-06-08
5937,Priya Joshi,IN,2024-01-12
9415,Nisha Thapa,NP,2020-10-05
8023,Anju Rai,GB,2021-02-04
7665,Kiran Thapa,GB,2021-12-18
1165,Suman Gurung,NP,2024-04-23
8151,Kiran Thapa,NP,2021-12-09
5897,Suman Sharma,NP,2021-09-13
3889,Sanjay Tamang,NP,2023-07-08
9012,Rohan Basnet,NP,2023-09-11
9006,Nisha Joshi,NP,2022-01-19
932,Gita Adhikari,NP,2021-07-12
1697,Suman Sharma,JP,2022-09-29
123,Sanjay Gurung,NP,2024-04-01
3645,Mina Basnet,NP,2023-09-20
9007,Rohan Joshi,NP,2023-02-24
1992,Rohan Rai,NP,2023-08-17
4830,Suman Adhikari,NP,2022-10-04
3834,Rohan Thapa,NP,2024-08-09
8471,Mina Magar,BR,2022-12-13
5080,Aarav Magar,IN,2021-02-28
9280,Mina Gurung,NP,2023-04-24
7692,Suman Karki,IN,2022-05-15
8965,Hari Adhikari,NP,2020-09-23
6273,Nisha Shrestha,NP,2024-11-14
5271,Aarav Basnet,IN,2024-09-29
9932,Kiran Rai,GB,2022-05-25
2618,Rita Magar,NP,2021-12-08
6623,Aarav Joshi,NP,2024-02-18
3407,Aarav Adhikari,JP,2021-12-25
6202,Rohan Rai,GB,2020-08-12
2607,Nisha Gurung,NP,2022-01-19
4510,Maya Tamang,NP,2023-05-16
9101,Sanjay Shrestha,NP,2020-06-18
3604,Maya Tamang,US,2024-12-24
2204,Hari Rai,NP,2022-05-20
5124,Maya Sharma,DE,2025-03-14
1417,Nisha Basnet,US,2024-10-22
1767,Priya Joshi,AU,2024-12-05
7375,Kiran Joshi,NP,2024-06-25
8590,Dipesh Basnet,NP,2024-12-17
3004,Kiran Magar,DE,2024-03-07
804,Dipesh Tamang,NP,2025-05-23
6661,Bibek Karki,JP,2023-04-10
8352,Hari Thapa,BR,2021-08-02
4937,Sita Thapa,DE,2020-10-05
2111,Anju Basnet,IN,2020-01-17
7644,Sanjay KC,NP,2020-08-31
2611,Rohan Sharma,DE,2020-07-03
6801,Anju Joshi,NP,2022-06-15
7937,Priya Magar,JP,2022-08-07
2712,Hari Magar,NP,2025-01-01
8679,Gita Gurung,NP,2024-02-19
6816,Priya Adhikari,IN,2020-09-01
1604,Kiran Shrestha,NP,2022-10-01
6996,Kiran Gurung,NP,2023-04-12
3539,Gita Joshi,NP,2020-03-03
1644,Rita Gurung,IN,2023-02-18
1150,Gita Adhikari,AU,2023-08-20
86,Sita KC,US,2020-07-23
3287,Dipesh Gurung,NP,2024-03-06
1452,Kiran Tamang,NP,2025-05-05
2597,Gita Adhikari,NP,2020-08-11
5342,Rohan Magar,IN,2024-12-13
1891,Rita Magar,NP,2023-06-24
7968,Kiran Magar,NP,2022-11-09
3338,Dipesh Magar,DE,2022-01-08
2948,Suman Joshi,IN,2023-11-18
4552,Aarav KC,NP,2023-02-26
3789,Aarav Thapa,GB,2023-07-15
8948,Nisha KC,NP,2021-08-05
3044,Suman Magar,US,2022-10-18
3765,Hari Gurung,NP,2024-12-15
4577,Dipesh Thapa,NP,2021-07-04
5551,Sita Joshi,NP,2022-10-07
5702,Sanjay KC,NP,2023-06-10
8036,Dipesh KC,NP,2024-06-27
5372,Maya KC,NP,2020-08-03
5391,Suman Rai,NP,2023-08-03
1994,Priya Adhikari,NP,2022-02-12
3489,Aarav Shrestha,US,2021-12-01
6180,Dipesh Magar,NP,2024-07-15
4745,Nisha Basnet,JP,2021-11-29
4082,Nisha Shrestha,DE,2023-06-19
6558,Mina Gurung,IN,2023-08-20
7782,Priya Shrestha,IN,2022-10-26
5339,Aarav Shrestha,NP,2020-10-13
29,Hari KC,NP,2021-04-19
2474,Sita Rai,NP,2021-11-02
3815,Aarav KC,NP,2022-10-18
5158,Rohan Adhikari,NP,2020-08-01
7741,Bibek KC,NP,2023-11-20
2458,Nisha Joshi,BR,2024-03-12
4983,Suman Joshi,NP,2025-02-01
9727,Hari Basnet,DE,2021-10-08
8235,Rohan Basnet,US,2023-01-26
7960,Hari Sharma,NP,2021-05-24
7631,Anju Rai,NP,2020-12-04
693,Suman Basnet,US,2021-03-02
9833,Hari Thapa,AU,2024-01-22
4722,Maya Rai,NP,2021-08-25
6069,Aarav Adhikari,GB,2022-01-01
2449,Maya Gurung,NP,2025-02-11
3748,Priya Magar,DE,2020-11-02
2645,Dipesh Magar,NP,2023-04-03
9652,Dipesh Gurung,NP,2025-04-01
9230,Suman Gurung,IN,2024-05-25
4843,Suman Gurung,AU,2020-01-20
401,Anju Sharma,NP,2023-12-06
5990,Hari Basnet,NP,2022-11-20
5812,Priya Shrestha,NP,2024-02-14
9998,Dipesh Adhikari,NP,2023-03-12
9148,Bibek Thapa,NP,2021-03-19
8272,Priya Magar,US,2021-08-01
9095,Maya Tamang,US,2022-01-10
1592,Priya Gurung,BR,2021-09-07
5655,Suman Karki,IN,2023-09-14
3894,Mina Adhikari,NP,2024-02-01
3556,Maya Rai,US,2020-01-02
2975,Priya Adhikari,NP,2023-12-12
2767,Priya Shrestha,NP,2020-03-03
2936,Bibek Joshi,NP,2024-03-13
2093,Sita Gurung,NP,2024-01-12
1478,Aarav Tamang,NP,2021-08-18
3450,Aarav Magar,NP,2022-02-03
8212,Hari Adhikari,NP,2023-11-18
7708,Mina Magar,JP,2023-11-15
8167,Aarav Rai,NP,2022-04-27
5387,Priya KC,NP,2020-03-19
3148,Hari Joshi,BR,2025-01-09
9581,Sanjay Shrestha,NP,2021-04-19
9511,Aarav Shrestha,IN,2020-11-22
5307,Mina Adhikari,NP,2023-12-17
73,Kiran Magar,NP,2022-07-29
9440,Rohan Sharma,NP,2022-08-29
5232,Kiran Shrestha,DE,2022-03-04
6206,Rita Sharma,BR,2022-11-07
4754,Bibek KC,NP,2022-08-24
7586,Rohan Gurung,NP,2020-12-10
8269,Priya Rai,BR,2021-02-06
4852,Kiran Thapa,GB,2020-07-28
8744,Maya Adhikari,JP,2023-09-05
2656,Priya Thapa,DE,2022-05-22
7517,Sanjay Tamang,JP,2024-12-19
5098,Sita Shrestha,AU,2021-07-10
4128,Rita Karki,NP,2020-06-13
5333,Aarav Rai,JP,2020-01-07
2922,Sanjay Tamang,NP,2024-01-11
8114,Kiran Karki,DE,2024-01-14
180,Bibek Thapa,US,2025-02-23
9530,Gita Thapa,US,2020-05-13
8237,Bibek Gurung,JP,2020-01-04
5817,Dipesh Tamang,NP,2020-01-14
2793,Rita Shrestha,NP,2021-10-12
581,Gita Tamang,NP,2024-01-29
1606,Rita Joshi,NP,2020-08-14
5887,Sanjay Shrestha,NP,2023-04-21
1223,Hari Magar,US,2020-07-10
2264,Maya Magar,NP,2020-12-08
4109,Bibek Basnet,NP,2020-03-01
6300,Rita Shrestha,IN,2024-10-22
7666,Aarav Shrestha,US,2024-09-23
2878,Maya Tamang,US,2021-08-02
4499,Sanjay Magar,DE,2023-05-21
2066,Nisha Gurung,NP,2022-11-23
6094,Bibek Shrestha,US,2024-02-26
1312,Sanjay Joshi,NP,2020-04-20
2409,Dipesh Karki,US,2022-05-04
9554,Priya Sharma,NP,2020-01-25
8626,Suman Joshi,GB,2024-06-28
5649,Nisha Rai,IN,2023-01-04
6453,Rita Sharma,NP,2022-11-24
1139,Aarav Basnet,DE,2022-01-09
7092,Bibek Rai,NP,2024-03-09
1483,Gita Adhikari,NP,2024-05-16
6667,Gita Adhikari,US,2024-03-21
5436,Dipesh Thapa,JP,2023-01-07
2120,Maya KC,JP,2022-01-06
4016,Kiran KC,US,2024-03-10
2708,Sanjay Adhikari,US,2023-09-15
4906,Anju Thapa,NP,2025-01-17
1573,Gita KC,NP,2022-01-04
3258,Maya Sharma,NP,2023-06-07
911,Suman Rai,NP,2023-05-24
205,Dipesh Tamang,NP,2024-09-04
9461,Gita Shrestha,NP,2022-08-07
5859,Aarav KC,NP,2024-08-06
5437,Sita Joshi,NP,2020-11-02
1383,Sita Sharma,NP,2024-10-02
8130,Aarav Shrestha,NP,2020-07-23
5851,Priya Shrestha,IN,2022-09-17
2787,Kiran Gurung,NP,2021-10-07
6301,Maya Magar,AU,2025-01-12
7940,Kiran Magar,NP,2020-05-24
9040,Aarav Sharma,IN,2022-02-21
5030,Hari Tamang,NP,2023-04-19
8107,Dipesh Magar,NP,2022-07-22
2613,Sita Rai,NP,2024-10-17
4208,Suman Thapa,IN,2025-06-21
7553,Rohan Sharma,NP,2025-02-24
2417,Hari KC,DE,2023-11-15
7963,Mina KC,NP,2024-08-04
8609,Aarav Sharma,NP,2021-03-14
1202,Sanjay Basnet,NP,2022-10-29
614,Rita Gurung,NP,2021-04-05
3248,Suman Joshi,NP,2025-01-31
9248,Mina Sharma,NP,2024-08-08
3838,Rohan Shrestha,NP,2021-08-07
3420,Priya Tamang,NP,2022-02-20
8800,Nisha Basnet,AU,2023-06-16
3827,Gita Thapa,NP,2021-08-11
5523,Suman Thapa,NP,2020-08-27
7257,Mina Adhikari,GB,2023-12-27
7507,Sita KC,NP,2022-11-03
7063,Dipesh KC,NP,2025-03-28
8164,Anju Joshi,NP,2022-02-05
8165,Dipesh Tamang,IN,2021-12-20
7407,Sanjay Gurung,NP,2021-05-27
8712,Sanjay Adhikari,NP,2025-04-22
9897,Bibek Gurung,NP,2020-02-11
4971,Anju Thapa,NP,2020-05-04
9358,Bibek Sharma,GB,2023-04-17
8002,Aarav Thapa,US,2024-09-07
7509,Dipesh Magar,NP,2020-04-16
4315,Mina Shrestha,JP,2021-12-12
7890,Suman Shrestha,NP,2025-02-25
4593,Anju Thapa,IN,2023-11-07
3319,Sita Adhikari,NP,2020-07-28
306,Kiran Magar,AU,2020-10-14
7374,Aarav Magar,NP,2022-10-04
1488,Dipesh Karki,NP,2022-08-27
7238,Hari Thapa,JP,2020-09-13
9549,Sanjay Shrestha,NP,2024-03-22
7218,Rita Shrestha,NP,2023-11-12
5802,Nisha Joshi,US,2021-12-05
5883,Bibek Adhikari,NP,2022-10-12
490,Anju Magar,GB,2024-06-12
4599,Anju Magar,DE,2020-12-05
9465,Sanjay Tamang,GB,2022-07-02
1115,Rohan Gurung,NP,2023-09-26
5533,Anju Basnet,DE,2023-03-01
3415,Maya Joshi,JP,2021-08-07
8576,Sanjay Shrestha,NP,2022-11-08
7911,Mina Shrestha,IN,2023-05-28
4944,Sanjay Sharma,IN,2021-05-10
9609,Rita Thapa,DE,2021-08-28
3991,Nisha Joshi,NP,2024-11-10
9159,Nisha Shrestha,NP,2021-08-17
5100,Maya Rai,NP,2024-08-03
6888,Maya KC,IN,2023-08-15
768,Sanjay Rai,DE,2023-02-16
8316,Rohan Gurung,NP,2024-05-14
1648,Mina Tamang,US,2024-06-18
6943,Rita Joshi,NP,2021-12-13
4607,Priya KC,NP,2024-10-29
5401,Kiran KC,NP,2020-07-05
9305,Aarav Joshi,NP,2023-03-10
8968,Bibek Tamang,NP,2025-01-29
4463,Mina Magar,NP,2020-03-31
7059,Maya Thapa,NP,2025-03-22
2875,Rohan Sharma,IN,2024-04-14
1677,Rita Adhikari,AU,2024-12-02
6614,Nisha Magar,DE,2022-03-07
59,Hari Basnet,NP,2023-06-10
7215,Rita Magar,NP,2022-02-15
7651,Rohan Sharma,IN,2023-05-06
9452,Gita Joshi,NP,2025-06-15
6964,Rohan Karki,NP,2022-05-23
1284,Maya KC,NP,2021-11-12
5313,Anju Adhikari,NP,2023-06-11
6764,Priya KC,JP,2022-04-25
8028,Bibek Thapa,NP,2023-10-24
3813,Maya Rai,GB,2023-04-23
6827,Suman Basnet,NP,2022-06-04
3302,Anju Adhikari,AU,2023-03-01
9457,Mina Thapa,NP,2024-10-04
675,Aarav Shrestha,NP,2023-03-05
3175,Nisha Rai,GB,2025-03-19
3180,Priya Karki,NP,2023-06-01
2272,Kiran Shrestha,AU,2021-04-06
613,Hari Karki,NP,2020-02-08
4892,Priya Sharma,NP,2023-02-26
2554,Mina Thapa,NP,2025-06-10
746,Rita Basnet,NP,2024-04-28
4537,Aarav Tamang,AU,2025-01-28
9423,Sita Magar,US,2021-05-28
8417,Mina Gurung,NP,2024-09-10
6104,Rohan Sharma,NP,2023-10-17
1764,Sita Basnet,NP,2024-01-18
9188,Nisha Rai,US,2025-01-30
7310,Kiran KC,JP,2022-01-04
8846,Priya Magar,GB,2020-04-12
4811,Gita Sharma,IN,2024-05-28
9781,Kiran Adhikari,NP,2024-12-14
3252,Rita Thapa,JP,2024-12-28
1848,Sanjay Thapa,NP,2020-05-16
528,Dipesh Tamang,NP,2022-07-17
2654,Sanjay Adhikari,NP,2024-10-31
8919,Suman KC,IN,2022-02-28
8233,Rita Joshi,NP,2024-08-08
569,Gita Rai,US,2021-06-28
153,Sita Basnet,NP,2023-10-29
8897,Priya Sharma,AU,2025-03-23
5940,Gita Adhikari,NP,2021-11-05
9373,Gita KC,NP,2020-05-08
2820,Hari Basnet,JP,2025-01-13
746,Rita Basnet,NP,2024-09-23
844,Kiran Tamang,NP,2021-11-23
733,Nisha Tamang,NP,2023-11-18
8961,Kiran Karki,US,2020-09-22
1372,Aarav Joshi,IN,2021-11-08
4771,Gita Shrestha,NP,2020-01-25
5256,Nisha Magar,NP,2022-02-19
7842,Anju Gurung,NP,2022-02-13
3122,Priya Joshi,NP,2025-06-22
6951,Anju Adhikari,DE,2022-07-23
8056,Sanjay Karki,AU,2021-09-06
5472,Maya Joshi,NP,2020-08-19
8460,Kiran Karki,AU,2024-07-30
3396,Gita Joshi,NP,2021-08-22
7745,Maya Adhikari,AU,2023-08-17
4434,Rita Adhikari,AU,2023-12-31
9983,Hari Adhikari,NP,2025-04-26
4540,Kiran Karki,NP,2025-02-04
8749,Rita Karki,NP,2021-04-07
5251,Maya Gurung,IN,2022-04-21
9117,Kiran Tamang,NP,2022-04-29
7535,Maya Basnet,JP,2023-07-15
7334,Sanjay Magar,NP,2023-03-09
1456,Maya Tamang,NP,2021-03-22
2527,Aarav Magar,NP,2022-05-29
139,Hari Karki,NP,2023-02-17
3669,Bibek Joshi,NP,2023-03-19
8171,Kiran Gurung,US,2023-07-09
4009,Sita Karki,NP,2021-11-02
7181,Nisha Gurung,NP,2023-01-23
1089,Aarav Shrestha,NP,2024-07-02
5459,Dipesh Tamang,NP,2023-11-17
4219,Hari Joshi,DE,2022-05-18
6059,Aarav Joshi,US,2024-08-31
6907,Anju Tamang,IN,2022-04-19
8779,Mina KC,NP,2025-06-08
61,Hari Thapa,JP,2025-04-04
9172,Bibek Adhikari,NP,2023-09-11
8765,Kiran Gurung,US,2024-07-28
4391,Dipesh Karki,NP,2021-03-05
8048,Hari Rai,NP,2021-02-04
3166,Aarav Rai,IN,2023-01-04
1307,Kiran Sharma,NP,2022-11-22
9018,Suman Thapa,US,2021-12-22
7284,Sanjay Sharma,JP,2024-05-17
7185,Nisha Basnet,BR,2022-01-16
750,Priya Karki,NP,2022-12-01
1361,Rita Thapa,JP,2021-11-14
3791,Bibek Shrestha,DE,2022-01-15
5149,Suman Magar,NP,2022-04-16
5133,Priya Sharma,NP,2020-09-11
8547,Rita Gurung,NP,2022-08-16
270,Kiran Basnet,NP,2024-08-28
6123,Nisha Shrestha,DE,2021-12-21
6971,Nisha Karki,AU,2023-12-03
8655,Rohan Thapa,BR,2020-04-14
2142,Anju Sharma,JP,2024-07-09
6961,Sanjay Sharma,NP,2024-01-15
7044,Gita Basnet,NP,2022-01-22
2699,Anju Magar,NP,2021-01-10
9910,Aarav KC,NP,2025-03-16
3842,Maya Basnet,NP,2024-03-15
6633,Hari Thapa,NP,2025-06-13
8971,Gita Joshi,NP,2022-02-07
7743,Bibek Tamang,NP,2025-02-26
4199,Mina Thapa,NP,2024-06-08
9222,Kiran Sharma,DE,2024-01-20
7562,Anju Tamang,DE,2020-02-07
4481,Dipesh Magar,IN,2024-10-02
7598,Aarav Rai,NP,2023-10-29
622,Gita Shrestha,NP,2022-07-30
4566,Aarav Joshi,NP,2021-01-28
5830,Sita Thapa,IN,2025-04-16
1741,Rita Magar,IN,2024-02-29
3414,Bibek Tamang,NP,2021-08-11
6340,Sanjay Gurung,DE,2020-01-11
6249,Hari Magar,NP,2025-06-14
7318,Dipesh Shrestha,AU,2022-06-18
5107,Gita Shrestha,NP,2021-10-23
5672,Aarav Thapa,NP,2022-06-30
9451,Hari Sharma,NP,2024-12-31
9130,Bibek Karki,NP,2024-11-17
7808,Sanjay Adhikari,NP,2021-06-13
1716,Nisha Adhikari,NP,2024-09-16
2229,Sita Tamang,NP,2020-05-01
9065,Rohan Thapa,IN,2022-05-24
2345,Sanjay Gurung,NP,2020-12-02
4142,Sanjay Magar,IN,2023-06-05
5450,Rohan Magar,NP,2021-12-05
4159,Kiran KC,NP,2022-12-13
8368,Rita Joshi,IN,2023-05-31
5473,Aarav Sharma,AU,2020-05-25
6903,Suman Gurung,AU,2025-04-26
8150,Suman Gurung,NP,2024-03-05
211,Sanjay Thapa,US,2024-05-20
9898,Gita Karki,NP,2024-08-09
5944,Nisha Karki,NP,2024-10-07
1429,Kiran Rai,IN,2023-10-12
8500,Sanjay Shrestha,NP,2020-05-22
815,Maya Rai,IN,2024-02-22
5576,Priya Adhikari,NP,2024-09-18
30,Mina Gurung,NP,2020-09-22
752,Rita Basnet,IN,2024-05-10
9023,Hari Rai,NP,2023-12-23
4339,Kiran Magar,NP,2024-05-23
6472,Hari Joshi,NP,2023-10-01
7991,Sanjay KC,NP,2024-03-08
4215,Dipesh Thapa,DE,2022-10-25
14,Bibek Joshi,NP,2020-12-19
1378,Aarav KC,NP,2022-10-31
2615,Kiran Tamang,NP,2021-02-06
7891,Suman Adhikari,NP,2023-12-25
5201,Sita Sharma,NP,2024-10-06
5031,Dipesh Karki,GB,2023-05-25
6234,Gita Adhikari,AU,2020-10-13
3141,Aarav Karki,NP,2022-03-09
284,Anju Tamang,NP,2021-01-30
7208,Gita Basnet,US,2020-05-02
1444,Mina Gurung,NP,2023-01-28
3402,Kiran Shrestha,IN,2022-11-25
2729,Bibek Karki,IN,2020-12-27
3086,Suman Basnet,IN,2020-03-12
7912,Mina Gurung,NP,2020-05-02
103,Sanjay Basnet,NP,2023-10-26
6377,Aarav Adhikari,US,2023-08-28
8794,Anju Magar,US,2020-05-27
2011,Suman Joshi,NP,2024-02-27
8120,Mina KC,NP,2020-08-26
9262,Sanjay Karki,BR,2023-10-04
4059,Gita Basnet,IN,2020-06-14
4366,Suman Basnet,NP,2022-02-13
5529,Mina Gurung,NP,2020-08-21
3972,Sita Shrestha,US,2022-02-02
4998,Hari Rai,JP,2023-10-24
2508,Nisha Rai,NP,2021-06-03
6987,Sita KC,IN,2024-11-08
3095,Rohan Gurung,JP,2023-08-31
4230,Rohan KC,US,2024-09-22
5301,Aarav Thapa,NP,2021-10-28
4588,Rita Karki,GB,2023-11-28
4924,Kiran Basnet,US,2020-08-01
1155,Kiran Magar,IN,2025-02-21
9145,Aarav KC,NP,2023-03-24
7461,Mina Tamang,IN,2022-11-04
9743,Sanjay Joshi,DE,2024-12-03
8755,Sanjay Karki,NP,2024-10-25
303,Bibek Magar,DE,2024-10-13
8867,Dipesh Thapa,AU,2023-12-28
8649,Sanjay Tamang,AU,2024-02-17
9267,Nisha Gurung,NP,2025-04-25
4719,Sita Karki,GB,2021-04-08
6912,Sita Tamang,NP,2023-01-29
7608,Priya Gurung,IN,2020-04-22
6271,Gita Adhikari,NP,2021-08-17
5541,Kiran Shrestha,NP,2020-03-19
3667,Hari Sharma,NP,2024-04-25
466,Anju Magar,NP,2021-10-23
4242,Aarav KC,NP,2020-10-14
7771,Anju Adhikari,NP,2020-09-13
1000,Maya Adhikari,JP,2020-01-28
3168,Sita Tamang,NP,2021-12-16
1078,Rohan Joshi,NP,2021-09-25
2203,Sita Thapa,NP,2020-06-10
2101,Kiran Gurung,NP,2024-05-02
3342,Bibek Karki,US,2021-06-25
9429,Sita Shrestha,NP,2020-05-14
393,Bibek Sharma,BR,2023-11-01
99,Sita KC,NP,2025-04-04
4661,Sita Sharma,NP,2020-04-13
7480,Mina Tamang,NP,2020-10-10
9311,Mina Thapa,NP,2022-03-13
3142,Bibek Sharma,US,2023-02-09
9227,Sita Magar,US,2021-12-24
1299,Suman Magar,NP,2024-03-26
6401,Nisha Sharma,NP,2021-11-21
7781,Kiran Gurung,IN,2023-10-27
2361,Rita Sharma,DE,2024-11-06
2211,Maya Shrestha,NP,2021-08-14
3187,Bibek Gurung,DE,2022-11-26
3988,Priya Tamang,NP,2021-08-06
1600,Rita Rai,US,2022-05-29
5078,Anju Sharma,NP,2025-02-14
4802,Hari KC,NP,2020-05-21
2705,Priya Joshi,NP,2022-11-12
9653,Nisha Thapa,NP,2023-12-06
5516,Priya Karki,NP,2020-03-19
7788,Anju Gurung,JP,2021-09-17
4834,Maya Basnet,NP,2021-04-23
4495,Sanjay Sharma,IN,2021-09-03
9552,Aarav KC,NP,2022-04-26
5090,Sanjay Tamang,GB,2022-12-02
6932,Kiran Shrestha,BR,2021-10-29
2727,Sanjay Karki,DE,2021-01-07
6737,Aarav Joshi,NP,2022-03-14
9508,Anju Basnet,NP,2020-02-26
6252,Hari Karki,NP,2022-06-09
5037,Nisha Thapa,US,2024-07-10
8748,Nisha Thapa,IN,2023-06-11
1937,Priya Thapa,NP,2025-05-05
9589,Anju Magar,GB,2025-04-08
5010,Hari KC,IN,2023-06-03
1733,Priya Sharma,NP,2024-11-14
3453,Hari Joshi,NP,2021-01-29
9917,Priya Tamang,NP,2020-01-14
7037,Dipesh Magar,NP,2025-04-12
7790,Sita Shrestha,DE,2021-08-31
8690,Nisha Basnet,IN,2022-10-07
4997,Dipesh Tamang,IN,2020-08-09
2340,Sita Joshi,JP,2024-10-08
782,Mina Tamang,AU,2020-01-28
5380,Rohan Thapa,NP,2025-05-02
8260,Sita Magar,IN,2024-11-23
5792,Mina Adhikari,NP,2023-12-12
6775,Sita Tamang,IN,2020-08-26
1112,Dipesh Magar,NP,2021-05-23
1622,Mina Shrestha,NP,2024-10-08
6407,Aarav Karki,NP,2023-12-12
692,Aarav Karki,NP,2020-11-09
4914,Gita Sharma,NP,2024-12-24
5053,Rita Thapa,AU,2023-09-17
7646,Mina Basnet,NP,2020-04-13
7009,Gita Shrestha,NP,2025-04-06
3349,Dipesh Magar,NP,2022-10-09
8318,Kiran Shrestha,US,2023-12-24
1662,Suman KC,NP,2024-07-18
6861,Dipesh Rai,NP,2024-03-15
6942,Hari Shrestha,US,2023-06-24
7683,Suman Shrestha,AU,2021-04-02
1090,Nisha Sharma,NP,2021-05-02
9477,Mina Rai,US,2022-08-03
3009,Gita Basnet,NP,2022-06-23
7677,Kiran Tamang,IN,2023-05-20
5560,Anju Magar,AU,2024-09-14
160,Rohan Gurung,NP,2020-08-18
6897,Hari Basnet,NP,2024-11-30
1783,Aarav Adhikari,US,2020-02-27
6164,Aarav Gurung,NP,2023-11-06
4151,Kiran Basnet,NP,2024-10-30
7095,Priya Gurung,NP,2020-06-12
1289,Anju Gurung,IN,2022-02-26
6464,Rita Thapa,NP,2024-11-30
5544,Sanjay Shrestha,DE,2020-02-03
3702,Dipesh Tamang,NP,2024-06-02
1551,Dipesh Rai,NP,2021-08-19
1473,Maya Gurung,GB,2021-09-30
7146,Hari Rai,NP,2022-01-21
4273,Priya KC,DE,2023-12-26
8388,Rohan Karki,NP,2021-05-22
2993,Aarav Joshi,NP,2023-06-16
8226,Sanjay Shrestha,NP,2024-10-06
3106,Bibek Tamang,NP,2020-08-03
4255,Mina Thapa,NP,2021-10-30
8502,Nisha Basnet,NP,2023-02-05
3899,Nisha Joshi,NP,2020-07-14
6366,Sanjay Karki,IN,2025-05-07
2398,Anju Adhikari,DE,2024-05-26
9542,Nisha Gurung,NP,2022-11-16
8052,Bibek Tamang,NP,2023-01-10
8656,Sanjay KC,DE,2023-09-15
6355,Rohan Sharma,BR,2023-10-08
4287,Kiran Shrestha,JP,2025-06-20
4608,Sanjay Adhikari,NP,2024-11-15
2669,Priya Gurung,US,2021-07-26
7840,Rita Karki,NP,2023-01-24
3444,Nisha Thapa,NP,2024-03-15
4645,Anju Sharma,BR,2025-01-01
4800,Gita Thapa,JP,2024-07-26
3063,Rita Basnet,NP,2023-07-19
4571,Kiran Magar,NP,2024-05-05
6344,Rohan Tamang,IN,2021-01-13
7966,Maya Magar,IN,2022-02-22
7530,Aarav Joshi,NP,2022-12-21
9858,Rohan Adhikari,JP,2020-12-29
9883,Anju Adhikari,AU,2023-07-27
7224,Nisha Basnet,NP,2023-06-12
6116,Sita Rai,NP,2023-10-11
3954,Bibek Rai,IN,2020-10-04
2863,Aarav Thapa,JP,2021-11-06
7694,Rita Tamang,NP,2020-12-26
9820,Bibek KC,NP,2022-11-06
1186,Dipesh Joshi,AU,2020-12-25
2058,Maya Adhikari,BR,2020-03-31
6968,Rohan Rai,NP,2023-08-03
6631,Aarav Basnet,IN,2021-08-27
8296,Sanjay KC,US,2021-11-07
6449,Rohan Thapa,NP,2022-12-06
9723,Mina Joshi,BR,2023-07-07
7897,Dipesh KC,IN,2025-06-23
8343,Sanjay Magar,NP,2024-06-30
5691,Dipesh Tamang,GB,2020-07-27
4733,Rohan Gurung,GB,2020-03-31
5696,Nisha Sharma,NP,2023-11-12
1985,Priya Joshi,NP,2022-01-22
8610,Rita Sharma,NP,2024-07-13
7599,Suman Karki,US,2024-12-08
5561,Nisha Sharma,BR,2025-01-01
5407,Dipesh Tamang,NP,2020-12-09
9680,Maya Tamang,NP,2023-09-14
7121,Hari Basnet,NP,2021-03-31
4925,Suman Joshi,NP,2022-07-15
5815,Bibek Basnet,GB,2024-08-20
9474,Rita Thapa,NP,2021-07-26
6832,Maya Shrestha,NP,2024-03-10
2970,Nisha Thapa,AU,2023-05-31
8312,Rita Rai,NP,2022-03-10
8238,Aarav Rai,IN,2024-01-07
8714,Bibek Magar,NP,2024-02-08
7178,Rita Basnet,NP,2021-03-13
2265,Priya Gurung,GB,2022-05-25
3322,Rohan Rai,IN,2020-05-15
5732,Sanjay Rai,NP,2022-03-14
6304,Maya Joshi,DE,2024-03-19
9333,Mina Thapa,NP,2022-07-18
9537,Sanjay Joshi,NP,2021-02-25
4742,Gita Sharma,NP,2024-12-10
7675,Bibek Thapa,BR,2024-07-05
4556,Suman Basnet,NP,2024-06-12
1975,Mina Gurung,NP,2025-03-05
6204,Aarav Adhikari,NP,2021-07-27
1490,Rita Rai,AU,2024-01-17
9629,Priya Karki,NP,2024-11-02
5020,Anju Thapa,NP,2021-06-21
5884,Dipesh Shrestha,NP,2020-02-12
8488,Maya Sharma,JP,2021-02-27
5954,Rohan Karki,NP,2020-08-07
3038,Maya Magar,NP,2021-09-05
5318,Nisha Magar,NP,2024-05-07
9693,Anju Basnet,NP,2023-08-23
1412,Gita Thapa,NP,2024-08-04
4147,Anju Gurung,BR,2023-02-11
9289,Rohan Shrestha,NP,2022-04-14
8447,Hari Thapa,NP,2023-04-27
2507,Priya Magar,NP,2020-02-24
7954,Rita Gurung,NP,2021-10-13
4355,Suman Adhikari,DE,2023-09-19
9575,Rita Magar,JP,2023-06-03
5428,Dipesh Shrestha,BR,2023-12-30
4173,Priya Sharma,NP,2023-02-18
4693,Bibek Shrestha,DE,2020-12-21
6197,Mina Tamang,NP,2023-11-18
5153,Maya Magar,NP,2024-12-08
2150,Priya Karki,US,2020-09-27
1739,Gita KC,NP,2025-01-01
7441,Sanjay Karki,NP,2024-11-22
3306,Rita Joshi,NP,2023-07-09
7436,Dipesh Karki,DE,2022-03-14
83,Priya Joshi,NP,2023-09-27
678,Priya Rai,IN,2022-12-05
311,Maya Joshi,BR,2024-01-27
617,Suman Adhikari,US,2024-11-12
7908,Dipesh Shrestha,NP,2025-02-19
9025,Aarav Magar,NP,2020-01-20
1736,Gita Magar,NP,2023-08-15
4146,Anju Rai,US,2022-10-15
7762,Sita Sharma,NP,2024-08-30
2216,Suman Tamang,BR,2023-02-11
9833,Hari Thapa,AU,2023-10-24
2163,Priya Tamang,AU,2021-01-01
6714,Rita Magar,NP,2023-10-06
3836,Priya KC,GB,2024-03-15
2489,Sita KC,NP,2023-08-05
5476,Dipesh Joshi,NP,2022-01-31
1248,Mina Joshi,NP,2024-12-07
1459,Maya Rai,NP,2021-11-17
6885,Anju Joshi,NP,2023-02-16
2848,Kiran Adhikari,AU,2021-01-06
8120,Mina KC,NP,2020-01-08
6081,Sita Magar,IN,2023-12-08
9557,Priya Joshi,NP,2021-08-05
9288,Rohan Adhikari,US,2020-05-23
529,Suman Thapa,NP,2023-06-10
2995,Suman Joshi,NP,2025-02-28
4757,Priya Thapa,IN,2022-05-25
7503,Priya Tamang,NP,2023-06-20
4815,Gita KC,IN,2021-12-29
7075,Sanjay Shrestha,IN,2021-05-05
5725,Dipesh Basnet,NP,2020-04-03
6369,Mina Tamang,US,2020-03-18
2334,Sanjay KC,GB,2021-01-20
6061,Anju Magar,NP,2024-02-02
7671,Kiran Shrestha,NP,2022-03-26
2641,Sita Rai,IN,2023-11-10
3970,Sita Sharma,NP,2020-05-05
9125,Nisha Adhikari,US,2024-07-04
4570,Aarav Basnet,NP,2021-03-08
96,Rohan Sharma,GB,2024-02-19
2295,Nisha Magar,NP,2022-11-14
6080,Rohan Basnet,NP,2024-08-19
2824,Bibek Thapa,NP,2020-01-01
4251,Sita Sharma,NP,2020-10-07
5079,Suman KC,NP,2025-05-31
245,Hari Karki,US,2020-10-04
411,Anju KC,IN,2022-07-13
7924,Mina Thapa,IN,2025-05-01
9483,Maya Karki,NP,2023-04-15
4166,Kiran Joshi,US,2023-11-26
1337,Sanjay Adhikari,NP,2021-06-26
7500,Rohan Basnet,NP,2024-05-14
8041,Anju Karki,NP,2022-10-23
3823,Anju Gurung,JP,2022-11-14
8595,Aarav Sharma,NP,2024-03-18
843,Anju Adhikari,US,2023-02-08
8250,Bibek Adhikari,NP,2023-01-24
3910,Gita Magar,IN,2021-03-22
3496,Gita Joshi,NP,2023-02-17
9399,Hari Sharma,NP,2020-11-27
662,Nisha Magar,AU,2024-01-01
7024,Gita Gurung,NP,2023-06-16
2388,Rita KC,IN,2023-05-14
595,Anju KC,NP,2020-09-11
4282,Dipesh Shrestha,JP,2020-05-05
6054,Anju Rai,NP,2024-06-09
5860,Aarav Thapa,NP,2021-05-04
6142,Maya Adhikari,NP,2020-01-10
4101,Kiran Karki,US,2020-08-15
4750,Rohan Adhikari,US,2022-12-03
5971,Mina Joshi,NP,2020-06-15
6146,Maya Rai,JP,2022-07-20
3556,Maya Rai,US,2023-11-10
6774,Anju Sharma,JP,2021-06-24
596,Mina Gurung,NP,2023-05-19
763,Gita Magar,NP,2024-10-11
7732,Gita Sharma,NP,2020-03-01
6719,Rita Shrestha,NP,2024-06-21
5502,Dipesh Shrestha,NP,2021-06-20
5175,Dipesh KC,JP,2022-03-24
9310,Maya Joshi,IN,2024-04-12
2692,Kiran Sharma,US,2025-02-23
9132,Maya Gurung,GB,2021-08-18
5642,Anju Thapa,NP,2023-12-11
2844,Aarav Joshi,GB,2025-03-02
492,Maya Shrestha,NP,2023-08-26
5130,Mina Adhikari,NP,2022-06-15
6629,Anju Thapa,NP,2023-09-13
6510,Kiran Sharma,NP,2024-04-30
6579,Hari Basnet,NP,2024-09-24
2490,Rohan Karki,NP,2021-07-02
395,Maya Joshi,NP,2022-08-27
3606,Hari Rai,AU,2021-10-25
2260,Nisha Gurung,NP,2023-07-14
7062,Maya Shrestha,NP,2020-11-21
4739,Rita Adhikari,NP,2020-05-06
3123,Dipesh Magar,NP,2022-05-03
6646,Rita Shrestha,NP,2023-01-26
5116,Sita Shrestha,NP,2021-09-25
4200,Hari Basnet,NP,2020-04-27
871,Dipesh Sharma,NP,2024-11-24
2987,Anju Magar,GB,2021-09-12
8367,Rohan Rai,NP,2024-08-16
968,Kiran Magar,NP,2023-07-04
1825,Sanjay Sharma,NP,2021-08-27
703,Nisha Karki,NP,2020-11-06
9032,Suman Joshi,NP,2023-02-25
3844,Hari Rai,NP,2023-08-15
1932,Gita Joshi,AU,2022-07-13
3345,Sita Magar,NP,2024-08-09
5779,Suman Joshi,NP,2021-04-18
867,Maya Gurung,NP,2021-02-08
1775,Anju Shrestha,US,2022-10-07
1374,Aarav Magar,US,2021-05-17
2282,Priya Joshi,NP,2023-01-28
8476,Maya Gurung,DE,2024-06-23
5039,Maya Gurung,NP,2025-03-25
6696,Anju Tamang,NP,2021-10-13
654,Dipesh Joshi,NP,2024-11-12
3682,Kiran Basnet,IN,2020-06-04
9957,Aarav KC,NP,2021-05-31
976,Dipesh Rai,NP,2023-08-04
5026,Sita Adhikari,NP,2022-08-07
3324,Anju Sharma,NP,2025-06-24
2098,Anju KC,IN,2021-01-17
7326,Sanjay Thapa,NP,2024-11-26
6057,Maya Basnet,NP,2022-01-30
9004,Mina Magar,AU,2020-08-21
4389,Sanjay Shrestha,IN,2024-07-27
8648,Sita Basnet,NP,2020-12-31
2270,Nisha Sharma,DE,2022-04-22
542,Sita Basnet,US,2022-02-02
4276,Priya Thapa,NP,2020-11-02
4848,Nisha KC,NP,2024-11-08
888,Gita Gurung,US,2024-12-28
7867,Maya Adhikari,NP,2020-08-17
7451,Kiran KC,NP,2021-03-28
8526,Nisha Joshi,JP,2025-06-23
9513,Rohan Thapa,GB,2022-08-17
6620,Maya Tamang,NP,2021-01-22
9885,Sita KC,NP,2022-10-15
6019,Kiran Adhikari,NP,2022-03-04
4861,Aarav Gurung,US,2024-03-21
948,Bibek Thapa,US,2022-11-14
131,Maya Basnet,IN,2022-10-30
8607,Sita Karki,NP,2020-01-05
4783,Nisha Rai,IN,2020-06-22
6108,Sita KC,AU,2022-09-15
6622,Priya Magar,BR,2023-01-10
4751,Hari Karki,US,2020-11-11
6185,Rohan Thapa,NP,2020-12-21
9364,Nisha Thapa,NP,2023-01-29
9782,Nisha Shrestha,NP,2023-07-30
8139,Bibek KC,NP,2022-11-15
1920,Kiran Magar,NP,2024-05-30
6734,Suman Thapa,NP,2023-02-26
935,Rohan Thapa,JP,2023-10-27
2078,Rohan Magar,NP,2023-03-16
7850,Hari Shrestha,NP,2023-06-21
7106,Priya Basnet,NP,2020-10-15
3530,Rita Thapa,BR,2024-11-26
4407,Priya Sharma,IN,2023-01-04
3209,Sanjay Karki,NP,2022-12-04
4351,Gita Magar,NP,2023-08-27
8183,Priya Karki,JP,2025-05-06
1248,Mina Joshi,NP,2022-10-19
3730,Suman Thapa,NP,2021-09-01
1776,Anju Shrestha,IN,2022-07-14
2097,Dipesh Magar,NP,2025-01-26
7855,Sita Karki,US,2023-07-01
4135,Rita Thapa,NP,2022-11-22
7018,Nisha Magar,AU,2021-10-24
4417,Bibek Shrestha,NP,2024-11-17
4614,Sita Karki,NP,2021-04-22
4975,Rohan Magar,NP,2020-08-25
3843,Hari Gurung,US,2020-04-10
5265,Suman Gurung,NP,2024-03-17
4236,Nisha KC,NP,2020-01-20
4433,Rohan Joshi,NP,2020-03-28
7028,Aarav Thapa,NP,2023-03-07
4204,Anju Sharma,US,2021-10-28
6079,Sanjay Adhikari,NP,2022-09-02
9052,Rohan Gurung,NP,2025-02-26
9472,Anju KC,IN,2020-02-20
1226,Nisha Adhikari,US,2023-10-21
7248,Bibek Shrestha,NP,2025-06-22
7150,Bibek Adhikari,NP,2024-03-19
3443,Kiran Sharma,IN,2025-03-03
8103,Sita Tamang,NP,2021-11-05
3779,Bibek Thapa,IN,2022-05-27
4502,Dipesh KC,NP,2020-08-14
399,Maya Shrestha,AU,2020-12-05
5566,Anju Shrestha,NP,2020-11-16
4651,Aarav Rai,US,2020-07-23
265,Gita Basnet,NP,2021-02-18
8551,Anju Adhikari,JP,2021-02-08
3379,Gita Sharma,BR,2023-02-23
2336,Dipesh Adhikari,AU,2021-02-04
852,Anju KC,AU,2020-03-10
1661,Rohan Thapa,NP,2025-02-19
5322,Bibek Gurung,NP,2020-05-15
7812,Aarav Joshi,NP,2022-11-25
3845,Nisha Shrestha,AU,2020-06-19
6436,Mina Tamang,NP,2020-08-18
980,Anju Thapa,NP,2025-06-01
971,Aarav Joshi,GB,2024-01-22
2206,Gita Sharma,NP,2020-10-28
5775,Sanjay Sharma,JP,2022-05-14
2717,Rita Tamang,NP,2025-03-27
5882,Rita Magar,JP,2023-06-22
8782,Rita Gurung,NP,2023-09-11
5358,Suman Karki,NP,2022-04-29
4734,Suman Rai,AU,2024-08-08
5015,Aarav KC,US,2022-11-21
6948,Nisha Shrestha,AU,2022-10-23
998,Maya Rai,US,2022-10-05
9649,Anju Tamang,GB,2025-04-13
3538,Sanjay Magar,NP,2023-03-05
414,Bibek Tamang,NP,2025-01-27
6928,Suman Magar,NP,2020-11-26
8582,Hari KC,US,2021-09-14
6424,Bibek Rai,NP,2022-12-05
2881,Sita Sharma,IN,2025-05-09
913,Mina Sharma,NP,2024-11-17
3096,Suman Magar,NP,2021-04-17
4872,Priya KC,GB,2025-05-14
9761,Suman Magar,DE,2020-08-02
4832,Rohan Joshi,BR,2021-03-16
7643,Bibek Magar,US,2023-04-20
3424,Aarav Joshi,US,2022-09-16
9070,Rita Sharma,NP,2020-05-19
8076,Suman Magar,NP,2024-05-12
9319,Kiran Sharma,AU,2022-04-06
6336,Aarav Magar,NP,2020-05-13
4450,Sita Sharma,NP,2024-01-14
1351,Hari Adhikari,NP,2022-10-08
2428,Sanjay Joshi,JP,2023-09-16
1670,Priya Adhikari,AU,2024-07-31
7439,Bibek Basnet,JP,2021-11-06
104,Priya Tamang,NP,2023-12-28
1801,Aarav Basnet,NP,2020-01-30
3792,Mina Karki,DE,2021-07-14
7373,Rohan Thapa,NP,2024-04-22
5462,Kiran Adhikari,US,2021-01-02
3074,Priya Karki,BR,2024-12-25
6352,Sanjay Basnet,JP,2021-12-09
3426,Suman Joshi,AU,2023-11-01
192,Suman Magar,NP,2020-10-27
8766,Anju Thapa,NP,2021-03-29
9583,Priya Karki,NP,2021-05-18
9195,Anju Magar,IN,2020-12-05
7536,Maya Sharma,NP,2024-02-01
9194,Gita Magar,IN,2020-12-26
2433,Hari Basnet,NP,2023-04-05
9075,Bibek Shrestha,IN,2021-03-31
1997,Kiran Sharma,NP,2021-06-05
9061,Nisha Gurung,IN,2020-03-14
1245,Rita Basnet,NP,2024-03-27
6226,Anju Tamang,NP,2022-07-14
7759,Maya Sharma,AU,2022-10-26
4257,Anju Shrestha,NP,2021-06-20
8402,Priya KC,US,2025-03-06
4881,Sanjay Adhikari,NP,2024-08-19
2766,Gita Sharma,NP,2024-09-13
481,Dipesh Tamang,NP,2024-04-05
5277,Sita Shrestha,NP,2023-04-03
2465,Kiran Karki,NP,2025-03-18
7546,Priya Tamang,NP,2020-07-03
5626,Dipesh Thapa,NP,2021-06-20
9556,Anju Magar,US,2023-10-07
1578,Rita Shrestha,NP,2020-09-05
5150,Mina Rai,JP,2025-06-07
2972,Suman Sharma,JP,2025-05-12
3235,Suman Joshi,JP,2023-02-04
3435,Aarav Adhikari,JP,2021-06-20
6814,Priya Shrestha,NP,2024-08-08
8179,Rohan Karki,NP,2025-02-21
2492,Rita Gurung,IN,2022-02-12
3101,Rita Thapa,NP,2021-11-23
3716,Bibek KC,GB,2022-07-06
6024,Rita Shrestha,NP,2021-12-26
3048,Nisha KC,NP,2021-07-20
3213,Hari Joshi,NP,2022-12-18
7768,Kiran Gurung,DE,2021-05-09
8204,Sita Karki,DE,2024-10-25
665,Maya KC,NP,2022-07-15
13,Hari Shrestha,NP,2020-06-11
2230,Bibek Karki,GB,2022-04-20
1922,Dipesh Thapa,BR,2021-02-05
9779,Gita Sharma,IN,2020-12-07
5262,Sita Karki,NP,2021-06-13
2728,Sanjay Adhikari,NP,2020-09-26
6376,Aarav Tamang,IN,2021-08-02
7219,Bibek Thapa,NP,2021-10-28
3084,Rohan Thapa,NP,2021-12-08
3762,Aarav Magar,NP,2021-02-18
3297,Maya Magar,GB,2021-11-19
3344,Aarav Adhikari,JP,2021-03-23
7211,Sita Magar,NP,2025-01-30
3520,Kiran Karki,NP,2020-03-10
3394,Dipesh Sharma,NP,2024-05-11
3058,Anju Basnet,US,2022-10-08
9863,Bibek Shrestha,US,2020-03-31
2244,Mina Thapa,NP,2021-07-01
864,Rohan Tamang,AU,2024-04-15
8589,Hari Tamang,NP,2023-04-18
2910,Kiran KC,NP,2024-04-02
5721,Anju Magar,NP,2024-02-29
9207,Bibek Tamang,IN,2021-05-18
5249,Bibek Magar,NP,2022-04-06
3711,Bibek KC,JP,2023-05-16
3560,Priya Adhikari,NP,2021-10-12
4353,Aarav Sharma,NP,2021-09-14
3410,Rohan Joshi,BR,2025-01-27
1569,Suman Thapa,NP,2023-02-16
251,Mina Thapa,AU,2023-12-25
8889,Rohan Sharma,NP,2024-11-02
727,Dipesh Adhikari,JP,2020-09-01
2864,Gita Magar,NP,2022-02-05
6178,Hari Gurung,IN,2021-10-09
7213,Dipesh Joshi,NP,2023-02-08
900,Priya Basnet,BR,2023-11-13
2626,Aarav Rai,NP,2024-07-23
482,Rita Adhikari,IN,2020-09-13
3643,Suman Tamang,NP,2021-09-10
6157,Rita Adhikari,GB,2020-01-05
7119,Suman Sharma,JP,2021-11-10
8004,Dipesh Adhikari,NP,2022-09-09
7636,Rohan Joshi,NP,2020-12-12
5069,Kiran Basnet,NP,2025-02-27
8843,Nisha Rai,NP,2020-06-13
2907,Aarav Rai,DE,2021-07-07
8407,Maya Karki,JP,2022-11-24
9029,Bibek Gurung,NP,2020-02-05
7001,Rohan Joshi,BR,2022-05-09
1156,Nisha Adhikari,US,2022-09-10
7377,Bibek Shrestha,NP,2021-05-09
52,Priya Adhikari,BR,2020-06-19
6513,Suman Tamang,US,2024-01-22
5809,Nisha Thapa,IN,2021-02-24
1659,Hari Basnet,IN,2023-10-29
5881,Hari Joshi,NP,2022-04-26
9840,Gita Thapa,JP,2025-02-05
3149,Suman Thapa,NP,2023-03-10
6989,Gita Adhikari,NP,2024-04-21
9171,Sita Shrestha,NP,2023-04-15
2214,Mina Rai,NP,2021-04-22
3077,Nisha Gurung,NP,2020-08-17
4625,Nisha Adhikari,DE,2024-08-05
943,Gita Shrestha,NP,2022-12-26
6039,Sanjay Rai,NP,2023-03-19
2057,Priya Rai,NP,2020-10-04
2456,Hari Sharma,NP,2024-09-24
2544,Aarav Adhikari,NP,2021-03-12
795,Kiran Basnet,AU,2022-03-14
5973,Mina Sharma,NP,2023-08-22
3655,Hari Rai,NP,2023-04-05
2664,Rita Shrestha,NP,2020-09-04
9168,Mina Magar,NP,2022-06-05
216,Aarav Sharma,NP,2020-12-06
1098,Rita Karki,DE,2022-10-20
9981,Bibek Joshi,JP,2020-07-04
6153,Gita Joshi,NP,2025-06-29
1691,Rohan Thapa,US,2020-11-09
7605,Aarav Rai,NP,2023-11-01
5032,Nisha Joshi,NP,2023-09-14
2851,Rohan KC,US,2020-02-21
6345,Gita KC,NP,2021-12-13
728,Sanjay Magar,JP,2023-10-24
6200,Sanjay Shrestha,NP,2020-08-03
8242,Rita Basnet,NP,2020-04-23
7997,Mina Tamang,IN,2020-05-27
4224,Hari Shrestha,NP,2020-01-20
3238,Hari Joshi,NP,2024-07-30
9569,Dipesh Rai,US,2023-02-17
7864,Sita Rai,NP,2021-10-10
7929,Priya Basnet,NP,2025-01-22
8708,Rita Adhikari,NP,2024-10-17
8358,Rohan Magar,NP,2023-10-03
1375,Sanjay Basnet,IN,2020-03-16
4106,Mina Magar,NP,2024-07-17
3832,Gita Shrestha,NP,2023-04-24
6246,Hari Joshi,NP,2022-06-18
6045,Suman Thapa,US,2020-05-17
6660,Aarav Magar,US,2020-03-02
3139,Maya Magar,NP,2023-07-13
4063,Aarav Joshi,BR,2022-03-04
6651,Priya KC,NP,2021-03-14
2711,Gita KC,US,2023-03-24
23,Hari Adhikari,BR,2024-07-06
783,Maya KC,NP,2022-01-16
1584,Bibek Shrestha,NP,2025-05-06
3456,Aarav Sharma,NP,2020-10-23
438,Sita Karki,AU,2021-01-29
7807,Suman Karki,NP,2020-05-14
6182,Priya Rai,NP,2023-01-27
2668,Anju Thapa,DE,2020-06-03
5383,Gita Shrestha,NP,2023-08-27
8481,Rita Adhikari,DE,2020-05-17
7145,Rohan Karki,NP,2020-08-11
6979,Sanjay Joshi,NP,2022-02-27
5242,Priya Basnet,NP,2021-10-18
8086,Suman Gurung,NP,2022-01-05
4275,Hari Thapa,NP,2024-09-30
2923,Hari Tamang,BR,2020-12-12
5324,Rohan Adhikari,US,2025-04-26
2521,Nisha Rai,NP,2024-06-03
3475,Hari Shrestha,NP,2022-10-11
9428,Rohan Tamang,IN,2021-11-08
8330,Rohan KC,NP,2023-01-15
5804,Kiran Rai,NP,2024-04-22
8263,Bibek Karki,NP,2024-01-27
4905,Suman Adhikari,NP,2024-06-21
5156,Rohan Shrestha,NP,2024-02-26
923,Bibek Shrestha,NP,2023-08-07
1168,Aarav Thapa,NP,2022-11-15
415,Bibek Basnet,NP,2021-07-31
9224,Anju Shrestha,NP,2024-10-04
6465,Nisha Joshi,NP,2021-01-08
3808,Priya Adhikari,NP,2020-05-28
9084,Sanjay KC,US,2021-05-14
3466,Sita Joshi,DE,2024-06-14
8566,Dipesh Magar,US,2023-04-17
3137,Anju Thapa,NP,2022-12-19
5816,Sita KC,BR,2023-02-23
5903,Suman Karki,BR,2025-01-08
6589,Bibek Karki,NP,2022-12-24
9759,Anju Karki,DE,2024-06-23
584,Kiran Sharma,NP,2023-03-12
7995,Bibek KC,NP,2024-08-15
6636,Bibek Sharma,NP,2024-01-20
9471,Nisha Rai,NP,2024-04-19
7085,Suman Shrestha,NP,2023-01-19
1678,Nisha Shrestha,NP,2024-02-19
6689,Sanjay Rai,DE,2024-03-02
6708,Suman KC,IN,2020-05-07
8805,Rohan Shrestha,NP,2020-01-20
2959,Rohan Tamang,IN,2023-04-26
810,Rohan Adhikari,DE,2024-05-11
4048,Kiran Sharma,GB,2021-10-23
7516,Priya Shrestha,JP,2025-02-18
6918,Gita Basnet,NP,2024-01-30
9867,Priya Magar,NP,2020-02-24
6564,Nisha Karki,NP,2025-03-25
7427,Gita Magar,NP,2023-07-13
2570,Dipesh Shrestha,NP,2020-04-15
4730,Kiran Adhikari,IN,2020-08-17
2587,Rita Gurung,NP,2022-02-17
858,Kiran Rai,NP,2024-01-04
5417,Nisha Tamang,DE,2024-04-10
7944,Dipesh Thapa,NP,2020-05-20
825,Kiran Karki,AU,2021-03-10
7874,Bibek Tamang,NP,2023-12-10
8927,Sita Basnet,NP,2023-11-28
3275,Maya Karki,GB,2020-11-30
1357,Gita Thapa,NP,2021-08-26
4320,Bibek Shrestha,NP,2024-02-06
1259,Aarav Karki,NP,2021-01-29
4659,Anju Tamang,NP,2022-01-26
3706,Kiran Basnet,BR,2022-07-16
6064,Anju Basnet,NP,2025-06-18
6099,Priya Karki,DE,2024-05-07
1840,Sita Karki,AU,2023-06-01
4468,Anju Adhikari,NP,2022-06-17
6073,Mina KC,AU,2020-06-24
9456,Mina Shrestha,NP,2021-11-16
2194,Anju Rai,BR,2025-01-10
2271,Mina KC,NP,2022-04-04
2966,Rita Shrestha,IN,2022-06-01
2463,Aarav Joshi,AU,2022-03-17
7548,Priya Sharma,NP,2022-08-12
5690,Bibek KC,DE,2021-12-27
6349,Rohan Sharma,BR,2025-01-10
3186,Maya Tamang,IN,2023-11-12
9796,Mina KC,NP,2021-09-28
6596,Mina Gurung,NP,2021-09-22
4825,Mina Gurung,NP,2020-11-05
1564,Dipesh Joshi,IN,2023-08-06
1336,Bibek Rai,NP,2022-04-21
5047,Dipesh Rai,DE,2020-01-12
5223,Dipesh Adhikari,NP,2024-02-23
5470,Bibek Karki,NP,2022-06-28
4237,Bibek Sharma,AU,2021-06-05
4951,Rita Magar,NP,2020-02-03
8917,Sanjay KC,NP,2023-09-02
1980,Nisha Rai,NP,2021-09-27
4206,Maya Rai,JP,2023-10-21
4754,Bibek KC,NP,2023-08-20
6253,Rita Tamang,NP,2023-08-26
3449,Gita Basnet,BR,2024-10-06
4994,Nisha Tamang,AU,2024-03-30
6303,Sita Gurung,NP,2024-02-02
5228,Aarav Thapa,NP,2023-08-03
8210,Mina Basnet,BR,2022-10-03
4064,Anju Adhikari,IN,2024-11-14
28,Rita Joshi,NP,2023-08-18
1253,Aarav Magar,NP,2023-12-28
3712,Priya Thapa,NP,2021-12-06
9603,Anju Shrestha,AU,2023-06-30
5386,Anju Thapa,BR,2023-07-25
1065,Dipesh Tamang,NP,2021-02-09
1657,Anju Thapa,AU,2020-05-20
2092,Dipesh Adhikari,US,2021-06-06
6538,Aarav Thapa,JP,2022-11-25
3316,Rohan Gurung,NP,2024-03-27
3636,Priya Rai,NP,2025-05-22
7235,Dipesh Adhikari,GB,2020-11-18
1781,Dipesh Gurung,NP,2022-09-16
6580,Rohan Rai,NP,2024-04-26
7460,Anju Joshi,NP,2024-05-14
3295,Rita Joshi,NP,2021-07-07
6980,Aarav Rai,NP,2023-12-17
7335,Sanjay Shrestha,IN,2021-09-29
206,Suman Basnet,IN,2021-01-04
7010,Kiran Karki,IN,2021-12-23
232,Hari Magar,NP,2022-04-29
7227,Suman Tamang,BR,2021-09-01
478,Rita Sharma,NP,2021-06-20
6478,Nisha Sharma,BR,2024-10-28
5311,Maya Gurung,NP,2020-12-09
3734,Rita Thapa,NP,2024-10-31
3805,Priya KC,DE,2022-02-28
1782,Sanjay Tamang,NP,2024-02-13
5692,Gita KC,NP,2020-09-27
4139,Hari Adhikari,NP,2021-12-12
6102,Rita Magar,NP,2024-05-06
9383,Mina Sharma,NP,2025-01-23
9486,Dipesh Joshi,IN,2024-06-09
6701,Maya Thapa,NP,2022-12-31
2617,Mina Tamang,NP,2022-12-24
645,Dipesh Basnet,NP,2024-05-08
9161,Priya Sharma,NP,2021-10-02
776,Sita KC,US,2022-07-24
1247,Gita Shrestha,BR,2024-10-31
9756,Nisha Karki,NP,2022-09-25
3224,Dipesh Karki,NP,2022-11-22
1495,Kiran Sharma,BR,2022-11-18
585,Anju Joshi,NP,2020-10-16
826,Rohan Karki,IN,2025-04-30
8062,Hari Basnet,NP,2023-02-16
1340,Gita Adhikari,NP,2022-01-02
8675,Rohan Tamang,NP,2024-02-17
1279,Suman KC,NP,2023-12-03
8636,Nisha KC,NP,2021-10-05
1715,Bibek Basnet,NP,2025-05-16
3872,Rita Basnet,NP,2022-02-12
169,Kiran Karki,NP,2024-01-27
8883,Rita KC,US,2025-02-06
9120,Rita Magar,NP,2020-02-18
5927,Suman Shrestha,IN,2022-03-31
3685,Suman Thapa,NP,2022-08-26
7946,Aarav Basnet,US,2024-09-29
1956,Maya Adhikari,IN,2023-10-11
2396,Rohan Basnet,US,2020-06-09
5000,Dipesh Adhikari,US,2021-10-11
2694,Bibek Tamang,NP,2023-06-20
6033,Aarav Basnet,JP,2025-06-05
6504,Gita Shrestha,AU,2020-01-03
7081,Hari KC,BR,2025-06-19
5490,Anju Rai,IN,2020-02-28
7258,Mina Shrestha,IN,2020-02-02
9165,Kiran Basnet,IN,2025-05-12
4212,Sita Basnet,IN,2021-02-12
220,Anju Tamang,US,2025-04-09
5636,Sita Thapa,NP,2020-01-01
458,Aarav Rai,NP,2021-02-16
6379,Rita Shrestha,NP,2020-05-30
8647,Suman Basnet,NP,2021-07-27
1676,Sita Sharma,NP,2025-05-12
7336,Rita Thapa,NP,2024-03-24
1827,Priya Joshi,NP,2020-08-19
8593,Suman Magar,DE,2022-09-20
8904,Maya Basnet,NP,2023-07-29
2870,Sanjay Karki,NP,2023-01-08
5984,Hari Sharma,NP,2022-05-26
2874,Rohan Joshi,NP,2022-06-15
2167,Sita Magar,DE,2024-02-25
1873,Rita Joshi,NP,2021-03-24
6338,Maya Rai,NP,2023-03-20
4332,Kiran Sharma,NP,2022-12-17
2963,Gita Karki,NP,2022-09-06
726,Sita Tamang,NP,2025-06-21
4653,Rohan Karki,JP,2020-02-07
1717,Nisha Joshi,IN,2023-08-06
6567,Rohan Magar,US,2021-07-20
3847,Suman Adhikari,BR,2022-05-22
2980,Rita Rai,US,2025-04-06
7689,Suman Basnet,AU,2024-10-29
15,Kiran Magar,NP,2023-01-29
7633,Priya Sharma,NP,2020-01-04
4851,Sita Sharma,NP,2024-11-01
4225,Sita Shrestha,NP,2022-08-11
2329,Maya Shrestha,NP,2022-08-19
5845,Gita Tamang,NP,2022-12-11
7005,Suman Joshi,NP,2024-12-18
3849,Gita Gurung,NP,2022-07-20
7573,Rohan Joshi,NP,2023-12-04
6670,Suman Sharma,NP,2022-10-23
4145,Dipesh Tamang,NP,2021-06-15
9871,Maya Basnet,US,2020-01-08
5569,Priya Basnet,NP,2022-03-15
1038,Sanjay Sharma,DE,2024-09-05
4119,Maya Gurung,US,2020-01-02
6328,Rita Adhikari,US,2024-04-23
993,Rohan Magar,IN,2020-10-18
1075,Kiran Gurung,IN,2022-01-25
2128,Suman KC,IN,2021-08-21
9735,Nisha KC,NP,2022-11-11
541,Suman Karki,NP,2021-04-06
2029,Sanjay Basnet,JP,2021-07-30
4669,Gita Rai,NP,2023-05-04
6624,Rita Magar,IN,2020-11-01
1353,Priya Joshi,NP,2021-09-13
4161,Sita Joshi,US,2020-10-11
5027,Bibek KC,NP,2023-04-21
1424,Kiran Tamang,NP,2024-03-03
5109,Dipesh Gurung,NP,2025-01-27
2389,Aarav Sharma,JP,2024-04-25
4580,Sita Joshi,DE,2022-04-01
3624,Mina Tamang,NP,2025-01-05
8839,Sita Sharma,NP,2025-02-28
4887,Priya Sharma,NP,2021-11-16
9218,Aarav Magar,NP,2021-05-28
179,Kiran Tamang,US,2025-01-12
7519,Nisha Basnet,NP,2023-07-02
3692,Gita Joshi,NP,2024-07-16
3360,Anju Karki,BR,2024-10-16
84,Anju Sharma,NP,2022-05-28
6585,Rita KC,NP,2022-05-31
842,Suman Joshi,NP,2024-08-18
455,Suman Gurung,NP,2020-04-22
9572,Kiran Rai,NP,2024-06-07
7687,Dipesh Magar,DE,2021-06-27
1232,Gita Tamang,BR,2020-01-03
3939,Priya Joshi,JP,2022-04-06
6416,Priya KC,NP,2023-03-06
6283,Suman Joshi,NP,2020-09-09
9655,Sanjay Tamang,DE,2021-05-24
2145,Bibek Thapa,NP,2022-04-10
1061,Sanjay Basnet,NP,2020-10-06
5373,Anju KC,BR,2022-12-10
9221,Dipesh Sharma,NP,2024-03-23
2417,Hari KC,DE,2021-05-15
441,Suman KC,NP,2023-11-05
2314,Sita Shrestha,NP,2022-08-16
4087,Dipesh Basnet,NP,2023-06-18
3511,Rohan Magar,GB,2023-04-22
7601,Priya Basnet,NP,2021-12-11
8960,Maya Adhikari,NP,2021-02-18
8728,Gita Sharma,IN,2024-10-03
2533,Nisha Rai,NP,2023-01-06
2530,Sita Karki,NP,2021-12-05
8197,Rita Joshi,NP,2021-12-09
1932,Gita Joshi,AU,2023-02-22
1862,Dipesh Rai,NP,2020-01-21
8293,Rohan Karki,IN,2021-02-16
6159,Suman Thapa,JP,2020-04-09
7738,Bibek Thapa,NP,2020-04-28
3752,Sita Adhikari,NP,2023-09-04
9085,Sita Karki,NP,2021-11-29
4941,Bibek Rai,NP,2023-02-13
2913,Rita Thapa,NP,2020-11-19
6292,Kiran Shrestha,NP,2022-08-25
2017,Aarav Gurung,JP,2025-06-25
8801,Gita Basnet,NP,2022-11-02
9400,Nisha Magar,GB,2021-07-12
2243,Gita Thapa,DE,2020-10-18
8549,Kiran Basnet,NP,2024-09-21
6001,Suman Basnet,US,2023-05-30
7670,Dipesh Magar,NP,2021-11-08
1872,Gita Sharma,US,2024-06-25
1350,Maya Gurung,DE,2023-10-14
4337,Maya Shrestha,NP,2023-07-05
9676,Dipesh Shrestha,DE,2022-10-11
2648,Sita KC,NP,2024-08-09
6676,Anju Adhikari,AU,2021-11-01
8093,Rita Tamang,NP,2021-07-30
8756,Anju Karki,NP,2023-10-17
487,Maya Magar,US,2020-06-19
1535,Rohan Karki,NP,2022-07-12
9818,Aarav KC,AU,2024-12-15
2593,Nisha Rai,NP,2021-05-18
4044,Maya Joshi,NP,2020-02-25
4596,Gita Shrestha,NP,2020-07-02
6599,Dipesh Basnet,IN,2021-09-15
2943,Dipesh Shrestha,NP,2022-03-09
2813,Priya Sharma,US,2021-08-21
7210,Sanjay Basnet,JP,2022-04-17
5345,Nisha Tamang,BR,2020-09-12
4501,Anju Magar,NP,2021-08-18
9947,Suman Adhikari,NP,2020-07-07
2887,Dipesh Magar,AU,2022-02-23
7385,Sanjay Karki,NP,2020-06-06
3064,Aarav Adhikari,NP,2023-06-24
8193,Maya Adhikari,BR,2020-07-26
1286,Kiran Shrestha,GB,2021-11-04
8192,Anju Tamang,NP,2020-02-07
3369,Sanjay Magar,NP,2021-06-28
670,Hari KC,NP,2023-11-05
652,Bibek Joshi,NP,2024-03-25
2158,Gita Rai,BR,2024-06-28
4017,Rohan Thapa,NP,2022-09-30
8644,Rohan Shrestha,NP,2024-05-26
2331,Anju Karki,NP,2022-05-20
9339,Dipesh Magar,NP,2023-07-13
2621,Mina Shrestha,NP,2023-03-18
6021,Nisha Karki,NP,2024-05-10
2918,Anju Sharma,NP,2024-04-24
3532,Nisha Joshi,NP,2022-04-10
1149,Sita Gurung,JP,2022-09-29
2773,Kiran Gurung,NP,2023-07-14
3391,Aarav Joshi,NP,2022-07-29
6917,Gita Thapa,BR,2024-10-04
8964,Dipesh Gurung,NP,2020-05-09
8441,Rita Magar,US,2021-01-23
4487,Sita Rai,NP,2023-12-10
2108,Dipesh Tamang,JP,2024-07-04
6914,Anju Adhikari,GB,2021-02-18
3756,Rohan Adhikari,NP,2021-12-31
1210,Mina Gurung,NP,2023-12-04
1443,Priya Shrestha,NP,2022-05-11
2210,Dipesh Gurung,DE,2021-02-09
5346,Rita Magar,BR,2023-04-22
184,Rita Basnet,US,2024-03-27
275,Sanjay Basnet,NP,2023-12-07
6413,Nisha Tamang,JP,2023-01-18
1203,Rohan Joshi,IN,2024-07-15
9967,Maya Basnet,NP,2024-11-11
6133,Anju Rai,NP,2022-07-21
1749,Nisha Sharma,NP,2024-02-18
764,Priya Joshi,US,2023-04-23
4053,Bibek Basnet,NP,2024-06-17
6615,Sanjay Shrestha,DE,2021-11-15
539,Mina Shrestha,NP,2023-08-18
3310,Bibek KC,IN,2020-08-07
6020,Hari Gurung,NP,2022-03-08
2724,Rohan Shrestha,NP,2022-10-27
485,Kiran Karki,IN,2022-01-11
6876,Nisha Shrestha,IN,2021-07-14
376,Mina Sharma,NP,2023-05-22
869,Rita Sharma,DE,2024-07-04
4666,Sita Joshi,DE,2024-01-28
8338,Priya Tamang,NP,2024-09-02
8567,Sanjay Thapa,BR,2024-12-19
9590,Rohan Rai,US,2022-11-20
9850,Suman Basnet,JP,2021-08-12
893,Priya Basnet,NP,2020-04-22
6519,Kiran Basnet,NP,2023-12-08
1625,Anju Thapa,IN,2022-04-27
8537,Priya Adhikari,NP,2024-07-01
463,Maya Sharma,NP,2022-07-18
9913,Aarav Tamang,NP,2021-09-02
5997,Bibek Thapa,NP,2024-06-21
6479,Sanjay Thapa,NP,2024-06-02
4675,Suman Thapa,NP,2025-05-04
6547,Bibek Joshi,AU,2025-06-08
2785,Priya Magar,NP,2024-10-15
1070,Maya KC,NP,2023-02-08
9443,Dipesh Basnet,US,2023-01-20
5831,Kiran Basnet,NP,2024-02-13
35,Nisha Sharma,NP,2024-04-25
7056,Hari Magar,NP,2023-09-04
2443,Priya Tamang,NP,2022-05-31
5855,Aarav KC,NP,2023-04-03
1068,Priya Rai,NP,2023-08-29
3278,Bibek Basnet,DE,2023-11-13
7365,Hari Tamang,NP,2023-07-12
4252,Sanjay Adhikari,DE,2024-09-16
7569,Dipesh Basnet,NP,2024-09-09
8746,Bibek Joshi,NP,2021-12-23
448,Suman Sharma,AU,2022-11-15
318,Sita Basnet,AU,2021-03-29
7817,Hari Adhikari,US,2024-09-11
2548,Bibek Adhikari,US,2023-12-08
7977,Hari Basnet,NP,2023-11-10
5408,Bibek Gurung,NP,2025-06-02
2647,Dipesh Thapa,US,2024-07-12
4857,Rohan Basnet,NP,2024-08-26
2914,Mina Shrestha,NP,2023-08-03
9872,Gita Adhikari,US,2022-10-09
3521,Nisha Shrestha,DE,2022-07-27
872,Maya Adhikari,NP,2024-01-22
4894,Gita Gurung,NP,2021-05-15
5709,Sita Adhikari,NP,2021-09-29
53,Aarav Rai,NP,2021-10-18
6121,Suman Sharma,NP,2022-06-25
7684,Priya Basnet,US,2024-11-10
6748,Kiran Joshi,NP,2024-04-13
4956,Priya Joshi,NP,2022-03-13
2333,Sanjay Karki,BR,2022-03-06
619,Bibek Basnet,US,2023-06-02
9005,Sita Magar,US,2021-07-08
8219,Suman Karki,NP,2020-09-10
8809,Maya Adhikari,NP,2023-11-17
5446,Maya Adhikari,NP,2024-05-09
9679,Dipesh Karki,AU,2022-06-06
2338,Hari Sharma,NP,2023-07-07
3380,Kiran Thapa,NP,2022-07-21
8936,Suman Gurung,NP,2020-07-28
7993,Nisha Karki,NP,2022-12-30
7356,Aarav Karki,NP,2022-12-23
8440,Dipesh Tamang,NP,2025-05-15
8544,Mina Thapa,NP,2023-12-03
3267,Aarav Tamang,NP,2022-10-12
5656,Nisha Thapa,GB,2020-11-04
2996,Aarav Magar,NP,2020-07-04
8786,Suman Magar,IN,2023-02-19
7520,Sanjay Gurung,NP,2024-02-02
9563,Sita Sharma,NP,2022-07-29
7012,Anju Magar,NP,2022-06-06
3363,Bibek Magar,NP,2025-03-17
1319,Bibek Joshi,NP,2020-08-11
6575,Kiran Adhikari,IN,2021-04-15
8415,Aarav Karki,NP,2023-06-18
5451,Sita Magar,DE,2020-10-23
9437,Anju Joshi,NP,2023-03-22
1645,Anju Adhikari,US,2020-10-15
2558,Maya Rai,NP,2024-01-11
4584,Bibek Shrestha,AU,2021-03-15
425,Mina Tamang,NP,2024-11-14
4544,Bibek Rai,NP,2023-06-23
6487,Aarav Adhikari,NP,2020-05-25
2202,Gita Joshi,NP,2022-09-20
7083,Dipesh Shrestha,JP,2020-05-16
9385,Sita Thapa,DE,2024-07-02
3289,Dipesh Karki,NP,2022-06-11
6718,Rita Karki,DE,2021-06-23
8227,Maya KC,NP,2022-01-22
9635,Priya Joshi,NP,2025-06-11
712,Maya Thapa,IN,2020-07-01
5714,Sanjay Shrestha,NP,2024-10-09
7161,Anju Adhikari,NP,2022-03-18
4613,Kiran Rai,DE,2020-08-07
1530,Hari Basnet,NP,2024-02-26
78,Sanjay Basnet,NP,2022-06-18
4105,Priya KC,NP,2020-02-22
5416,Priya Karki,NP,2024-12-27
3467,Nisha Rai,JP,2023-08-07
8119,Rohan Gurung,NP,2021-08-31
5300,Anju Sharma,NP,2023-05-19
2934,Gita Joshi,NP,2023-05-15
1271,Nisha Magar,IN,2024-07-12
1130,Maya Gurung,NP,2023-10-28
9868,Rohan KC,NP,2022-07-06
4299,Maya Gurung,NP,2020-11-20
9127,Sita Rai,US,2020-06-26
4395,Anju Shrestha,JP,2022-03-17
1663,Aarav Shrestha,NP,2020-02-11
1106,Suman Thapa,JP,2020-11-27
5048,Hari KC,NP,2021-07-11
1939,Mina Adhikari,BR,2024-09-13
1792,Dipesh Sharma,AU,2021-10-23
4306,Maya Thapa,JP,2022-05-26
4404,Suman Gurung,JP,2023-08-08
5769,Suman Basnet,NP,2020-07-01
8768,Bibek Karki,NP,2024-03-04
1912,Sita Thapa,NP,2022-10-23
6181,Priya Basnet,NP,2023-12-27
6201,Aarav Thapa,AU,2024-10-06
4234,Bibek Magar,BR,2021-11-20
1866,Rohan Karki,NP,2022-03-25
7994,Rita Rai,AU,2020-11-22
2129,Gita Basnet,US,2024-05-07
8220,Maya Basnet,AU,2022-01-19
811,Bibek Thapa,NP,2025-03-31
193,Sita Karki,GB,2025-03-26
9660,Rita Gurung,IN,2023-01-04
6186,Suman Joshi,JP,2023-11-23
2223,Dipesh Tamang,JP,2023-05-30
5046,Anju Tamang,NP,2024-08-17
6268,Nisha Magar,NP,2022-10-01
3441,Mina Adhikari,NP,2021-05-11
9034,Sita Joshi,NP,2020-07-28
1328,Hari Rai,JP,2025-01-16
3795,Gita Sharma,NP,2024-02-09
8054,Kiran Shrestha,NP,2020-02-22
4974,Bibek Rai,NP,2025-05-02
8776,Gita Magar,NP,2024-10-10
8872,Maya Tamang,NP,2020-03-03
6739,Nisha Rai,NP,2025-03-25
7294,Priya Rai,NP,2022-10-23
3723,Gita Shrestha,NP,2022-11-03
3293,Aarav Shrestha,BR,2023-04-10
8141,Rohan Basnet,JP,2024-11-24
4606,Nisha Tamang,IN,2022-06-29
2737,Bibek Basnet,NP,2021-11-15
6597,Sita KC,IN,2021-09-07
9217,Maya Shrestha,NP,2023-03-24
2464,Sita Gurung,NP,2022-08-03
8424,Gita Basnet,US,2024-02-22
2590,Anju Sharma,NP,2023-10-28
1026,Kiran Shrestha,GB,2021-10-10
5171,Kiran Joshi,NP,2023-03-23
2810,Nisha Joshi,NP,2020-10-18
3502,Dipesh Gurung,US,2023-11-04
2594,Rita Tamang,JP,2021-08-20
6506,Dipesh Gurung,NP,2024-07-06
3980,Mina Shrestha,NP,2022-01-16
7367,Mina Basnet,NP,2024-02-12
4915,Bibek Thapa,NP,2020-02-01
958,Kiran Gurung,NP,2021-04-27
1138,Aarav Magar,NP,2024-03-29
3164,Kiran Tamang,NP,2024-05-06
7142,Sita Basnet,US,2022-02-28
2411,Maya Gurung,NP,2025-01-25
3679,Mina Thapa,NP,2024-12-24
3623,Nisha Tamang,US,2022-08-15
2721,Maya Rai,US,2021-03-14
942,Gita Sharma,NP,2022-03-11
7168,Suman Karki,NP,2022-08-11
6895,Anju Adhikari,AU,2020-08-07
9015,Anju Tamang,NP,2023-03-30
6931,Suman Basnet,NP,2020-09-11
4267,Priya Thapa,JP,2022-06-19
3609,Kiran Thapa,US,2024-05-03
115,Dipesh Gurung,NP,2020-03-28
2531,Bibek Gurung,IN,2021-03-19
9187,Priya Joshi,IN,2024-12-20
263,Anju Adhikari,IN,2022-08-24
8721,Gita Adhikari,JP,2021-01-17
3562,Nisha Gurung,NP,2020-08-09
3347,Gita Rai,GB,2023-08-01
3913,Bibek Rai,NP,2020-05-16
6343,Bibek Shrestha,NP,2021-06-07
5319,Priya Magar,AU,2024-09-28
2883,Hari Sharma,US,2020-11-07
320,Rita Karki,NP,2022-10-21
1852,Hari Karki,NP,2020-01-26
3683,Suman Gurung,NP,2022-03-03
7159,Priya Shrestha,US,2023-11-11
4462,Nisha Sharma,NP,2023-02-05
7735,Suman Joshi,NP,2023-08-26
912,Hari Gurung,NP,2021-07-08
9611,Suman Sharma,NP,2020-12-30
2018,Dipesh Adhikari,IN,2020-09-06
7262,Aarav Magar,NP,2024-02-08
8858,Kiran Adhikari,US,2024-08-30
4934,Rita Tamang,IN,2023-05-16
4868,Mina Magar,NP,2025-02-13
3937,Maya Gurung,JP,2021-10-19
8694,Gita Sharma,JP,2025-02-11
1127,Bibek Adhikari,NP,2023-11-01
8587,Mina Adhikari,AU,2023-08-11
1736,Gita Magar,NP,2022-12-10
3916,Sanjay Joshi,NP,2021-10-28
9146,Aarav Magar,NP,2023-06-03
1369,Sita Shrestha,BR,2024-04-15
2325,Nisha Sharma,US,2023-08-31
6145,Kiran KC,AU,2022-06-09
1641,Nisha KC,US,2023-01-20
7473,Mina Joshi,NP,2023-01-12
8236,Sanjay Gurung,NP,2023-06-04
1925,Rita Joshi,US,2021-05-08
807,Maya Shrestha,NP,2025-01-27
7622,Rohan Rai,JP,2020-04-24
8674,Gita Karki,NP,2023-10-24
8555,Maya Sharma,NP,2020-01-01
2622,Bibek Adhikari,IN,2024-09-03
8956,Suman Adhikari,NP,2020-07-11
658,Nisha Gurung,NP,2022-03-14
2354,Aarav KC,NP,2022-02-22
190,Gita Adhikari,NP,2023-02-25
5902,Gita Magar,GB,2022-09-26
9654,Dipesh Adhikari,US,2025-06-01
4309,Aarav Basnet,US,2021-02-22
3427,Gita Joshi,JP,2023-02-24
6921,Maya Magar,NP,2020-05-19
7616,Suman Tamang,NP,2020-08-03
3595,Kiran Gurung,NP,2023-01-16
1976,Sanjay Adhikari,NP,2021-12-23
2740,Rohan KC,DE,2024-05-23
8201,Maya Thapa,IN,2025-04-19
1418,Sanjay Sharma,IN,2024-01-28
4293,Kiran Rai,IN,2024-04-02
3647,Maya Sharma,JP,2020-06-18
1734,Bibek Joshi,NP,2022-02-08
71,Sanjay KC,GB,2024-10-19
4553,Nisha Gurung,IN,2021-11-29
4086,Bibek Adhikari,US,2020-10-17
5521,Rita Magar,NP,2024-01-11
5842,Anju Tamang,NP,2020-08-31
8912,Mina Karki,NP,2021-01-19
1824,Priya Shrestha,NP,2023-07-29
2488,Sita Magar,NP,2020-10-30
5886,Nisha Shrestha,NP,2024-02-19
3904,Rita Basnet,NP,2024-02-03
4735,Suman Gurung,US,2023-05-02
7300,Sanjay Shrestha,DE,2022-07-31
9809,Nisha Thapa,JP,2024-06-06
9435,Sanjay KC,NP,2022-06-17
7459,Aarav Karki,NP,2021-10-20
2439,Priya Gurung,NP,2023-02-28
7206,Sita Gurung,NP,2021-08-16
8035,Gita Basnet,NP,2022-06-05
5543,Rohan Gurung,NP,2021-08-25
7663,Kiran Basnet,NP,2024-10-11
4132,Anju Thapa,NP,2021-05-16
576,Kiran Joshi,US,2022-11-09
6811,Dipesh Sharma,NP,2024-10-22
7386,Priya Joshi,NP,2024-02-04
1498,Suman Joshi,JP,2025-01-18
7102,Hari Joshi,NP,2021-06-07
8177,Sita Basnet,NP,2025-05-14
1110,Kiran Joshi,JP,2021-02-20
8916,Bibek Thapa,NP,2020-09-13
3751,Mina KC,NP,2022-09-02
9627,Sita Magar,NP,2021-01-05
8387,Priya Rai,JP,2020-08-18
2608,Nisha Adhikari,US,2024-08-23
3412,Sita Magar,NP,2020-01-20
2089,Bibek Rai,NP,2021-08-30
7125,Mina Karki,NP,2023-11-21
9637,Kiran Karki,US,2020-02-11
4375,Bibek Rai,NP,2020-06-01
7965,Nisha Thapa,NP,2023-11-16
365,Dipesh Shrestha,NP,2023-04-19
4699,Aarav KC,NP,2020-10-20
8868,Hari Adhikari,NP,2021-07-20
3736,Anju Shrestha,NP,2024-02-08
4348,Nisha Rai,JP,2021-06-27
7171,Priya Tamang,JP,2022-11-10
5647,Maya KC,IN,2020-06-19
2833,Suman KC,NP,2023-09-14
4474,Nisha Adhikari,NP,2022-09-08
5062,Bibek Gurung,US,2024-04-27
6384,Rita KC,NP,2022-07-17
4578,Anju Thapa,US,2024-01-23
2166,Dipesh Rai,GB,2025-06-20
1738,Bibek Magar,NP,2020-08-30
6935,Rita Adhikari,IN,2020-01-01
5996,Mina Gurung,AU,2024-04-06
4568,Sanjay KC,NP,2024-10-02
339,Sita Gurung,NP,2023-03-17
7492,Sanjay Adhikari,GB,2022-08-29
1778,Hari Karki,NP,2021-01-10
8605,Nisha Joshi,NP,2022-05-09
3628,Nisha Basnet,NP,2022-08-30
4953,Gita Sharma,NP,2020-06-25
9942,Kiran Sharma,NP,2022-06-10
4995,Hari Shrestha,NP,2020-03-05
5007,Anju Thapa,NP,2020-12-29
1574,Sanjay Adhikari,NP,2024-10-22
9519,Aarav Thapa,NP,2024-07-14
6721,Dipesh Thapa,NP,2025-04-14
5172,Anju Basnet,JP,2025-01-03
9039,Rita Rai,NP,2023-01-09
1100,Rohan Thapa,NP,2024-06-15
7205,Mina Karki,NP,2023-06-04
9681,Suman Sharma,NP,2020-07-08
9986,Gita Tamang,NP,2024-06-05
9533,Anju Tamang,GB,2021-10-30
6422,Mina Gurung,NP,2023-02-18
8295,Priya Basnet,NP,2025-03-01
4126,Anju Basnet,NP,2021-03-13
7455,Dipesh Basnet,NP,2021-03-22
3092,Kiran Joshi,NP,2020-10-13
2182,Mina KC,BR,2021-01-04
9882,Rohan Gurung,NP,2025-01-06
8819,Hari Sharma,NP,2023-11-20
6348,Mina Sharma,AU,2024-06-22
3027,Dipesh KC,NP,2022-10-20
9058,Priya Joshi,NP,2024-08-26
2553,Sita Joshi,NP,2021-03-23
385,Rita Adhikari,NP,2025-01-31
4817,Priya Joshi,US,2024-06-10
3985,Maya Tamang,DE,2020-01-16
1308,Kiran Magar,JP,2022-06-19
6653,Hari KC,NP,2025-06-23
5589,Anju Gurung,DE,2023-04-07
4131,Bibek Magar,IN,2024-04-01
3269,Gita Gurung,GB,2021-08-08
3100,Dipesh Shrestha,NP,2022-09-28
7951,Suman Adhikari,US,2024-05-08
93,Bibek KC,IN,2024-06-23
8340,Bibek Tamang,GB,2023-04-18
4703,Sanjay Joshi,BR,2021-06-04
7511,Anju Shrestha,IN,2024-09-17
7589,Hari KC,NP,2024-12-29
558,Bibek Basnet,GB,2024-03-09
8174,Mina Karki,IN,2020-11-03
5316,Rita Thapa,NP,2023-03-24
4141,Rita Adhikari,IN,2021-01-04
1425,Hari Basnet,US,2020-06-23
9021,Priya Gurung,AU,2023-08-17
5604,Gita Shrestha,NP,2022-04-21
3308,Mina Karki,US,2025-04-30
1542,Aarav KC,IN,2021-08-02
3392,Dipesh Rai,DE,2023-03-26
7797,Bibek Magar,NP,2022-10-17
5123,Dipesh Thapa,JP,2021-01-26
5409,Rita Karki,US,2023-01-11
4154,Nisha Tamang,AU,2021-05-06
6163,Priya Adhikari,NP,2025-04-01
7657,Dipesh Joshi,NP,2021-04-13
7378,Aarav Gurung,IN,2024-02-28
1136,Nisha KC,NP,2021-02-12
3246,Gita Magar,AU,2021-04-04
9396,Priya Magar,NP,2022-12-02
9409,Sanjay Magar,NP,2024-10-21
2965,Anju Basnet,NP,2023-09-02
3824,Maya Tamang,JP,2024-07-18
5169,Gita Adhikari,IN,2021-08-07
7688,Dipesh Basnet,NP,2024-12-16
4096,Rita Basnet,NP,2023-04-24
3803,Priya Sharma,AU,2021-11-23
6468,Bibek Basnet,NP,2023-04-05
1391,Mina Joshi,NP,2024-07-13
4441,Priya Sharma,US,2023-05-10
9995,Kiran Adhikari,JP,2022-01-14
8559,Aarav Gurung,NP,2024-06-17
7379,Gita Karki,NP,2022-04-23
9534,Anju Adhikari,NP,2020-03-23
7647,Rita Shrestha,NP,2024-10-03
9228,Sanjay Magar,AU,2021-12-08
354,Sanjay Magar,NP,2024-09-14
1556,Suman KC,NP,2025-06-24
1649,Kiran Karki,NP,2020-09-03
1207,Bibek Basnet,NP,2023-02-03
4308,Dipesh KC,NP,2022-11-13
4545,Hari KC,JP,2020-04-18
8713,Aarav Adhikari,NP,2021-04-26
4342,Aarav Joshi,NP,2022-11-30
1586,Anju Rai,NP,2021-02-08
3978,Gita Karki,AU,2024-11-27
7724,Priya Joshi,NP,2023-01-02
299,Mina Shrestha,BR,2023-03-17
238,Suman Thapa,NP,2024-12-28
4125,Nisha Karki,NP,2020-06-01
7042,Suman Adhikari,NP,2021-01-29
1660,Suman Sharma,BR,2021-08-04
7915,Priya Adhikari,BR,2024-12-03
8568,Dipesh Gurung,NP,2021-07-17
4965,Maya Magar,US,2024-03-18
9189,Suman Karki,GB,2023-11-29
8731,Dipesh Shrestha,JP,2025-03-29
8011,Rohan Joshi,NP,2020-02-22
9574,Maya Karki,AU,2022-11-07
7772,Sanjay Karki,NP,2020-02-28
351,Gita Shrestha,NP,2021-12-22
3185,Mina Rai,US,2022-07-17
1252,Nisha Basnet,NP,2022-12-03
5344,Dipesh Shrestha,NP,2022-11-12
9453,Bibek Rai,NP,2023-07-07
329,Priya Gurung,IN,2020-01-29
3829,Kiran Gurung,NP,2022-11-28
9212,Rohan Basnet,NP,2022-04-03
4220,Hari Joshi,NP,2023-02-04
3513,Anju Magar,NP,2025-01-28
3110,Bibek Magar,NP,2023-03-11
7250,Rita Tamang,NP,2020-11-05
8646,Nisha Joshi,US,2022-06-23
2009,Kiran Adhikari,DE,2021-01-21
2543,Rita Adhikari,NP,2024-10-02
7288,Kiran Shrestha,NP,2023-10-25
5918,Dipesh Shrestha,NP,2023-01-02
2118,Sanjay Thapa,NP,2022-08-30
7403,Rohan Magar,NP,2024-04-19
4061,Sita Tamang,NP,2024-10-19
1258,Sita KC,BR,2025-04-23
6356,Bibek Thapa,JP,2024-07-06
5002,Priya Karki,NP,2024-03-27
222,Sita Basnet,GB,2020-12-07
2658,Nisha Sharma,NP,2020-04-29
1190,Aarav Basnet,IN,2025-06-07
7894,Sanjay Thapa,NP,2021-04-26
8259,Sanjay Rai,NP,2025-03-15
4670,Mina Magar,NP,2021-05-03
7623,Sanjay Tamang,NP,2020-08-17
6367,Bibek Tamang,NP,2020-09-21
9087,Suman Sharma,NP,2024-04-06
8158,Dipesh Gurung,NP,2024-08-01
4303,Rohan Shrestha,NP,2021-08-20
4245,Rohan Joshi,NP,2022-12-07
5665,Sanjay Shrestha,BR,2024-03-16
6414,Aarav Thapa,NP,2023-07-22
1972,Anju Karki,GB,2025-02-06
1722,Rohan Karki,NP,2024-07-27
6602,Priya Gurung,NP,2024-06-06
2304,Dipesh Thapa,AU,2024-10-03
65,Hari Rai,NP,2021-06-06
1626,Rohan Basnet,BR,2020-01-13
9392,Kiran Shrestha,DE,2020-02-07
6387,Dipesh Basnet,US,2025-06-11
8492,Maya Shrestha,JP,2020-09-10
1965,Maya Rai,NP,2023-01-12
1870,Dipesh KC,JP,2020-12-10
3366,Hari Gurung,NP,2023-01-13
3924,Maya Gurung,NP,2021-12-13
4743,Nisha Karki,NP,2020-04-22
4511,Sanjay Magar,NP,2024-05-16
1308,Kiran Magar,JP,2022-04-11
8937,Aarav Karki,NP,2024-02-21
4376,Mina Magar,NP,2022-02-10
8449,Nisha Basnet,NP,2020-07-13
5351,Kiran Sharma,NP,2025-02-19
1907,Rita Rai,NP,2024-10-01
3126,Bibek Thapa,IN,2020-05-01
2405,Dipesh Shrestha,IN,2021-02-09
7091,Hari KC,AU,2023-09-02
5821,Mina Thapa,IN,2025-06-17
4782,Rita Gurung,NP,2022-09-11
4449,Gita Rai,IN,2023-03-31
9724,Mina Magar,JP,2023-11-14
7098,Dipesh Shrestha,GB,2024-02-06
6072,Aarav Thapa,DE,2021-12-09
4522,Hari Magar,NP,2021-02-16
3447,Rita Basnet,NP,2021-02-06
7103,Nisha Karki,NP,2021-01-14
2294,Bibek Thapa,NP,2021-03-11
9211,Mina Magar,JP,2021-07-21
5677,Hari Rai,NP,2022-11-13
7846,Priya KC,IN,2024-02-01
6729,Sita Karki,NP,2020-10-08
6891,Maya Karki,NP,2021-08-20
7023,Priya Tamang,NP,2021-12-02
1598,Rohan Rai,GB,2022-04-07
5680,Priya Sharma,JP,2025-02-17
5555,Mina Thapa,NP,2020-09-27
7610,Dipesh KC,NP,2023-06-18
9662,Suman Magar,BR,2024-01-01
1701,Maya Tamang,NP,2020-11-23
7283,Anju Gurung,NP,2020-03-06
7381,Bibek KC,AU,2020-07-30
1554,Rita KC,DE,2021-09-19
9827,Priya Thapa,NP,2022-10-10
5987,Suman Adhikari,NP,2024-03-04
3190,Anju Joshi,IN,2024-02-23
3525,Priya Magar,AU,2024-12-06
1818,Suman Rai,AU,2020-03-12
4649,Bibek Magar,NP,2020-06-02
570,Dipesh Karki,IN,2022-07-04
4385,Aarav KC,JP,2025-05-04
7886,Suman Magar,NP,2025-05-03
5286,Aarav Shrestha,NP,2022-01-26
1122,Sita Rai,NP,2023-05-21
710,Suman Adhikari,IN,2024-01-25
5044,Rita Adhikari,NP,2021-06-06
2434,Rita Rai,NP,2023-03-07
4996,Anju Shrestha,AU,2025-03-22
9708,Rohan Karki,DE,2020-08-24
8280,Rohan Tamang,NP,2023-05-23
1668,Rohan Gurung,JP,2021-08-07
1009,Sita Magar,IN,2024-10-02
2472,Kiran Sharma,NP,2022-01-23
9731,Rohan Basnet,NP,2021-09-30
9148,Bibek Thapa,NP,2022-08-18
3596,Mina Adhikari,NP,2022-01-25
9949,Sita Rai,GB,2022-07-18
3371,Anju Thapa,NP,2021-01-02
1628,Mina KC,NP,2022-10-18
8561,Suman Magar,IN,2020-02-27
3007,Suman Basnet,NP,2021-03-11
420,Bibek Rai,JP,2024-10-10
3076,Hari Karki,NP,2023-09-23
397,Mina Sharma,NP,2023-09-23
6581,Rohan Sharma,NP,2020-10-04
8548,Kiran Magar,NP,2025-01-24
7607,Sita Sharma,NP,2023-05-17
3029,Kiran Shrestha,NP,2024-06-12
5525,Suman Thapa,AU,2024-01-21
1236,Rita Tamang,NP,2021-06-22
4648,Mina Gurung,JP,2021-08-17
6218,Maya KC,IN,2020-05-24
1664,Anju KC,NP,2023-06-12
5012,Rita Thapa,AU,2022-07-10
3736,Anju Shrestha,NP,2021-03-27
4186,Kiran KC,IN,2022-10-15
1853,Bibek Shrestha,NP,2024-10-04
3671,Gita Adhikari,NP,2022-06-22
2173,Rita Gurung,DE,2020-01-22
9259,Suman KC,NP,2022-07-08
4684,Aarav Karki,DE,2022-11-05
6233,Gita Thapa,US,2021-12-21
6230,Gita Rai,NP,2023-11-10
9160,Bibek Rai,NP,2023-02-24
6663,Sanjay Sharma,NP,2025-05-27
9201,Dipesh Gurung,NP,2022-04-20
3336,Sita Basnet,NP,2020-03-02
3874,Mina Shrestha,BR,2023-06-13
1262,Maya Basnet,NP,2025-01-12
9444,Gita Basnet,NP,2023-07-03
1744,Maya Joshi,NP,2024-01-10
4946,Priya Shrestha,NP,2021-02-21
8013,Rita Karki,NP,2023-10-06
3505,Dipesh Gurung,IN,2021-09-30
2714,Hari Shrestha,NP,2024-06-19
9323,Dipesh KC,JP,2022-08-21
3062,Gita Joshi,NP,2022-08-14
2252,Sita Thapa,NP,2020-09-16
342,Hari Basnet,BR,2020-10-23
8380,Priya Basnet,NP,2022-11-17
2116,Rita KC,NP,2022-07-22
4036,Rohan Basnet,US,2021-04-04
9714,Kiran Magar,NP,2023-04-09
181,Hari Basnet,NP,2020-03-29
1042,Gita Magar,NP,2023-05-18
8797,Kiran Joshi,AU,2020-05-14
2372,Aarav Sharma,JP,2020-02-20
759,Maya Shrestha,NP,2020-06-13
7158,Hari Joshi,DE,2021-11-06
201,Nisha Tamang,NP,2020-11-29
4202,Kiran Sharma,NP,2020-11-30
9568,Gita Magar,NP,2024-05-04
2190,Rita Rai,US,2024-05-07
7538,Suman KC,NP,2023-03-10
7852,Mina Magar,NP,2024-08-01
987,Mina Sharma,NP,2020-04-08
9776,Mina KC,DE,2022-11-17
5099,Suman Tamang,AU,2023-01-19
1707,Priya Magar,NP,2024-04-18
8091,Kiran Rai,NP,2025-04-20
2961,Kiran KC,NP,2022-12-08
111,Suman Magar,DE,2021-04-02
9377,Maya Adhikari,NP,2023-06-21
5510,Gita Basnet,NP,2024-07-01
3883,Gita Sharma,BR,2023-03-22
6491,Nisha Tamang,DE,2021-01-28
8115,Dipesh Sharma,NP,2024-03-20
7498,Sita Gurung,NP,2022-06-03
8940,Maya Tamang,JP,2024-04-17
661,Rita Sharma,NP,2024-12-24
6841,Sita Gurung,JP,2025-06-20
2072,Priya Gurung,NP,2024-07-30
1287,Maya Joshi,GB,2020-09-25
8686,Maya Basnet,NP,2025-04-12
6722,Sita Adhikari,NP,2020-09-17
960,Nisha Rai,NP,2022-06-01
460,Aarav Joshi,NP,2021-01-09
9126,Mina KC,DE,2025-02-09
2619,Aarav Shrestha,NP,2021-09-01
598,Kiran KC,NP,2021-07-28
2956,Hari Tamang,NP,2024-09-28
4393,Priya Basnet,BR,2024-04-23
1148,Anju Magar,IN,2023-01-24
9988,Dipesh Rai,NP,2021-09-20
3035,Priya Rai,NP,2024-12-10
108,Bibek Karki,NP,2024-02-02
8792,Suman Rai,DE,2021-07-31
7655,Priya Karki,US,2024-01-17
2579,Kiran KC,NP,2024-01-05
8751,Suman Magar,US,2021-08-26
1342,Gita Tamang,NP,2023-12-13
3641,Dipesh Shrestha,NP,2022-03-02
22,Kiran Thapa,NP,2025-05-20
2667,Suman Magar,NP,2025-05-12
9565,Mina KC,IN,2022-04-28
1349,Anju Thapa,JP,2024-02-16
9089,Sanjay Joshi,NP,2020-12-18
1311,Gita Magar,NP,2025-05-20
8565,Dipesh Magar,US,2024-11-13
200,Nisha Magar,NP,2024-01-02
9642,Mina Basnet,GB,2025-05-07
6280,Sita Gurung,GB,2020-11-29
6423,Gita Basnet,NP,2023-10-28
8643,Nisha Magar,NP,2022-04-15
4440,Rita Tamang,AU,2020-11-20
9098,Anju Magar,NP,2024-10-16
4162,Gita Thapa,NP,2024-08-17
4442,Dipesh Karki,NP,2025-03-30
9404,Sita Thapa,BR,2022-12-10
6088,Bibek Shrestha,IN,2023-05-23
2448,Mina Shrestha,BR,2023-08-01
6184,Gita KC,NP,2024-12-07
6010,Aarav Gurung,NP,2023-01-12
2686,Sita Basnet,NP,2024-06-17
6452,Mina KC,NP,2023-12-04
8873,Maya Shrestha,BR,2021-11-15
969,Suman Thapa,NP,2020-01-01
410,Maya Sharma,NP,2023-11-23
5813,Rita Adhikari,US,2020-11-06
7627,Kiran Sharma,NP,2025-01-13
392,Priya Magar,NP,2023-12-09
5617,Sita Thapa,NP,2024-08-13
36,Rohan Thapa,US,2021-11-27
5964,Rohan Rai,GB,2023-07-10
931,Mina Adhikari,NP,2023-03-02
3018,Gita KC,NP,2024-04-05
8579,Rita Shrestha,JP,2024-12-26
8068,Hari Thapa,IN,2023-02-14
3732,Priya Shrestha,NP,2020-02-07
1310,Rohan Karki,IN,2020-11-27
194,Rita Rai,BR,2021-05-11
4727,Sanjay Magar,NP,2023-05-21
4340,Sita Tamang,NP,2020-10-29
5365,Bibek Shrestha,NP,2024-04-04
7649,Sanjay Basnet,NP,2021-01-12
1037,Dipesh Tamang,NP,2021-05-06
121,Rita Gurung,JP,2022-01-08
3850,Rita Shrestha,NP,2022-06-04
2153,Anju Basnet,NP,2022-06-07
8297,Rohan Gurung,IN,2020-03-12
1988,Hari Thapa,NP,2020-01-19
9128,Suman Rai,NP,2020-11-10
2580,Anju Basnet,IN,2024-04-24
7829,Anju Rai,NP,2021-03-05
418,Bibek Thapa,NP,2023-11-02
6905,Priya Karki,NP,2025-05-14
6132,Hari Tamang,NP,2022-08-03
2316,Rohan Sharma,IN,2023-01-10
2332,Gita Sharma,NP,2021-07-10
44,Dipesh Adhikari,NP,2021-05-04
5111,Dipesh Karki,NP,2022-03-22
7611,Maya Thapa,NP,2023-05-15
9943,Rita Magar,BR,2023-02-18
8977,Nisha Shrestha,IN,2021-11-03
5598,Aarav Basnet,NP,2023-10-25
6781,Nisha KC,NP,2024-02-06
5957,Suman Joshi,NP,2023-04-23
3145,Bibek Rai,US,2020-10-21
313,Dipesh Rai,NP,2022-05-29
8616,Mina Karki,NP,2025-01-21
5151,Rohan Sharma,JP,2022-07-13
5705,Rita Magar,DE,2025-06-18
7710,Hari Sharma,NP,2025-06-22
4372,Sanjay KC,NP,2023-07-12
7693,Priya Joshi,US,2024-08-11
11,Maya KC,AU,2021-02-13
7345,Priya Karki,NP,2020-03-11
5854,Bibek Thapa,NP,2024-08-03
5326,Suman Tamang,NP,2023-09-19
7476,Suman Thapa,NP,2022-07-18
5748,Sanjay Thapa,NP,2024-06-30
8058,Sanjay Magar,NP,2023-12-02
6665,Mina Joshi,NP,2025-06-17
3528,Rohan Gurung,NP,2023-03-18
2267,Gita Gurung,DE,2025-02-21
48,Rita Magar,US,2023-07-10
8370,Hari Sharma,IN,2020-03-21
8789,Aarav Sharma,NP,2025-05-03
7892,Sanjay Shrestha,BR,2020-09-25
7596,Bibek Magar,NP,2024-01-07
5998,Mina Shrestha,NP,2024-08-25
2353,Rita Magar,NP,2021-10-19
4222,Anju Tamang,NP,2025-03-23
9879,Mina Joshi,BR,2020-06-04
4423,Nisha Gurung,NP,2020-12-16
2643,Suman Karki,NP,2022-07-22
8484,Sanjay Gurung,IN,2021-02-05
7072,Aarav Shrestha,NP,2021-12-16
9638,Rita Adhikari,IN,2025-01-08
1545,Rita Basnet,IN,2022-12-02
8795,Suman Thapa,NP,2024-08-29
459,Priya Tamang,US,2020-01-29
961,Sanjay KC,NP,2024-06-24
7691,Anju Basnet,NP,2022-03-10
5211,Sita Joshi,NP,2024-07-20
1640,Bibek Gurung,NP,2023-09-05
4390,Nisha KC,NP,2020-08-07
794,Kiran Shrestha,NP,2022-02-21
9535,Maya Joshi,IN,2023-05-30
9282,Priya Shrestha,NP,2022-11-26
7533,Priya Shrestha,US,2020-11-04
1674,Mina Magar,NP,2023-10-28
8737,Gita Rai,NP,2021-05-17
7510,Aarav Magar,GB,2024-02-26
6151,Priya Rai,JP,2020-03-30
5018,Sita Karki,NP,2021-11-28
7446,Nisha Magar,IN,2022-01-04
2198,Sita Adhikari,NP,2022-08-10
5034,Maya Basnet,NP,2023-09-16
7069,Anju KC,JP,2025-04-04
9317,Nisha Joshi,NP,2024-05-08
6825,Maya Magar,IN,2023-05-29
9924,Bibek Shrestha,DE,2020-07-02
2946,Priya Joshi,JP,2023-03-08
2261,Bibek Shrestha,DE,2020-03-15
2673,Sita Basnet,NP,2020-12-05
6638,Mina Adhikari,NP,2024-09-01
1214,Sanjay Adhikari,NP,2022-01-11
5070,Sanjay Adhikari,NP,2024-04-12
6189,Nisha Shrestha,NP,2022-06-05
1183,Bibek Rai,NP,2024-02-11
8732,Priya Gurung,US,2023-07-29
9539,Rohan Tamang,NP,2022-03-08
9551,Sita Joshi,NP,2021-12-06
3078,Hari Joshi,NP,2021-04-16
1995,Nisha Karki,NP,2025-05-28
2948,Suman Joshi,IN,2021-07-30
1088,Kiran Thapa,NP,2023-11-23
8600,Sanjay Sharma,NP,2020-04-11
3161,Aarav Tamang,NP,2021-12-06
1580,Rita Gurung,AU,2022-03-21
3249,Mina Adhikari,IN,2021-02-18
4438,Dipesh Magar,AU,2021-03-27
8684,Kiran Sharma,DE,2025-01-12
3325,Sita Adhikari,NP,2022-06-25
8892,Gita Gurung,NP,2022-04-05
1243,Anju Magar,NP,2024-09-11
3387,Mina Sharma,DE,2020-06-10
5778,Sanjay Magar,NP,2023-02-21
3569,Mina Adhikari,IN,2020-10-31
630,Aarav Thapa,NP,2021-09-15
8550,Aarav Tamang,US,2022-07-14
3590,Maya Thapa,NP,2025-02-23
8463,Bibek Joshi,DE,2020-05-20
7748,Suman Sharma,NP,2022-02-24
2606,Dipesh Joshi,NP,2021-05-05
866,Mina Basnet,NP,2024-07-09
7357,Nisha Thapa,NP,2020-01-21
9496,Kiran Thapa,US,2021-09-24
5072,Priya Tamang,IN,2022-12-23
9092,Priya KC,US,2020-11-28
3045,Mina Tamang,NP,2025-06-27
9191,Rita Gurung,JP,2024-03-31
511,Aarav Sharma,NP,2023-03-15
6913,Nisha Thapa,NP,2024-10-12
1974,Hari Thapa,US,2022-09-14
5885,Bibek Joshi,NP,2024-07-19
7846,Priya KC,IN,2020-03-23
8336,Priya Joshi,NP,2023-09-14
388,Kiran Gurung,JP,2023-01-07
5880,Sanjay Gurung,NP,2020-08-16
1380,Rohan KC,NP,2022-11-08
9770,Sita KC,NP,2023-07-09
3305,Nisha Rai,GB,2022-04-26
573,Hari Basnet,NP,2024-10-23
316,Sanjay Gurung,JP,2023-12-29
5392,Kiran Magar,BR,2024-07-19
4022,Aarav Shrestha,DE,2021-10-10
6524,Kiran Basnet,NP,2023-04-12
8208,Rohan KC,NP,2021-06-09
314,Dipesh Magar,NP,2023-01-21
4422,Aarav Basnet,AU,2020-10-04
4583,Sita Sharma,NP,2024-04-20
8723,Rohan Sharma,JP,2024-02-11
787,Sanjay Magar,NP,2021-08-21
6250,Sanjay KC,IN,2023-07-23
1771,Aarav Tamang,NP,2022-03-10
9328,Bibek Shrestha,NP,2022-11-28
7396,Sanjay Shrestha,NP,2020-05-17
9185,Mina Karki,NP,2023-05-09
7604,Dipesh Karki,NP,2023-04-12
2804,Anju Thapa,NP,2021-09-27
1354,Dipesh Rai,NP,2024-12-22
8780,Suman Basnet,NP,2023-07-10
9485,Dipesh Thapa,NP,2024-09-01
7387,Hari Karki,IN,2021-08-09
6118,Kiran Joshi,NP,2025-06-07
1109,Priya Rai,IN,2022-08-21
4370,Dipesh Basnet,NP,2024-03-11
6018,Bibek Karki,IN,2023-01-15
4841,Mina Rai,NP,2020-12-22
3204,Gita KC,JP,2023-12-02
5145,Dipesh Gurung,BR,2022-10-15
3812,Rohan Tamang,US,2022-06-12
8063,Aarav Sharma,NP,2022-01-15
2348,Mina Rai,IN,2024-01-19
2193,Rohan Magar,IN,2020-11-16
4785,Priya Gurung,BR,2020-02-26
4858,Mina Sharma,JP,2020-07-06
9487,Mina Basnet,BR,2021-05-16
369,Kiran Thapa,NP,2023-08-01
5628,Anju Sharma,IN,2025-05-28
7113,Anju Thapa,NP,2021-05-26
6435,Anju Tamang,NP,2022-09-24
8895,Mina Joshi,NP,2024-05-02
1706,Rohan Magar,BR,2020-07-27
6817,Gita Basnet,BR,2021-03-26
717,Sanjay Shrestha,NP,2021-12-15
5638,Gita Adhikari,NP,2020-07-26
7433,Suman KC,BR,2020-11-07
3800,Sanjay Shrestha,NP,2020-02-25
3464,Hari Basnet,DE,2021-09-13
1608,Priya Magar,DE,2025-02-26
1820,Aarav Adhikari,US,2020-06-10
4381,Anju Adhikari,AU,2021-03-09
3976,Priya Adhikari,NP,2022-04-17
9715,Sita Rai,NP,2021-12-19
2979,Dipesh Basnet,US,2023-07-23
1448,Bibek Sharma,NP,2021-02-24
3707,Maya Basnet,DE,2023-04-03
8905,Rohan Rai,NP,2020-04-26
2969,Maya Adhikari,NP,2020-12-09
9498,Aarav Gurung,JP,2021-05-05
6289,Rita Magar,US,2020-04-27
4849,Mina KC,NP,2020-07-15
9411,Sita Rai,NP,2020-12-13
88,Nisha Karki,IN,2025-02-15
8785,Kiran KC,NP,2023-10-08
2122,Bibek Basnet,NP,2025-01-12
962,Anju Shrestha,NP,2023-01-13
4803,Sita Shrestha,GB,2024-02-12
9893,Dipesh Basnet,NP,2024-11-17
9082,Sanjay KC,NP,2021-10-24
6601,Sita Basnet,NP,2025-01-23
9278,Bibek Shrestha,AU,2021-11-16
6239,Sita Basnet,DE,2023-07-17
9909,Hari Gurung,DE,2022-08-20
7055,Gita Basnet,NP,2022-04-26
6988,Suman Joshi,NP,2023-06-24
5637,Suman Sharma,AU,2020-06-12
1076,Bibek Karki,NP,2020-12-11
3999,Anju Adhikari,JP,2023-02-20
6090,Maya Thapa,NP,2025-05-16
7175,Nisha Joshi,US,2021-10-15
375,Bibek Karki,NP,2021-09-16
3951,Hari Tamang,NP,2022-03-17
3959,Aarav Joshi,NP,2022-09-28
3506,Rohan Basnet,IN,2022-07-16
5122,Gita Thapa,NP,2020-04-29
4338,Priya Gurung,NP,2022-05-08
6711,Gita Sharma,NP,2021-11-14
3579,Sanjay Gurung,NP,2023-12-10
3741,Hari KC,US,2024-06-24
9252,Rita Basnet,NP,2023-05-07
3013,Bibek Basnet,NP,2023-04-08
2327,Priya Rai,BR,2025-02-28
4153,Suman Rai,NP,2025-03-06
1467,Priya Karki,NP,2021-02-08
2052,Maya Joshi,NP,2025-03-01
4536,Sanjay Adhikari,NP,2020-05-20
3877,Bibek Joshi,NP,2022-02-15
7323,Mina Adhikari,NP,2023-10-28
45,Gita Karki,IN,2024-10-29
49,Suman Rai,IN,2020-12-19
8588,Gita Basnet,NP,2022-03-30
6084,Nisha Sharma,NP,2025-03-05
5820,Maya Tamang,NP,2022-11-01
9447,Bibek Thapa,NP,2023-05-12
2850,Hari Gurung,AU,2022-05-12
3746,Sita Basnet,NP,2022-03-11
5635,Dipesh Thapa,AU,2023-10-09
659,Anju KC,DE,2020-10-04
114,Sita Adhikari,NP,2022-01-02
3543,Rita Sharma,BR,2020-09-25
9804,Gita KC,NP,2023-04-21
240,Priya KC,NP,2020-11-07
310,Nisha Shrestha,NP,2021-08-13
2642,Maya Shrestha,NP,2020-04-14
4291,Rohan Shrestha,US,2023-05-18
3761,Kiran Joshi,US,2020-06-08
996,Maya Karki,NP,2022-07-17
2061,Maya KC,NP,2024-07-18
3928,Aarav KC,NP,2022-03-13
389,Anju KC,US,2024-10-15
7025,Rita Karki,GB,2024-03-23
7557,Bibek Rai,DE,2022-06-10
9363,Rohan Adhikari,JP,2024-07-25
9687,Mina Karki,NP,2022-12-31
3207,Anju Shrestha,US,2022-10-19
3830,Anju Tamang,JP,2024-07-19
7727,Sanjay Shrestha,NP,2021-03-03
6130,Dipesh Tamang,JP,2021-10-09
7527,Dipesh Rai,BR,2022-02-12
1849,Sita Thapa,NP,2023-09-16
5503,Hari Karki,JP,2023-05-10
1263,Bibek KC,NP,2021-06-28
3870,Rohan Basnet,US,2021-08-20
7603,Nisha Gurung,NP,2025-05-11
6833,Rohan KC,JP,2022-08-31
7831,Priya Sharma,IN,2022-10-25
4717,Rohan Joshi,NP,2025-04-08
2169,Hari Karki,NP,2020-01-17
638,Anju Basnet,JP,2021-10-27
4382,Aarav Rai,NP,2024-05-20
3516,Aarav Basnet,NP,2020-02-04
1186,Dipesh Joshi,AU,2020-11-02
87,Hari Gurung,NP,2023-04-16
5353,Bibek Basnet,BR,2022-08-18
7088,Suman Gurung,US,2024-12-20
644,Sanjay Karki,NP,2022-07-27
4416,Priya KC,NP,2024-08-12
5403,Maya Tamang,NP,2024-10-23
3131,Gita Gurung,JP,2020-04-03
6364,Bibek Tamang,JP,2020-10-24
9553,Nisha Shrestha,NP,2024-05-03
1228,Nisha Basnet,JP,2022-08-04
2416,Kiran Rai,IN,2023-03-11
954,Bibek Joshi,NP,2022-02-20
9851,Suman Joshi,AU,2023-11-24
5451,Sita Magar,DE,2024-10-04
4616,Priya KC,NP,2023-12-25
8833,Maya Joshi,NP,2020-04-09
7401,Gita Thapa,NP,2021-04-09
515,Rita Joshi,DE,2023-11-25
7160,Hari Sharma,NP,2020-10-04
1172,Sita Tamang,NP,2022-09-07
2403,Aarav KC,JP,2021-04-20
8514,Nisha Joshi,GB,2024-06-20
7502,Suman Adhikari,US,2023-04-13
6516,Aarav Gurung,GB,2024-05-23
2065,Rita Rai,NP,2020-12-25
4177,Anju Karki,DE,2021-06-30
3365,Kiran Shrestha,NP,2020-06-12
1449,Gita Thapa,NP,2023-01-27
3401,Bibek Basnet,JP,2020-09-28
7104,Suman Magar,JP,2020-05-28
4193,Gita Shrestha,GB,2024-03-01
6799,Maya Rai,NP,2024-06-18
3591,Aarav Magar,NP,2023-08-28
1863,Gita Shrestha,NP,2020-04-03
9024,Sita Sharma,NP,2023-12-29
7398,Mina KC,NP,2025-04-02
531,Maya Magar,NP,2021-03-10
358,Bibek Adhikari,IN,2025-05-23
2839,Aarav Basnet,NP,2020-10-19
5735,Bibek Joshi,US,2020-08-22
7308,Nisha Sharma,GB,2024-12-29
4414,Bibek Tamang,NP,2023-04-14
8725,Gita Shrestha,NP,2024-12-08
154,Gita Sharma,NP,2020-08-26
5155,Sanjay Rai,NP,2025-02-16
4045,Sita Rai,DE,2020-06-21
9112,Aarav Basnet,NP,2020-07-30
6963,Bibek Shrestha,GB,2023-08-05
1188,Kiran Sharma,NP,2020-05-23
2135,Suman Thapa,AU,2021-12-02
5113,Rita Magar,NP,2024-04-10
1126,Kiran Joshi,NP,2021-07-12
9154,Nisha Karki,IN,2023-07-07
7003,Mina Magar,NP,2020-10-15
2450,Hari Basnet,NP,2024-11-25
749,Hari Tamang,DE,2023-07-24
2374,Mina KC,BR,2023-07-10
6014,Mina Sharma,NP,2021-06-18
6319,Kiran Sharma,NP,2020-06-08
2152,Kiran Gurung,IN,2020-10-17
383,Kiran Adhikari,US,2021-03-08
2672,Suman Shrestha,US,2023-01-02
3125,Anju Basnet,NP,2024-05-30
4493,Gita Karki,NP,2023-08-26
9891,Suman Adhikari,NP,2021-12-21
7726,Aarav Magar,NP,2020-07-18
7391,Aarav Adhikari,NP,2020-09-30
7144,Sita Karki,NP,2021-09-25
4561,Aarav Tamang,NP,2023-09-08
345,Suman Tamang,NP,2020-04-12
7369,Suman Thapa,JP,2024-10-28
7422,Anju Basnet,DE,2020-05-25
2706,Hari Basnet,US,2020-11-30
7485,Hari Sharma,NP,2021-01-11
4090,Rohan Tamang,NP,2022-11-12
4650,Gita Joshi,IN,2023-02-11
620,Sita Adhikari,DE,2022-10-26
9296,Mina Karki,GB,2020-11-04
9327,Mina Adhikari,NP,2023-01-01
3024,Rohan Sharma,NP,2024-11-04
7231,Aarav Tamang,NP,2022-11-30
3135,Sita Joshi,DE,2023-06-20
796,Rita Adhikari,NP,2023-06-10
4572,Hari Gurung,NP,2023-11-20
4602,Sita Basnet,NP,2020-05-16
8273,Hari Basnet,NP,2020-04-19
949,Rita KC,US,2023-06-11
8775,Hari KC,JP,2023-05-25
4088,Kiran Rai,NP,2024-02-06
8232,Sita Basnet,NP,2023-06-14
1306,Hari KC,NP,2020-06-20
4246,Aarav Tamang,NP,2024-01-05
6052,Maya KC,NP,2024-05-14
868,Aarav KC,US,2024-06-09
2113,Rohan KC,NP,2024-10-13
2765,Dipesh Joshi,NP,2021-05-16
4031,Maya Tamang,US,2024-11-21
9157,Bibek Adhikari,NP,2025-06-15
5972,Bibek Magar,NP,2023-09-11
899,Gita Sharma,BR,2022-05-09
7566,Nisha Karki,NP,2025-03-23
3400,Priya Gurung,NP,2020-07-20
4098,Rohan Gurung,NP,2021-08-23
5671,Dipesh Basnet,NP,2024-11-06
6113,Rohan Gurung,BR,2022-08-25
5431,Sita Gurung,NP,2022-05-07
7237,Anju Gurung,NP,2021-05-31
4839,Hari Rai,NP,2020-06-02
3169,Anju Sharma,NP,2021-05-29
9147,Rohan Shrestha,JP,2023-01-24
6203,Gita Karki,NP,2021-09-01
9856,Dipesh Joshi,NP,2021-08-05
3283,Maya Tamang,NP,2022-09-22
8990,Maya Tamang,US,2020-10-22
1471,Sita Magar,NP,2022-02-25
7870,Dipesh KC,US,2020-12-15
2240,Rohan Magar,NP,2022-04-15
68,Bibek Rai,NP,2022-03-06
2867,Anju Karki,NP,2022-09-07
3869,Mina Tamang,NP,2023-08-28
2596,Rohan Shrestha,JP,2020-01-17
9973,Kiran Tamang,US,2022-09-15
3081,Suman Tamang,NP,2022-06-24
8558,Kiran Karki,BR,2025-02-18
9223,Priya Gurung,BR,2022-05-13
2103,Mina Karki,IN,2020-10-20
2682,Gita Rai,NP,2024-12-15
408,Maya Karki,US,2024-02-29
3418,Nisha Basnet,NP,2025-06-13
3581,Sita Karki,NP,2024-05-24
7029,Rohan Karki,DE,2023-07-23
8985,Kiran Joshi,NP,2023-12-10
4051,Anju Adhikari,NP,2024-02-17
7751,Aarav KC,NP,2022-06-20
2245,Rohan Basnet,NP,2021-07-14
5758,Sita Tamang,NP,2020-02-22
1561,Maya Basnet,IN,2021-01-09
4919,Bibek Joshi,DE,2020-11-27
3328,Sanjay Gurung,AU,2025-02-12
3948,Bibek Shrestha,NP,2024-08-01
9093,Gita Magar,JP,2024-05-03
477,Gita Sharma,NP,2024-10-31
3330,Hari Shrestha,NP,2020-07-21
5138,Kiran Joshi,JP,2022-01-05
9291,Hari KC,NP,2025-01-01
8457,Aarav Basnet,NP,2021-04-01
6939,Anju Rai,NP,2021-10-06
922,Suman Adhikari,NP,2024-11-26
5798,Kiran Thapa,BR,2023-06-04
6834,Rita Rai,NP,2020-04-09
6554,Bibek Gurung,NP,2021-03-15
6115,Maya Thapa,GB,2022-09-29
2588,Maya Shrestha,AU,2020-08-14
680,Nisha Thapa,NP,2020-05-22
431,Priya Rai,JP,2024-12-31
2777,Rita Tamang,IN,2022-07-27
2481,Rita Thapa,IN,2024-11-28
7861,Sanjay Basnet,NP,2025-06-21
254,Anju Shrestha,IN,2022-07-05
5827,Mina Rai,US,2020-08-15
7880,Aarav Gurung,BR,2021-06-04
526,Sita Rai,AU,2022-10-15
7635,Anju Adhikari,US,2022-12-17
3859,Kiran KC,NP,2020-06-10
2268,Bibek Thapa,NP,2022-11-06
340,Mina Shrestha,US,2021-06-16
5914,Aarav Rai,BR,2023-06-22
9890,Sanjay Rai,NP,2022-09-21
2797,Dipesh Thapa,IN,2021-05-18
2045,Suman Joshi,IN,2022-02-11
9381,Dipesh Thapa,NP,2024-07-30
7629,Priya KC,US,2022-07-30
9366,Rohan Adhikari,NP,2025-02-26
5328,Anju Gurung,NP,2024-06-27
1402,Mina Basnet,US,2024-07-05
435,Suman Basnet,NP,2022-10-02
3301,Nisha Shrestha,DE,2022-10-24
6747,Maya Adhikari,NP,2025-03-23
8822,Hari Gurung,NP,2023-01-11
5673,Gita Joshi,NP,2021-03-01
7316,Nisha Joshi,DE,2023-09-25
2742,Rohan Joshi,NP,2023-07-23
7402,Sanjay Shrestha,AU,2024-11-22
4295,Dipesh Shrestha,US,2021-04-16
1710,Rita Rai,NP,2023-08-25
8371,Anju Basnet,NP,2024-02-06
3408,Rohan Shrestha,IN,2023-04-17
1,Sanjay Rai,AU,2020-11-04
7468,Aarav KC,NP,2023-03-08
2139,Mina Gurung,NP,2024-11-12
5549,Sanjay Adhikari,BR,2024-09-20
5948,Priya Basnet,GB,2021-05-10
1305,Maya Basnet,NP,2023-01-20
9964,Gita KC,BR,2023-12-29
5052,Sita Shrestha,NP,2024-07-17
7139,Suman Thapa,NP,2022-05-22
8828,Rohan Basnet,JP,2021-12-19
1282,Hari Tamang,NP,2020-01-27
9504,Rohan KC,NP,2020-01-16
9645,Aarav Gurung,NP,2021-05-26
4635,Sanjay Tamang,GB,2020-10-21
2371,Dipesh Rai,NP,2021-08-16
6977,Priya Karki,AU,2022-11-04
6628,Anju Magar,GB,2021-06-18
47,Sita KC,NP,2023-10-08
7984,Gita Adhikari,NP,2023-06-03
363,Rita Gurung,NP,2023-01-04
5399,Sanjay Adhikari,AU,2023-10-05
5191,Kiran Magar,NP,2022-10-16
7076,Bibek Shrestha,NP,2025-06-28
9726,Dipesh Karki,NP,2022-07-17
1934,Rita Rai,NP,2025-04-03
6363,Priya Karki,NP,2022-10-31
3713,Sanjay Karki,NP,2023-12-19
1746,Gita Gurung,US,2023-06-23
3648,Sita Gurung,NP,2024-08-31
5737,Mina Tamang,AU,2020-01-18
5781,Dipesh Adhikari,JP,2025-02-20
7626,Anju Gurung,NP,2022-07-01
8218,Rita Gurung,NP,2023-05-31
8673,Sita Basnet,NP,2020-06-22
1911,Nisha Sharma,NP,2024-10-29
4094,Aarav Thapa,NP,2021-11-26
8791,Hari Shrestha,NP,2025-04-28
3399,Maya Shrestha,JP,2020-11-28
2945,Suman Karki,US,2024-08-02
3695,Sita Adhikari,NP,2020-05-30
756,Hari Joshi,NP,2022-12-30
1562,Suman Magar,DE,2022-01-09
4647,Hari Shrestha,NP,2020-05-16
2255,Hari Joshi,NP,2021-03-08
3778,Maya Thapa,NP,2023-10-26
5678,Hari Magar,IN,2022-04-12
8848,Suman Magar,NP,2021-07-25
4198,Kiran Gurung,DE,2022-03-14
5865,Sanjay Karki,NP,2020-03-05
5713,Nisha Basnet,NP,2021-01-01
8298,Priya Thapa,NP,2024-05-02
380,Gita Gurung,GB,2021-09-12
5689,Rita Karki,DE,2023-12-23
472,Nisha Joshi,NP,2022-07-26
3909,Rohan Rai,NP,2022-11-10
8799,Kiran Tamang,NP,2023-11-27
751,Nisha Magar,JP,2021-03-05
1846,Rohan Basnet,NP,2024-04-30
3629,Hari Rai,NP,2022-12-18
6415,Maya KC,NP,2020-11-26
3026,Priya Joshi,NP,2020-04-12
2476,Hari Rai,JP,2024-06-27
7450,Rita Karki,AU,2023-06-17
2649,Gita Shrestha,DE,2022-11-10
7412,Bibek Sharma,US,2024-05-25
933,Bibek Basnet,IN,2020-11-06
9877,Aarav Basnet,GB,2022-11-27
8926,Kiran Joshi,NP,2022-12-28
5421,Gita Gurung,JP,2020-05-15
517,Dipesh Gurung,NP,2020-07-12
1713,Kiran Gurung,NP,2023-06-01
3032,Anju Shrestha,BR,2022-04-05
5116,Sita Shrestha,NP,2022-01-28
4772,Hari Basnet,DE,2022-08-09
9934,Maya Joshi,IN,2022-09-09
246,Priya Tamang,IN,2020-04-25
2604,Sita Basnet,NP,2020-03-11
8144,Rohan Tamang,IN,2021-08-30
1819,Suman KC,NP,2023-11-11
7481,Priya Joshi,BR,2022-12-08
8851,Rohan KC,JP,2024-01-02
2385,Rohan Rai,JP,2024-09-09
8571,Dipesh Basnet,NP,2021-05-06
4335,Bibek Karki,NP,2020-01-09
3587,Dipesh Shrestha,NP,2021-11-25
9626,Maya Sharma,NP,2020-01-07
7637,Mina KC,AU,2022-01-01
7027,Rohan Sharma,NP,2021-08-06
8274,Priya Rai,IN,2020-06-14
3739,Hari Basnet,IN,2023-03-02
2036,Sita Karki,IN,2020-01-23
5640,Priya Basnet,NP,2020-09-19
7577,Maya Karki,JP,2025-02-20
2293,Priya Gurung,NP,2023-07-18
6354,Gita KC,NP,2022-09-03
4876,Sita Thapa,NP,2020-08-03
1104,Aarav Sharma,DE,2023-07-10
7383,Sanjay Sharma,US,2020-02-25
4644,Kiran Sharma,NP,2021-10-28
838,Kiran Karki,NP,2020-05-13
3770,Sanjay Basnet,AU,2021-05-04
66,Kiran Tamang,US,2024-07-06
5771,Aarav Thapa,DE,2022-07-01
635,Sanjay Thapa,BR,2024-01-14
9164,Hari Shrestha,DE,2024-04-28
166,Rohan Thapa,NP,2024-03-14
2341,Aarav Thapa,AU,2022-06-22
8512,Hari Karki,NP,2023-09-25
1153,Rohan Joshi,NP,2020-06-29
412,Kiran KC,NP,2021-01-01
4209,Maya Karki,GB,2020-09-27
8149,Rita Karki,NP,2024-01-30
8470,Rohan KC,NP,2024-04-14
4209,Maya Karki,GB,2022-12-16
7765,Sita Joshi,AU,2022-08-08
8633,Dipesh Gurung,AU,2024-11-05
9292,Hari Adhikari,IN,2024-07-23
7414,Mina Joshi,NP,2025-06-29
2308,Kiran Sharma,US,2022-11-08
8396,Sita KC,NP,2020-07-04
1497,Maya Rai,AU,2024-03-30
9128,Suman Rai,NP,2023-06-28
3121,Kiran Adhikari,GB,2022-07-23
5083,Nisha Gurung,JP,2024-11-18
3090,Rita Shrestha,GB,2022-10-13
8469,Sanjay Tamang,JP,2023-09-14
1355,Mina Shrestha,DE,2021-03-26
8451,Hari Thapa,NP,2023-01-23
5776,Aarav Rai,DE,2022-04-25
3109,Priya Rai,JP,2020-03-25
3630,Nisha Rai,AU,2024-05-27
148,Rita Karki,US,2020-06-27
2414,Rohan Adhikari,NP,2020-03-09
427,Sita Joshi,NP,2021-11-09
684,Anju Adhikari,NP,2021-11-27
5051,Rita Basnet,NP,2024-10-20
3143,Maya Magar,NP,2024-11-09
4411,Dipesh Adhikari,NP,2022-04-02
9783,Priya Adhikari,NP,2025-06-09
4079,Priya Tamang,US,2022-10-09
8025,Sita Karki,NP,2022-11-21
3934,Rita Thapa,IN,2021-05-09
7359,Nisha Thapa,NP,2020-04-02
4149,Maya KC,NP,2024-11-04
1358,Gita Karki,NP,2021-01-30
3625,Bibek Magar,NP,2024-03-01
3574,Maya Magar,NP,2022-11-14
6489,Rita Rai,NP,2020-07-28
8308,Priya Tamang,NP,2022-08-22
8322,Anju Joshi,NP,2024-04-17
4871,Mina KC,NP,2022-12-30
9843,Suman Basnet,NP,2024-03-23
4665,Dipesh Joshi,NP,2022-03-27
4314,Gita Thapa,JP,2024-12-17
8697,Bibek Magar,NP,2022-10-21
4180,Bibek Sharma,AU,2025-03-14
6012,Rita Karki,NP,2024-06-12
1971,Maya Joshi,NP,2024-11-03
4827,Priya Tamang,US,2025-05-17
3993,Priya Adhikari,IN,2021-02-09
5796,Suman Basnet,JP,2020-10-24
8495,Nisha Karki,GB,2021-10-25
9854,Hari KC,NP,2020-04-15
7382,Sita Karki,NP,2021-02-12
4575,Kiran Gurung,NP,2025-06-26
3233,Rohan Adhikari,NP,2024-05-30
8627,Rohan Sharma,NP,2022-12-04
3817,Suman Thapa,US,2022-03-09
8000,Dipesh Adhikari,NP,2023-09-07
2016,Suman Rai,US,2021-05-16
9633,Kiran Shrestha,IN,2020-10-12
5759,Priya Basnet,NP,2020-06-25
7353,Suman Tamang,DE,2024-09-22
5535,Dipesh Basnet,NP,2020-04-10
2501,Anju Sharma,IN,2021-06-01
5192,Nisha Karki,GB,2020-11-03
5363,Priya Tamang,NP,2022-06-16
2277,Rita Magar,IN,2023-07-10
1194,Maya Shrestha,GB,2024-10-04
7109,Mina Shrestha,JP,2022-03-05
5058,Dipesh Thapa,NP,2020-11-21
7129,Maya Basnet,US,2023-08-11
3478,Dipesh Thapa,NP,2020-04-17
1294,Suman Karki,NP,2020-08-03
1621,Anju Joshi,NP,2020-12-26
6619,Sanjay Basnet,NP,2021-03-09
9807,Rita Magar,NP,2023-01-01
382,Sanjay Joshi,NP,2022-06-24
8919,Suman KC,IN,2023-09-27
1298,Suman Gurung,NP,2020-08-06
3286,Nisha KC,NP,2023-09-13
612,Kiran Adhikari,NP,2024-09-11
7458,Nisha Rai,IN,2023-05-28
7302,Aarav Sharma,NP,2023-05-03
3719,Mina Shrestha,GB,2024-01-29
8060,Rita KC,US,2023-12-08
6496,Dipesh Magar,IN,2025-06-05
9739,Hari KC,BR,2022-07-11
1120,Sita Rai,NP,2023-05-14
6475,Nisha Adhikari,AU,2023-02-27
3891,Anju Adhikari,JP,2024-01-10
3675,Dipesh Basnet,NP,2023-03-29
1469,Kiran Shrestha,JP,2023-09-01
8378,Gita Shrestha,DE,2022-11-10
80,Mina Tamang,NP,2020-07-11
1996,Rohan Karki,AU,2024-02-03
6023,Rohan Tamang,NP,2024-07-18
440,Priya KC,NP,2021-03-17
2659,Suman Sharma,NP,2022-02-17
6374,Hari Tamang,NP,2022-12-06
6812,Dipesh Basnet,NP,2024-02-09
4505,Priya Shrestha,NP,2025-05-27
8044,Anju Rai,US,2022-03-24
7938,Sanjay Adhikari,NP,2023-03-16
1977,Aarav Rai,NP,2021-01-20
3927,Aarav Joshi,NP,2025-05-02
7564,Sita Joshi,NP,2020-12-22
9173,Bibek Joshi,US,2023-02-05
1986,Rohan Tamang,NP,2022-02-10
3154,Mina Magar,AU,2021-08-06
2457,Hari Magar,US,2023-05-07
8318,Kiran Shrestha,US,2023-11-11
8718,Sita Shrestha,NP,2023-02-06
9795,Rita Rai,NP,2021-05-18
8497,Maya Gurung,IN,2023-01-31
7006,Rita Adhikari,US,2023-04-06
5538,Anju Shrestha,DE,2023-07-07
6843,Gita Rai,JP,2021-06-17
3946,Bibek Shrestha,NP,2024-07-15
9009,Mina Thapa,NP,2023-12-06
1703,Gita Thapa,IN,2023-10-03
5536,Gita Thapa,GB,2023-08-12
7580,Kiran Tamang,NP,2021-01-20
1548,Rita Adhikari,NP,2020-07-19
2377,Maya Thapa,NP,2023-03-05
4702,Kiran Joshi,NP,2022-08-30
1777,Dipesh Gurung,NP,2023-07-06
1264,Suman Joshi,NP,2021-07-15
2080,Priya Joshi,IN,2021-07-10
9526,Aarav Sharma,AU,2021-10-29
9241,Sanjay Basnet,NP,2021-06-03
3545,Sanjay Magar,IN,2021-05-25
5571,Gita Rai,NP,2021-06-22
6637,Mina Magar,NP,2022-09-29
3153,Priya Thapa,NP,2020-02-06
8938,Mina Karki,US,2022-12-19
3011,Nisha Magar,IN,2022-07-05
488,Nisha KC,IN,2021-06-29
6139,Dipesh Thapa,IN,2022-12-09
9096,Dipesh Joshi,NP,2023-01-28
1889,Nisha Magar,NP,2021-12-16
8522,Bibek Gurung,NP,2021-10-22
7346,Dipesh Joshi,DE,2023-03-19
1189,Maya Tamang,JP,2022-08-28
5354,Bibek Shrestha,NP,2022-03-18
673,Bibek Basnet,NP,2023-08-27
786,Nisha Shrestha,DE,2023-03-10
9599,Kiran Tamang,IN,2023-07-17
8305,Nisha Basnet,NP,2024-07-10
2927,Sanjay Adhikari,NP,2022-05-25
3561,Maya Rai,NP,2020-04-06
2156,Maya Adhikari,NP,2021-08-13
774,Aarav Sharma,NP,2021-04-25
4912,Mina Sharma,NP,2024-05-30
8422,Suman Sharma,NP,2025-01-19
8448,Sita Shrestha,NP,2024-06-11
1276,Sita Gurung,DE,2025-06-03
9921,Rita Shrestha,NP,2023-10-27
8452,Priya Sharma,NP,2024-11-21
559,Nisha Thapa,NP,2020-10-07
8596,Anju Basnet,US,2024-10-03
9394,Anju Rai,US,2022-01-20
2154,Mina Shrestha,BR,2023-08-10
6878,Suman Gurung,IN,2024-06-19
9701,Mina Sharma,NP,2024-08-15
7879,Sita Adhikari,NP,2021-05-08
7736,Anju Rai,IN,2020-02-09
5688,Sanjay KC,BR,2022-12-27
5283,Bibek Gurung,NP,2021-09-02
967,Nisha Sharma,NP,2021-12-06
966,Rita Tamang,US,2024-07-16
5024,Dipesh Karki,DE,2020-11-19
5004,Gita Basnet,NP,2023-07-23
2888,Gita Basnet,NP,2023-05-31
7941,Gita Tamang,NP,2023-04-29
4729,Kiran KC,NP,2021-05-18
5512,Sita Adhikari,DE,2020-04-03
3108,Rohan Karki,NP,2022-04-22
7122,Kiran Rai,NP,2021-09-15
740,Sita Thapa,NP,2023-06-25
31,Kiran Adhikari,NP,2023-03-03
4524,Bibek Karki,NP,2020-04-23
801,Kiran Karki,JP,2023-09-21
2306,Dipesh Adhikari,NP,2023-02-28
8217,Mina Joshi,NP,2020-12-26
2284,Gita Tamang,NP,2021-02-19
9459,Gita KC,IN,2022-08-25
6209,Nisha Thapa,NP,2023-06-24
1439,Priya Shrestha,JP,2021-04-23
5867,Mina Shrestha,NP,2020-05-07
4704,Maya Adhikari,NP,2020-05-18
3541,Anju Basnet,NP,2023-12-23
1457,Aarav Thapa,NP,2023-03-04
1899,Rohan Joshi,US,2021-03-04
2455,Maya Adhikari,IN,2022-05-03
3935,Mina Adhikari,NP,2023-03-09
8910,Anju Adhikari,IN,2020-06-14
1709,Gita KC,US,2021-04-16
1159,Mina Magar,JP,2025-03-08
151,Sanjay Shrestha,NP,2022-01-03
9238,Hari Basnet,NP,2020-04-27
9717,Nisha Gurung,NP,2022-07-25
2523,Gita Karki,NP,2020-01-26
8350,Anju Karki,GB,2022-07-15
6179,Suman Karki,GB,2022-03-05
6779,Mina Rai,IN,2025-02-07
1612,Suman Thapa,NP,2022-11-19
519,Nisha Karki,AU,2023-05-05
4292,Aarav Basnet,NP,2023-12-31
174,Maya Tamang,NP,2021-05-26
378,Mina Basnet,JP,2022-10-09
1734,Bibek Joshi,NP,2020-01-15
6707,Gita Sharma,NP,2020-09-06
7958,Rita Karki,NP,2025-03-29
1706,Rohan Magar,BR,2020-01-21
1163,Rita Adhikari,NP,2022-12-22
4175,Dipesh Adhikari,IN,2022-10-28
8685,Sita Rai,NP,2024-05-13
3936,Sita Tamang,NP,2023-07-30
8340,Bibek Tamang,GB,2020-04-03
6983,Rita Magar,NP,2022-08-15
3903,Aarav Thapa,GB,2022-10-14
5023,Rita Tamang,NP,2024-03-31
9821,Rohan KC,BR,2020-07-18
2857,Sanjay Shrestha,NP,2021-09-09
9421,Anju Joshi,JP,2023-07-23
7838,Sita Thapa,NP,2023-07-01
3181,Maya Joshi,IN,2021-04-16
812,Suman Rai,NP,2024-10-28
296,Priya Karki,DE,2024-06-07
9972,Gita Karki,NP,2022-05-14
1442,Rita Thapa,NP,2025-06-26
4976,Anju Gurung,NP,2020-09-24
2811,Sanjay Sharma,NP,2025-04-25
1423,Rohan Shrestha,NP,2023-10-15
6941,Hari Shrestha,DE,2022-05-14
3857,Nisha Tamang,US,2020-11-08
9106,Priya KC,NP,2022-05-27
178,Suman Thapa,US,2025-03-23
2734,Rita Gurung,GB,2024-06-07
4768,Dipesh Adhikari,GB,2025-01-21
7967,Mina Thapa,NP,2023-08-28
9619,Kiran Thapa,US,2021-01-17
9951,Rohan Tamang,NP,2022-01-28
3192,Gita Rai,AU,2024-03-16
916,Suman Rai,NP,2022-02-14
4804,Anju Joshi,NP,2022-08-18
8031,Hari Sharma,NP,2023-06-29
4623,Rohan Tamang,NP,2021-07-03
2359,Hari Karki,NP,2022-12-21
3442,Mina KC,NP,2020-11-25
870,Rita Rai,GB,2024-02-06
4023,Aarav Shrestha,NP,2022-11-05
2279,Dipesh Adhikari,NP,2024-07-31
7779,Hari Joshi,JP,2024-10-16
6830,Maya Karki,NP,2023-06-25
4305,Aarav KC,NP,2022-07-25
7004,Rita Tamang,NP,2020-01-01
3826,Suman Gurung,NP,2020-10-12
6398,Dipesh Shrestha,NP,2021-05-26
4062,Kiran Karki,NP,2021-07-18
7315,Suman Tamang,AU,2024-12-27
1321,Mina Basnet,NP,2020-03-03
2908,Priya Sharma,NP,2024-04-06
3542,Gita Karki,NP,2024-03-16
841,Sita KC,NP,2024-06-07
6570,Aarav Sharma,IN,2024-01-25
3262,Mina Gurung,NP,2023-06-01
8802,Bibek Magar,NP,2021-07-13
8524,Suman Magar,NP,2022-03-23
464,Bibek Adhikari,JP,2021-02-17
8855,Gita Basnet,NP,2022-01-05
2953,Hari Gurung,NP,2020-02-26
6822,Maya Gurung,NP,2021-06-13
1611,Bibek Tamang,NP,2021-07-11
2339,Sanjay Karki,DE,2020-05-12
6587,Kiran Magar,IN,2023-06-20
4916,Sita Karki,NP,2023-09-06
7066,Maya Adhikari,NP,2023-07-20
5255,Priya Joshi,NP,2023-06-11
1413,Anju Tamang,NP,2020-03-18
4432,Maya Adhikari,NP,2020-04-08
2165,Rohan Shrestha,IN,2024-11-02
7479,Bibek Sharma,NP,2020-04-20
5582,Priya Gurung,NP,2022-04-17
8840,Priya Rai,NP,2023-02-08
3807,Sita Rai,GB,2023-10-27
6373,Dipesh Basnet,NP,2022-09-17
1536,Dipesh Rai,US,2020-10-12
5212,Maya Tamang,IN,2020-05-12
7865,Suman Karki,US,2023-11-21
255,Rohan Thapa,US,2025-06-07
7505,Kiran Tamang,JP,2023-01-02
4999,Mina Karki,US,2021-07-18
6644,Gita Adhikari,NP,2020-10-15
3471,Sanjay KC,NP,2021-05-02
3357,Rohan Sharma,NP,2021-05-01
7409,Nisha Joshi,AU,2022-08-20
188,Rita Magar,NP,2022-11-22
3303,Dipesh Shrestha,NP,2025-02-03
6693,Rita Thapa,NP,2022-12-27
3493,Nisha Magar,NP,2023-07-13
9131,Anju Karki,NP,2022-05-27
6025,Hari Magar,AU,2020-07-16
1291,Sanjay Karki,JP,2022-10-01
2234,Suman Joshi,NP,2025-03-14
9678,Nisha Thapa,NP,2021-02-28
8392,Mina Sharma,NP,2022-12-19
9455,Rita Karki,NP,2021-07-28
494,Kiran Magar,NP,2023-01-23
4080,Gita KC,NP,2024-06-04
4558,Rita Adhikari,NP,2022-07-03
4158,Nisha Basnet,NP,2025-03-09
5508,Rohan Sharma,NP,2024-08-31
2679,Mina Karki,US,2021-05-13
4685,Sanjay Sharma,IN,2024-10-13
3188,Suman Shrestha,NP,2022-03-04
3890,Maya Karki,NP,2022-05-17
1171,Hari Magar,JP,2023-07-10
8133,Rohan Shrestha,JP,2023-06-16
8696,Kiran Shrestha,NP,2021-02-20
5790,Bibek Basnet,DE,2025-02-17
5121,Rita Tamang,DE,2023-05-30
4326,Rita Rai,NP,2022-05-24
1072,Aarav Karki,NP,2022-12-22
8147,Suman Joshi,NP,2022-03-04
6863,Suman Sharma,NP,2022-09-02
3854,Rohan Basnet,JP,2021-12-20
1316,Aarav Shrestha,NP,2022-11-15
3681,Sita Rai,NP,2021-05-08
5619,Hari KC,NP,2023-01-21
8195,Nisha Joshi,IN,2024-12-22
6393,Bibek Karki,NP,2022-10-25
1768,Sanjay Gurung,JP,2025-02-28
2798,Maya Thapa,NP,2020-12-19
101,Anju Joshi,JP,2021-10-11
8631,Sita Magar,NP,2024-08-10
2736,Sita KC,US,2022-02-03
5805,Rohan Tamang,JP,2024-03-20
27,Rita Sharma,AU,2023-05-23
1506,Dipesh Basnet,US,2021-04-19
9798,Anju Sharma,JP,2020-09-01
9254,Hari Gurung,NP,2021-01-22
2772,Dipesh Thapa,JP,2022-04-18
6784,Sita Magar,DE,2023-11-20
1983,Suman Sharma,US,2020-05-03
1725,Nisha Tamang,NP,2025-05-29
9205,Dipesh Rai,NP,2021-01-16
5515,Sita Joshi,NP,2023-02-25
8077,Bibek Karki,GB,2021-08-08
3198,Rita KC,NP,2024-02-24
9113,Maya Thapa,NP,2020-11-24
5362,Kiran Joshi,NP,2021-03-04
95,Gita Shrestha,NP,2024-04-21
5813,Rita Adhikari,US,2020-11-13
2760,Maya Basnet,US,2021-02-05
9899,Suman KC,JP,2021-06-28
2758,Sita Karki,NP,2021-11-18
2925,Kiran Thapa,NP,2025-01-07
2205,Maya Adhikari,NP,2024-03-06
4503,Mina Sharma,IN,2024-08-13
9571,Aarav Karki,US,2024-08-14
2189,Mina Karki,NP,2020-09-13
2117,Sita Tamang,DE,2022-06-30
4020,Mina Sharma,BR,2020-10-23
1774,Kiran Thapa,NP,2023-06-19
5161,Mina Tamang,NP,2021-06-27
9110,Maya Shrestha,IN,2023-11-16
3033,Suman Gurung,IN,2020-07-16
1083,Sanjay KC,GB,2020-07-25
8947,Dipesh Shrestha,US,2023-07-04
8884,Dipesh Karki,NP,2024-03-05
3755,Mina Magar,GB,2023-05-16
2628,Sita Gurung,NP,2023-09-24
6920,Rita Karki,NP,2022-09-29
5104,Suman Joshi,BR,2024-09-15
5669,Kiran Magar,NP,2022-04-14
5087,Nisha Adhikari,NP,2024-04-30
6425,Rohan Thapa,IN,2020-09-14
6806,Nisha Thapa,US,2020-11-13
5243,Aarav Basnet,NP,2020-05-19
5234,Hari Tamang,DE,2025-02-14
2312,Sita Rai,NP,2024-11-06
5061,Anju Rai,DE,2025-03-06
2098,Anju KC,IN,2020-10-05
7134,Priya Joshi,NP,2020-06-03
3019,Hari Tamang,NP,2024-02-16
2949,Suman Tamang,US,2025-02-21
9615,Nisha Basnet,NP,2025-06-16
5712,Hari Shrestha,AU,2025-06-01
6954,Sita KC,NP,2022-09-30
6143,Hari Shrestha,GB,2021-05-29
2992,Priya Magar,IN,2020-08-04
9380,Bibek Karki,NP,2021-02-12
454,Anju Karki,NP,2023-01-24
3835,Mina Basnet,IN,2020-07-26
7286,Priya Rai,JP,2023-02-17
6595,Hari Karki,NP,2021-03-21
2912,Kiran Sharma,NP,2021-07-12
279,Sita Gurung,BR,2024-01-06
2226,Sanjay Tamang,IN,2024-06-19
910,Rita Sharma,NP,2020-01-31
6758,Hari Shrestha,NP,2021-07-05
8411,Sita Karki,NP,2022-12-04
3912,Aarav Joshi,NP,2024-10-21
7487,Bibek Karki,NP,2020-02-24
9430,Sita KC,NP,2025-05-24
2274,Mina Gurung,NP,2023-08-21
2483,Maya Rai,NP,2023-12-02
5420,Aarav Adhikari,NP,2020-02-26
9636,Dipesh Thapa,NP,2020-05-27
3973,Dipesh Sharma,US,2020-10-02
3406,Anju Gurung,IN,2020-10-11
6753,Mina Gurung,JP,2023-01-20
7250,Rita Tamang,NP,2023-10-15
8994,Suman Joshi,BR,2021-01-24
2241,Rohan Basnet,US,2020-07-01
7087,Hari Shrestha,IN,2020-03-13
6525,Sanjay Sharma,NP,2024-06-07
1742,Rita Thapa,NP,2021-01-29
6441,Bibek Rai,IN,2021-01-17
6011,Hari Joshi,NP,2024-04-22
9518,Sita Joshi,IN,2023-11-05
7734,Maya Basnet,NP,2024-07-28
3196,Gita Gurung,NP,2020-05-03
5148,Sita Sharma,NP,2020-10-15
215,Mina Joshi,NP,2024-01-15
957,Sita Shrestha,JP,2024-06-15
9102,Sanjay KC,NP,2023-01-08
9384,Nisha Gurung,US,2021-05-10
3666,Rohan KC,NP,2024-06-15
9919,Kiran Tamang,NP,2021-11-22
3445,Rohan Adhikari,NP,2022-08-14
2909,Aarav Basnet,NP,2023-05-22
6501,Rita Karki,NP,2020-06-10
4350,Rita Thapa,NP,2024-06-28
127,Kiran Tamang,BR,2020-07-29
4066,Nisha Tamang,US,2025-02-08
8503,Gita Tamang,IN,2025-05-01
9803,Rita Rai,NP,2020-02-22
3673,Aarav KC,GB,2022-01-28
928,Maya Sharma,NP,2022-03-17
8617,Bibek Shrestha,IN,2024-11-23
5008,Kiran Sharma,GB,2023-06-29
8000,Dipesh Adhikari,NP,2021-01-17
5389,Aarav Sharma,NP,2025-04-28
4726,Gita Joshi,JP,2021-12-18
2806,Sanjay Rai,GB,2021-02-24
7587,Maya Karki,NP,2022-11-27
2074,Priya Magar,US,2021-04-03
8142,Rita Shrestha,BR,2022-08-23
8313,Hari Basnet,NP,2021-09-16
1341,Rohan Gurung,BR,2020-10-24
2989,Rohan Basnet,NP,2022-01-31
1555,Anju Karki,NP,2022-03-13
7207,Dipesh Gurung,NP,2023-11-30
988,Hari Gurung,AU,2021-03-29
4820,Rita Adhikari,NP,2022-12-23
669,Kiran Magar,NP,2021-07-03
9728,Suman Tamang,NP,2022-10-24
5670,Gita Adhikari,JP,2021-09-02
470,Rita Sharma,JP,2022-02-08
9908,Sita KC,NP,2021-05-28
8055,Maya Sharma,JP,2021-10-04
5687,Dipesh Joshi,NP,2024-08-11
3483,Kiran Sharma,BR,2022-11-16
3544,Suman Thapa,NP,2023-01-19
9264,Hari Magar,NP,2020-08-22
7674,Hari Joshi,NP,2025-02-25
3566,Nisha Adhikari,US,2024-01-26
3618,Anju Rai,NP,2022-06-12
2512,Sanjay Shrestha,AU,2022-07-24
7525,Rita Karki,NP,2020-05-21
8706,Nisha Basnet,IN,2023-07-16
4410,Rita Joshi,US,2025-03-09
1039,Hari Sharma,NP,2025-05-21
8810,Nisha Sharma,JP,2021-09-17
1005,Bibek Joshi,NP,2020-11-29
9737,Suman Shrestha,NP,2023-08-05
4408,Maya Magar,NP,2025-06-15
7919,Kiran Gurung,NP,2023-10-13
4612,Bibek Magar,NP,2022-08-23
7957,Aarav Shrestha,DE,2021-04-04
2873,Sita Basnet,NP,2024-07-29
1213,Hari Tamang,US,2022-07-27
7950,Sita Joshi,NP,2020-08-08
2034,Hari Shrestha,NP,2024-01-24
2635,Nisha KC,NP,2022-04-11
371,Suman Rai,IN,2024-03-20
4352,Suman Magar,NP,2021-01-09
9297,Suman Rai,NP,2023-10-15
8104,Rohan Sharma,NP,2024-10-10
9576,Sanjay Magar,NP,2020-08-09
7350,Hari Thapa,NP,2020-10-07
2087,Sita Joshi,NP,2021-05-23
8817,Rita Sharma,NP,2020-03-09
3425,Gita Joshi,IN,2020-07-23
3911,Hari Magar,NP,2024-10-13
8541,Kiran Basnet,NP,2024-11-17
5518,Kiran Sharma,NP,2023-10-28
5232,Kiran Shrestha,DE,2025-04-20
5457,Rohan Adhikari,BR,2021-05-19
9263,Rita Basnet,NP,2023-01-23
3920,Maya Gurung,JP,2025-02-01
1999,Rita Thapa,JP,2024-02-06
6160,Bibek Thapa,NP,2021-11-15
9974,Priya Gurung,NP,2020-01-12
5276,Rohan Thapa,NP,2020-12-01
150,Anju Shrestha,NP,2025-03-02
4589,Anju Rai,AU,2022-05-15
7660,Dipesh Shrestha,NP,2020-09-06
4122,Bibek Magar,NP,2024-11-16
6559,Maya KC,NP,2025-05-14
9670,Hari Shrestha,JP,2021-12-15
6074,Sita Joshi,JP,2023-08-24
4591,Hari Joshi,DE,2022-05-19
8493,Suman Karki,NP,2025-01-09
6134,Kiran Adhikari,AU,2023-03-04
5279,Sita Magar,NP,2024-08-23
8478,Priya Karki,NP,2021-12-16
4752,Sita Tamang,IN,2025-01-19
8435,Bibek KC,NP,2025-03-06
1923,Rita Magar,IN,2023-04-23
3320,Priya Adhikari,US,2023-09-23
3996,Kiran Magar,DE,2025-03-08
4460,Rita Adhikari,NP,2020-06-04
6232,Suman KC,NP,2025-06-02
9037,Maya Shrestha,NP,2024-03-26
2784,Priya Basnet,BR,2023-05-19
8963,Nisha KC,NP,2022-11-15
8249,Suman Sharma,NP,2023-10-04
7301,Kiran Thapa,NP,2023-04-01
4706,Rohan Gurung,NP,2023-03-12
41,Hari Sharma,NP,2021-03-21
164,Nisha Karki,AU,2025-06-04
2505,Anju KC,JP,2020-01-31
4713,Priya Thapa,US,2021-04-28
4344,Sita Adhikari,NP,2022-02-04
2453,Sita Tamang,DE,2020-05-01
8287,Gita Joshi,NP,2022-07-28
2181,Hari Shrestha,NP,2021-09-10
5879,Bibek KC,DE,2020-09-05
8598,Dipesh Sharma,DE,2025-06-16
7669,Sita KC,IN,2024-10-07
2660,Aarav Gurung,NP,2022-09-24
5874,Dipesh Shrestha,NP,2023-11-14
6129,Bibek KC,NP,2020-11-20
3749,Gita Adhikari,IN,2023-07-26
4738,Sita Sharma,NP,2023-02-19
8123,Rohan Basnet,US,2021-10-01
1288,Bibek Adhikari,US,2024-10-24
5819,Aarav Magar,US,2023-06-24
6694,Maya Sharma,NP,2021-02-16
4880,Aarav Thapa,NP,2024-10-09
5836,Sanjay Joshi,GB,2023-07-16
8689,Aarav Joshi,JP,2024-05-11
6287,Maya Karki,NP,2024-10-16
2286,Bibek Karki,NP,2024-09-09
9705,Nisha Thapa,IN,2021-06-04
5594,Priya Gurung,NP,2021-12-22
6111,Priya Tamang,NP,2022-05-20
8472,Bibek Adhikari,NP,2022-07-22
9610,Gita Magar,NP,2022-09-22
7982,Rita Joshi,JP,2022-12-21
3637,Hari Thapa,DE,2024-03-23
8837,Bibek Joshi,NP,2020-08-01
7893,Bibek Basnet,NP,2025-02-27
8709,Hari Adhikari,US,2024-02-26
7584,Rohan Karki,NP,2020-05-20
722,Dipesh Thapa,AU,2024-09-30
552,Priya Thapa,NP,2022-01-19
7508,Dipesh Tamang,NP,2021-05-13
4166,Kiran Joshi,US,2023-12-04
2766,Gita Sharma,NP,2021-05-31
1868,Anju Rai,NP,2022-03-24
4443,Priya Joshi,BR,2023-05-14
9155,Kiran Tamang,NP,2022-10-20
689,Aarav Shrestha,IN,2023-07-18
7093,Sanjay Joshi,DE,2022-12-15
5597,Dipesh Karki,NP,2021-03-16
2059,Anju Sharma,DE,2022-05-21
1475,Kiran Thapa,AU,2022-05-11
7943,Sita Tamang,NP,2022-11-14
4973,Nisha Joshi,NP,2024-04-24
4138,Priya Gurung,AU,2021-07-04
9623,Sanjay Thapa,NP,2021-09-26
6235,Hari Joshi,NP,2023-04-06
2994,Mina Adhikari,NP,2023-07-19
2318,Rita Joshi,NP,2024-04-09
3436,Bibek Basnet,GB,2021-11-05
4864,Priya Joshi,NP,2025-04-11
3111,Aarav Magar,AU,2021-10-10
2278,Hari Thapa,JP,2022-02-03
9090,Aarav Magar,BR,2024-12-03
2081,Mina Joshi,NP,2021-05-09
4178,Hari Sharma,NP,2021-07-21
3386,Suman Tamang,DE,2020-03-13
817,Maya Karki,US,2021-08-24
7534,Dipesh Magar,IN,2024-02-03
9517,Rita Basnet,NP,2023-12-16
2968,Bibek Adhikari,US,2021-01-18
1329,Anju Sharma,NP,2022-04-30
7438,Aarav KC,NP,2022-04-06
9859,Nisha Gurung,NP,2023-11-29
3294,Rohan Sharma,BR,2020-06-11
3757,Nisha Rai,US,2021-05-27
8903,Maya Thapa,NP,2024-03-05
997,Rohan Sharma,DE,2021-11-07
2028,Rohan Magar,NP,2020-12-08
5740,Hari KC,NP,2020-06-09
1281,Hari KC,IN,2021-07-12
6742,Mina Magar,NP,2025-06-19
6365,Suman Karki,NP,2023-06-27
1874,Bibek Rai,NP,2023-03-21
9946,Rohan Gurung,AU,2021-11-24
327,Sita Gurung,GB,2020-05-30
5127,Maya Basnet,NP,2022-01-02
832,Nisha Thapa,NP,2024-05-04
6675,Gita KC,NP,2023-08-25
7757,Rita Basnet,NP,2023-07-15
6311,Rohan Adhikari,NP,2024-05-03
6706,Gita Magar,NP,2021-08-20
8282,Aarav Karki,NP,2023-09-28
3173,Mina Magar,NP,2022-07-21
5418,Anju Joshi,NP,2024-05-24
8372,Rohan Tamang,NP,2020-04-06
6278,Rita KC,DE,2021-11-27
7019,Kiran Karki,NP,2024-04-03
3967,Bibek Basnet,US,2024-08-04
7495,Sanjay Magar,DE,2022-08-08
3941,Rohan Magar,NP,2025-03-13
2249,Dipesh Gurung,IN,2021-03-02
5602,Sita Rai,NP,2020-11-25
3546,Sita Sharma,NP,2025-04-26
5177,Aarav Joshi,NP,2020-05-29
583,Nisha Shrestha,NP,2020-11-21
2104,Anju Adhikari,NP,2025-06-25
4074,Rita Adhikari,NP,2020-06-19
6357,Bibek Shrestha,JP,2023-09-18
579,Aarav Shrestha,NP,2023-07-27
6966,Dipesh Joshi,IN,2022-01-29
6867,Sita KC,NP,2022-08-08
3598,Anju KC,NP,2024-08-23
177,Suman Rai,US,2024-09-07
2771,Sita Karki,IN,2023-03-19
892,Nisha Rai,NP,2025-02-05
1969,Gita Shrestha,NP,2021-11-10
2526,Nisha Magar,NP,2022-07-04
7164,Sanjay Tamang,US,2020-03-10
4929,Anju Rai,AU,2021-05-04
2703,Bibek Tamang,AU,2023-04-20
4638,Anju KC,NP,2025-04-13
3016,Gita Joshi,NP,2024-05-24
963,Hari Magar,NP,2024-08-06
5530,Sanjay Sharma,US,2024-03-02
4562,Maya Magar,NP,2025-06-14
491,Suman Thapa,NP,2022-04-15
3055,Mina Gurung,IN,2025-03-08
5390,Rohan Joshi,NP,2021-04-07
5581,Aarav Sharma,NP,2024-07-30
1450,Rita KC,DE,2023-01-11
2891,Dipesh Basnet,NP,2024-05-10
8510,Sita Rai,NP,2021-05-12
7287,Priya Tamang,AU,2021-08-19
6494,Rita Magar,US,2023-03-29
7522,Dipesh Tamang,NP,2023-07-22
9475,Dipesh Adhikari,NP,2021-03-30
8398,Kiran Adhikari,NP,2020-10-16
919,Aarav Tamang,GB,2024-02-07
4155,Bibek Shrestha,AU,2020-04-15
731,Dipesh Adhikari,NP,2024-09-01
8434,Dipesh Tamang,NP,2020-02-14
6050,Sanjay KC,NP,2022-06-06
2715,Rita Karki,NP,2022-09-16
4936,Bibek Basnet,AU,2023-03-31
3855,Sita Karki,NP,2024-09-05
5708,Hari Rai,NP,2022-10-20
324,Mina Magar,NP,2022-12-30
9606,Kiran Sharma,NP,2021-09-01
1577,Sanjay KC,NP,2025-06-25
682,Hari Adhikari,DE,2021-02-19
496,Gita Thapa,NP,2020-11-15
3458,Mina Magar,US,2022-04-06
3634,Hari Rai,JP,2024-12-12
2591,Dipesh Thapa,BR,2024-11-17
1103,Maya Thapa,NP,2021-03-28
3482,Bibek Gurung,NP,2021-12-31
3247,Kiran KC,NP,2022-05-07
9370,Hari Joshi,IN,2021-01-30
7256,Rohan Adhikari,NP,2020-01-06
1164,Rohan Shrestha,US,2022-05-24
4957,Mina Thapa,NP,2021-11-04
4760,Suman Rai,GB,2020-04-17
4519,Sanjay Tamang,NP,2022-03-04
2311,Nisha Rai,NP,2025-06-06
9410,Kiran Thapa,US,2025-02-18
3329,Nisha Tamang,NP,2024-08-26
8945,Kiran Gurung,NP,2024-03-31
1396,Mina Thapa,DE,2024-06-05
2876,Suman Gurung,NP,2021-10-16
3611,Anju Rai,US,2023-07-08
9529,Anju Joshi,NP,2021-05-12
4387,Kiran Rai,NP,2025-03-26
7595,Dipesh Karki,NP,2021-01-23
9351,Rohan Sharma,NP,2023-11-08
1729,Gita Karki,US,2023-01-06
9104,Anju Shrestha,IN,2022-12-12
9538,Aarav Thapa,NP,2022-10-31
3155,Dipesh Magar,BR,2023-11-09
8871,Dipesh Joshi,JP,2020-07-20
5106,Aarav Thapa,GB,2023-10-21
2064,Kiran KC,NP,2023-03-31
2940,Sita Thapa,US,2025-06-04
6958,Hari Gurung,BR,2025-03-11
9139,Sanjay Karki,NP,2021-04-25
3378,Sanjay Shrestha,BR,2024-10-26
5843,Suman Sharma,NP,2022-03-05
2400,Maya KC,NP,2023-05-02
185,Nisha KC,GB,2024-02-09
307,Rohan Shrestha,NP,2025-02-22
2407,Anju Rai,US,2021-11-19
9105,Gita KC,US,2022-11-11
112,Rita Gurung,GB,2021-11-20
402,Priya Adhikari,US,2021-08-02
46,Kiran Shrestha,NP,2025-04-03
9402,Priya Basnet,NP,2024-11-27
8018,Sanjay Tamang,NP,2022-04-14
2535,Dipesh Gurung,DE,2022-07-27
2944,Kiran Adhikari,BR,2021-08-18
4621,Sita Joshi,NP,2024-01-17
2227,Suman Karki,AU,2022-07-09
6433,Sita Sharma,NP,2024-01-03
6418,Sita Shrestha,NP,2020-03-08
2088,Bibek Magar,IN,2022-06-23
8071,Maya Gurung,US,2021-07-28
6512,Rohan Tamang,US,2023-02-14
8428,Sanjay Adhikari,NP,2021-08-14
157,Anju Magar,NP,2024-10-11
3922,Anju KC,IN,2020-01-20
5162,Kiran Sharma,JP,2024-01-31
3176,Kiran Shrestha,IN,2021-03-11
428,Rita Gurung,IN,2022-02-08
4415,Bibek Thapa,BR,2023-01-09
5154,Nisha Joshi,JP,2024-11-09
7873,Sita Shrestha,DE,2021-01-26
2860,Hari Magar,NP,2020-09-24
7406,Rita Rai,JP,2025-06-29
8117,Gita Joshi,AU,2023-11-27
9531,Anju Gurung,NP,2020-11-02
643,Suman Adhikari,DE,2022-12-19
5142,Hari Tamang,NP,2021-07-16
9573,Maya Basnet,NP,2021-01-21
2110,Maya Rai,BR,2020-12-30
1836,Dipesh Sharma,DE,2020-07-21
587,Aarav Adhikari,GB,2021-05-27
9299,Kiran Joshi,AU,2024-02-25
9830,Suman Shrestha,AU,2024-03-04
1989,Kiran Magar,NP,2021-08-20
5567,Anju Basnet,NP,2021-08-01
4889,Suman Basnet,NP,2021-08-02
7423,Priya Karki,GB,2020-02-28
4927,Dipesh Rai,NP,2021-11-23
2589,Sanjay Sharma,US,2020-04-01
6545,Aarav Tamang,NP,2021-08-14
4084,Rita Sharma,NP,2021-04-02
9929,Mina Tamang,NP,2025-01-21
3225,Gita Adhikari,NP,2023-04-11
7588,Kiran Joshi,IN,2021-05-01
959,Kiran KC,GB,2023-04-26
398,Sanjay Sharma,NP,2020-05-18
1428,Gita Sharma,NP,2023-10-16
6448,Bibek Rai,IN,2020-08-15
4621,Sita Joshi,NP,2021-08-24
8010,Kiran Joshi,IN,2021-06-04
2299,Anju Shrestha,NP,2023-08-09
6534,Bibek Gurung,NP,2024-02-06
8382,Kiran Magar,NP,2020-02-05
3440,Suman Rai,NP,2025-02-28
2670,Sanjay Basnet,NP,2024-09-15
8720,Gita Sharma,US,2022-11-10
5657,Dipesh Sharma,NP,2022-06-12
3031,Priya Rai,IN,2023-11-17
696,Mina Rai,US,2022-03-28
2962,Kiran Rai,IN,2024-07-03
5209,Bibek KC,AU,2022-12-22
455,Suman Gurung,NP,2021-05-29
9927,Anju Rai,US,2020-02-10
8288,Bibek Gurung,NP,2024-08-02
276,Nisha Joshi,NP,2022-03-01
1520,Bibek Sharma,NP,2024-12-19
2412,Maya Gurung,NP,2022-03-24
2159,Sita Basnet,NP,2021-06-07
3683,Suman Gurung,NP,2021-09-23
7435,Maya Magar,NP,2021-07-20
6754,Bibek Basnet,NP,2023-11-02
651,Sita Basnet,NP,2022-09-19
6389,Mina Thapa,NP,2020-01-29
4413,Nisha Thapa,NP,2020-02-06
5893,Aarav Basnet,NP,2021-01-09
5711,Mina Adhikari,NP,2022-09-05
6096,Sita Gurung,NP,2024-12-26
3660,Anju Rai,NP,2020-01-10
5768,Gita Rai,NP,2024-09-08
2676,Gita KC,NP,2025-06-17
3568,Mina Sharma,NP,2022-03-05
2637,Sita Sharma,DE,2025-04-16
2275,Suman Thapa,NP,2021-01-31
2155,Bibek Magar,NP,2024-07-12
6124,Rita Joshi,AU,2022-07-15
4557,Aarav Sharma,JP,2023-07-01
7043,Anju Karki,DE,2020-11-15
4421,Sanjay Basnet,NP,2023-08-13
8414,Dipesh Karki,JP,2024-09-25
7411,Priya Basnet,NP,2023-04-12
6469,Hari Gurung,NP,2020-06-17
6572,Hari Magar,JP,2024-12-27
6173,Dipesh Basnet,US,2023-01-11
4952,Sanjay Adhikari,NP,2024-01-26
4657,Nisha Gurung,NP,2022-07-20
809,Nisha Rai,IN,2022-12-04
4401,Bibek Magar,IN,2023-05-03
92,Nisha Tamang,NP,2022-10-17
7467,Bibek Karki,IN,2022-02-26
8043,Aarav Shrestha,US,2023-08-07
5697,Dipesh Shrestha,NP,2022-01-03
2571,Sanjay Shrestha,DE,2023-01-07
1919,Dipesh Karki,NP,2022-06-23
9595,Nisha Adhikari,NP,2022-06-07
9748,Rohan Magar,NP,2020-12-12
4959,Sita Thapa,NP,2023-11-25
5419,Suman Basnet,JP,2024-07-25
6658,Rita Basnet,NP,2021-01-04
4496,Kiran Gurung,NP,2021-08-24
3906,Rita Karki,IN,2022-04-24
2832,Bibek Adhikari,NP,2024-03-02
7882,Suman Adhikari,IN,2023-02-10
281,Rita Sharma,BR,2023-04-03
5966,Mina Shrestha,GB,2023-10-08
6128,Gita Magar,IN,2021-05-12
1302,Dipesh Basnet,NP,2024-03-04
3689,Anju Rai,NP,2021-08-30
5826,Maya Shrestha,NP,2023-05-31
199,Rohan Basnet,NP,2020-06-06
9431,Bibek Sharma,NP,2023-08-10
981,Sanjay Basnet,NP,2025-04-18
5208,Bibek Basnet,BR,2022-08-12
5115,Mina Thapa,NP,2025-06-19
3614,Dipesh Shrestha,NP,2023-03-06
6612,Bibek Thapa,US,2023-08-26
3151,Dipesh KC,NP,2021-09-06
8276,Bibek KC,NP,2020-04-15
5870,Bibek Adhikari,NP,2020-10-26
8260,Sita Magar,IN,2022-03-12
767,Sita Shrestha,IN,2025-04-17
8887,Maya Basnet,JP,2021-04-08
5412,Nisha KC,JP,2021-01-19
7563,Hari Gurung,NP,2023-09-02
1102,Anju Sharma,NP,2024-07-13
9960,Dipesh Thapa,IN,2024-05-07
2691,Gita Gurung,NP,2024-04-19
7747,Aarav Rai,NP,2020-01-05
4734,Suman Rai,AU,2024-02-19
497,Maya Rai,IN,2020-01-08
7962,Bibek Gurung,AU,2022-05-25
8473,Bibek Rai,IN,2024-03-14
4746,Rita Sharma,NP,2022-12-30
2951,Aarav Adhikari,NP,2023-07-11
1208,Dipesh Thapa,IN,2022-10-23
1998,Mina Magar,NP,2025-03-08
3918,Aarav Basnet,NP,2022-05-21
7514,Rohan Sharma,NP,2020-02-25
4579,Hari Tamang,NP,2023-10-27
3536,Mina Rai,IN,2020-05-26
7321,Mina Adhikari,AU,2020-11-22
1041,Rohan Adhikari,JP,2022-02-28
2446,Rita KC,IN,2022-09-14
5676,Suman Gurung,US,2020-01-10
8978,Gita Joshi,IN,2024-11-28
8014,Mina Tamang,NP,2023-08-21
9281,Mina Thapa,BR,2021-04-24
1496,Rohan Basnet,AU,2023-06-10
3205,Sita Adhikari,JP,2025-05-05
6270,Anju Adhikari,AU,2025-03-09
6607,Anju Basnet,IN,2025-04-15
1179,Priya Sharma,NP,2022-07-29
3907,Rohan KC,NP,2025-02-12
370,Nisha Magar,JP,2023-01-26
1062,Priya Adhikari,NP,2023-05-10
4239,Rohan Thapa,IN,2020-11-24
3040,Mina Karki,NP,2024-12-12
8658,Rita Basnet,US,2020-06-17
8432,Mina Thapa,NP,2025-05-11
417,Anju Tamang,NP,2022-06-16
7202,Mina KC,NP,2022-02-01
1124,Nisha Basnet,DE,2024-05-25
4758,Sanjay Thapa,DE,2020-06-27
4412,Rita Shrestha,NP,2024-05-08
6642,Dipesh Sharma,NP,2024-12-15
9979,Dipesh Sharma,NP,2023-08-18
8328,Sanjay Rai,BR,2021-04-24
8882,Bibek Gurung,NP,2022-11-09
1731,Sanjay Karki,NP,2020-01-17
5343,Sanjay Joshi,IN,2020-05-18
5170,Nisha Karki,AU,2024-03-22
4688,Rita Karki,NP,2020-05-24
3979,Dipesh Joshi,NP,2020-05-02
1761,Kiran Thapa,IN,2024-11-12
6341,Rita Adhikari,NP,2020-07-02
69,Rohan Thapa,US,2020-08-22
3822,Aarav Rai,NP,2022-04-19
633,Sanjay Tamang,NP,2021-01-19
5102,Mina Karki,US,2024-08-07
4038,Hari Adhikari,NP,2022-03-03
3995,Rita Rai,NP,2022-02-21
1888,Suman Tamang,NP,2020-09-18
468,Rohan Gurung,DE,2021-03-11
5613,Nisha Tamang,NP,2020-05-08
2095,Hari Basnet,NP,2021-04-06
1560,Dipesh Joshi,AU,2022-01-03
8348,Bibek Rai,NP,2024-11-07
935,Rohan Thapa,JP,2021-04-09
5951,Aarav Basnet,NP,2020-01-01
7841,Suman Magar,JP,2020-12-11
8082,Aarav Basnet,NP,2021-06-30
2007,Mina Adhikari,GB,2023-05-11
4874,Dipesh Sharma,NP,2020-04-05
210,Bibek Joshi,NP,2024-01-11
8299,Gita Basnet,AU,2023-07-30
6092,Maya Thapa,GB,2024-08-04
2761,Aarav Joshi,NP,2023-03-24
2723,Anju Shrestha,NP,2020-05-03
4836,Bibek Joshi,JP,2025-05-15
8176,Dipesh Tamang,NP,2023-02-16
765,Priya Tamang,JP,2022-06-12
5710,Rita Rai,NP,2021-06-09
3529,Aarav Shrestha,NP,2023-12-17
5888,Dipesh Shrestha,NP,2020-06-10
566,Maya Sharma,NP,2021-02-27
6462,Dipesh Basnet,NP,2023-06-30
4695,Aarav Thapa,NP,2021-06-06
9805,Aarav Adhikari,JP,2021-06-23
743,Hari Gurung,IN,2020-05-24
9193,Hari Karki,US,2023-01-05
6272,Maya Magar,NP,2024-12-22
7998,Dipesh Adhikari,NP,2022-07-17
5842,Anju Tamang,NP,2024-11-25
5719,Aarav Magar,NP,2024-12-07
9156,Hari Rai,NP,2022-09-11
9692,Anju Thapa,AU,2025-01-03
5281,Sita Thapa,JP,2020-04-08
499,Gita Adhikari,GB,2021-07-10
9817,Bibek Shrestha,BR,2024-08-04
7305,Suman Gurung,IN,2023-11-10
5580,Rita Thapa,NP,2024-07-27
3409,Hari KC,NP,2024-01-19
3367,Rohan Joshi,NP,2021-10-23
9978,Nisha Basnet,NP,2023-10-20
133,Anju KC,NP,2024-01-26
7913,Mina Magar,US,2020-06-19
3656,Rohan Tamang,US,2021-05-13
8869,Sanjay Gurung,NP,2021-05-12
9512,Kiran Magar,NP,2022-11-30
1773,Anju Karki,NP,2022-03-04
1924,Rohan Thapa,DE,2022-08-20
6610,Rita Adhikari,NP,2025-06-19
9086,Sita Karki,NP,2024-12-28
7244,Suman Karki,GB,2020-12-05
2631,Mina KC,NP,2020-08-26
822,Rita Karki,AU,2021-02-21
2415,Rita Gurung,NP,2025-04-27
6310,Mina Joshi,NP,2025-03-02
3492,Dipesh KC,US,2020-02-29
7930,Sanjay Joshi,NP,2021-06-02
575,Priya Sharma,BR,2021-06-05
3806,Dipesh Karki,NP,2021-12-13
1796,Rita Rai,US,2022-09-15
2901,Mina Tamang,IN,2021-10-22
6032,Kiran Rai,NP,2024-12-01
9719,Sita KC,NP,2020-02-19
4223,Maya Gurung,JP,2023-08-23
2791,Rita Karki,IN,2021-04-12
1360,Bibek Gurung,AU,2023-11-25
6257,Priya Basnet,US,2024-08-24
4533,Anju Thapa,NP,2020-12-29
4847,Priya Adhikari,NP,2020-06-27
3943,Rohan Joshi,JP,2020-03-03
9320,Maya Joshi,GB,2023-03-26
2297,Maya Thapa,NP,2025-06-19
9825,Dipesh Adhikari,NP,2025-03-30
9013,Priya Basnet,NP,2021-07-29
1117,Priya Adhikari,NP,2020-05-09
6603,Maya Joshi,NP,2022-08-20
475,Mina Adhikari,NP,2024-04-01
7464,Priya Karki,NP,2025-05-08
4240,Bibek Rai,AU,2021-01-27
1904,Mina Rai,NP,2024-09-12
6112,Suman Shrestha,NP,2024-04-30
5341,Bibek Rai,NP,2024-03-16
7869,Kiran Joshi,NP,2024-11-30
8735,Sita Sharma,NP,2024-09-10
6645,Sanjay Gurung,US,2022-08-16
9174,Gita Rai,NP,2025-01-18
1082,Rohan Joshi,US,2025-04-25
225,Mina Joshi,IN,2021-03-05
8057,Hari Adhikari,NP,2021-02-05
8007,Nisha Magar,DE,2022-10-17
1019,Bibek Basnet,NP,2023-06-27
8979,Rohan Basnet,NP,2021-06-07
829,Rohan Shrestha,NP,2024-08-15
5928,Gita Rai,NP,2022-09-20
4521,Bibek Joshi,NP,2022-08-08
2162,Anju Sharma,BR,2022-11-16
1675,Priya Rai,NP,2023-05-02
6997,Nisha Basnet,BR,2023-01-28
1067,Dipesh KC,NP,2024-10-09
4250,Suman Magar,NP,2021-04-25
4160,Sanjay KC,NP,2023-11-23
7499,Rita Joshi,NP,2020-06-04
9844,Rita Karki,NP,2022-02-03
2917,Maya KC,AU,2020-02-07
1906,Kiran Sharma,AU,2023-08-25
2629,Anju Karki,NP,2022-12-22
8311,Priya KC,NP,2021-10-01
125,Bibek Karki,NP,2025-03-25
9204,Gita Gurung,NP,2024-09-12
4000,Hari Tamang,IN,2022-07-01
8879,Sanjay Magar,AU,2024-03-20
7549,Priya Shrestha,NP,2022-05-13
256,Dipesh Adhikari,NP,2020-09-26
2528,Maya Shrestha,NP,2020-01-16
9393,Sanjay Magar,NP,2024-09-27
8982,Nisha Shrestha,NP,2025-04-08
8094,Mina Rai,NP,2021-02-02
2509,Bibek Gurung,NP,2022-11-08
1385,Bibek Sharma,NP,2020-12-18
3242,Priya Magar,NP,2020-06-14
9771,Maya Rai,US,2020-02-09
4710,Bibek Thapa,IN,2024-01-21
2050,Mina Adhikari,IN,2020-09-09
5499,Priya Tamang,NP,2021-07-30
502,Suman Gurung,NP,2021-01-05
8970,Maya Magar,US,2020-11-03
8803,Gita Basnet,US,2020-10-24
9984,Rohan Karki,NP,2020-06-06
9595,Nisha Adhikari,NP,2020-11-27
9751,Kiran Basnet,US,2025-01-05
9462,Dipesh Thapa,NP,2020-03-20
4455,Suman Sharma,NP,2020-06-22
1895,Kiran Karki,GB,2020-11-01
8638,Sanjay Shrestha,NP,2024-04-18
6066,Kiran Magar,NP,2021-04-09
7274,Aarav Rai,NP,2022-11-10
8116,Sanjay Sharma,IN,2021-04-21
8131,Suman KC,NP,2023-07-31
8520,Dipesh Joshi,NP,2024-09-03
5227,Priya Magar,NP,2023-11-20
3640,Kiran Karki,NP,2023-03-15
8231,Dipesh Magar,NP,2024-12-24
9607,Suman Joshi,BR,2021-07-04
4427,Aarav Sharma,NP,2022-02-11
2019,Rohan Adhikari,NP,2023-08-19
6588,Rita Sharma,NP,2024-05-29
8323,Sanjay Karki,NP,2025-02-02
6445,Kiran Gurung,NP,2021-04-17
392,Priya Magar,NP,2022-01-05
4461,Hari Adhikari,NP,2020-02-14
7974,Nisha Gurung,NP,2020-01-14
5853,Priya Basnet,GB,2024-08-23
2212,Rohan Joshi,NP,2020-11-02
2471,Priya Gurung,NP,2022-07-09
4452,Priya Basnet,NP,2024-09-21
6902,Priya Tamang,NP,2024-11-01
3680,Rohan Shrestha,BR,2023-02-06
611,Suman Sharma,DE,2020-07-27
1900,Suman Shrestha,JP,2022-05-25
9895,Rohan Gurung,NP,2022-09-14
875,Maya Tamang,NP,2021-09-30
3051,Rita KC,NP,2023-10-08
554,Priya Basnet,AU,2023-04-21
3657,Kiran Basnet,IN,2022-04-18
1714,Anju Adhikari,NP,2020-04-25
4883,Sanjay Basnet,NP,2022-08-19
9969,Priya Thapa,NP,2020-01-04
5057,Kiran Tamang,NP,2020-12-20
54,Bibek Karki,NP,2021-01-07
4226,Gita KC,NP,2021-12-22
444,Sanjay Magar,NP,2020-01-08
7698,Kiran Sharma,NP,2022-12-16
7959,Mina KC,GB,2020-01-27
1152,Suman Sharma,NP,2024-06-18
9591,Mina KC,US,2021-05-22
4538,Mina Joshi,NP,2020-02-04
6068,Hari Basnet,NP,2025-04-19
6683,Hari Tamang,NP,2020-03-14
9283,Sanjay KC,NP,2024-11-24
915,Mina Joshi,NP,2022-01-22
1845,Maya Gurung,NP,2020-07-28
1015,Aarav KC,NP,2021-07-30
1389,Suman Shrestha,NP,2022-12-08
9740,Nisha Tamang,NP,2021-05-03
8275,Aarav Tamang,IN,2022-08-27
2170,Gita Joshi,NP,2023-05-17
4254,Anju Joshi,NP,2021-01-10
3602,Bibek Joshi,IN,2020-02-04
8602,Rohan Rai,IN,2023-03-01
4603,Sita Magar,NP,2023-08-29
2894,Hari Shrestha,BR,2022-08-18
4316,Sanjay Gurung,NP,2021-08-15
7711,Bibek Karki,IN,2022-04-17
9862,Mina Tamang,NP,2023-09-23
7923,Sita Thapa,NP,2022-06-17
859,Mina Thapa,NP,2023-06-30
8682,Gita Gurung,NP,2021-07-27
6808,Maya Basnet,NP,2024-07-10
4791,Suman Joshi,DE,2023-09-07
1698,Suman Thapa,AU,2024-05-20
2494,Suman Rai,NP,2020-11-09
4715,Mina Karki,US,2021-02-13
8902,Dipesh Karki,NP,2024-11-30
6260,Rohan Joshi,NP,2020-03-31
7980,Aarav Gurung,NP,2022-05-16
6293,Anju Shrestha,NP,2024-10-11
486,Sita Rai,NP,2023-09-11
3888,Sanjay Thapa,NP,2020-07-04
6598,Priya Sharma,DE,2021-11-05
7046,Anju Gurung,NP,2021-04-25
5767,Kiran Thapa,GB,2023-11-25
7263,Kiran KC,NP,2020-10-18
2636,Hari Joshi,NP,2020-11-20
6166,Suman Adhikari,NP,2022-07-01
4291,Rohan Shrestha,US,2021-09-01
2043,Hari Gurung,NP,2023-06-02
6434,Rita Gurung,NP,2024-11-23
3966,Nisha Karki,NP,2020-09-21
4569,Anju Adhikari,NP,2020-09-01
274,Sita Magar,NP,2023-07-14
8181,Sita Tamang,NP,2021-08-10
1394,Anju Karki,GB,2020-08-27
7014,Priya Basnet,NP,2021-06-26
1869,Maya Shrestha,AU,2021-03-02
1486,Mina Sharma,IN,2024-09-26
1034,Anju Tamang,IN,2023-07-13
5975,Aarav Adhikari,AU,2020-02-12
6741,Sita KC,US,2021-05-02
1143,Rohan Shrestha,NP,2020-06-20
1730,Maya Shrestha,IN,2021-01-22
1397,Aarav Karki,NP,2024-08-09
8170,Aarav Shrestha,NP,2020-01-22
9329,Bibek Basnet,NP,2022-10-20
5995,Anju Sharma,NP,2023-12-03
8934,Aarav Adhikari,NP,2022-04-25
9931,Anju Adhikari,NP,2023-12-16
8787,Bibek Shrestha,NP,2020-09-14
6359,Mina Tamang,BR,2025-02-03
6819,Sita Adhikari,NP,2021-11-24
4304,Rita Adhikari,NP,2024-07-23
2285,Maya Shrestha,DE,2023-01-26
4725,Rohan Shrestha,IN,2020-06-27
3318,Mina Magar,NP,2021-12-11
8913,Maya Thapa,NP,2023-06-06
7115,Priya Sharma,NP,2023-09-19
1460,Rohan Tamang,US,2024-06-21
364,Kiran Basnet,NP,2022-10-04
5542,Kiran Magar,NP,2020-03-01
6267,Nisha Adhikari,JP,2025-01-13
3056,Rohan Basnet,US,2022-10-02
1538,Mina Adhikari,NP,2020-08-26
2689,Priya Magar,NP,2020-12-24
3895,Priya Magar,DE,2020-02-23
241,Rita Sharma,IN,2020-11-08
876,Hari Adhikari,NP,2021-04-25
416,Mina KC,NP,2025-06-27
1700,Sanjay Gurung,BR,2025-03-11
5371,Bibek Tamang,IN,2020-11-29
7628,Rita Magar,NP,2021-12-22
8730,Sanjay Basnet,NP,2023-04-29
5216,Mina Rai,NP,2023-06-03
7276,Sita Gurung,NP,2023-03-07
5405,Priya Sharma,AU,2021-10-12
836,Bibek Joshi,IN,2023-01-19
850,Priya Adhikari,JP,2020-12-18
2627,Sita Shrestha,DE,2022-02-15
1961,Priya Gurung,JP,2021-06-05
697,Rohan Sharma,IN,2022-07-06
1218,Priya Thapa,US,2020-08-30
4776,Anju Gurung,AU,2022-01-14
8310,Maya Sharma,NP,2023-05-29
586,Hari Basnet,BR,2024-02-08
9768,Kiran Magar,NP,2020-04-10
6430,Nisha Sharma,NP,2025-03-23
8941,Rita Basnet,DE,2020-09-18
8841,Priya Rai,BR,2021-09-22
816,Hari Sharma,NP,2021-12-29
5136,Sita Shrestha,IN,2023-05-10
5912,Bibek Gurung,NP,2024-03-18
9484,Kiran Tamang,NP,2023-03-21
1823,Mina Sharma,NP,2020-05-15
1221,Anju Karki,GB,2020-08-04
3718,Rita Gurung,NP,2023-01-07
8427,Aarav Karki,US,2023-11-12
4793,Sita Gurung,NP,2025-06-20
7784,Suman Sharma,JP,2020-11-19
1728,Rita Tamang,NP,2020-07-05
4003,Nisha Tamang,NP,2024-07-05
1493,Maya Thapa,NP,2025-01-08
9011,Gita Karki,DE,2023-09-19
8599,Suman Sharma,DE,2022-01-06
2420,Mina Basnet,NP,2020-01-16
8445,Bibek Rai,NP,2021-04-03
1833,Priya Gurung,JP,2025-04-08
44,Dipesh Adhikari,NP,2021-09-01
9605,Maya Karki,IN,2021-02-17
7955,Sita KC,NP,2021-09-08
4980,Sanjay Shrestha,AU,2024-02-15
4050,Hari Sharma,NP,2023-08-28
4028,Aarav Basnet,IN,2023-05-02
4485,Suman Thapa,US,2023-08-13
7972,Sanjay Magar,NP,2022-05-16
6056,Dipesh Joshi,NP,2022-05-08
6950,Hari Joshi,BR,2023-08-22
5646,Sita Sharma,NP,2023-05-28
2941,Maya Adhikari,NP,2020-09-01
8278,Rohan Rai,NP,2021-09-02
4708,Anju Tamang,NP,2022-08-24
6276,Nisha Basnet,NP,2025-04-11
7074,Gita Magar,NP,2021-02-16
18,Nisha Magar,US,2020-04-06
9247,Rita Magar,US,2024-05-21
8051,Mina Gurung,AU,2023-03-13
5252,Sita Rai,NP,2021-10-09
7405,Gita Sharma,JP,2020-08-28
7127,Nisha Tamang,NP,2021-05-01
1854,Sita Adhikari,NP,2021-09-14
2704,Rita Sharma,NP,2024-09-26
9495,Rohan Karki,NP,2024-12-24
8264,Gita Gurung,NP,2024-09-29
5433,Maya Rai,NP,2024-03-22
1114,Suman Adhikari,NP,2021-09-22
4642,Hari Basnet,NP,2020-07-03
7767,Rohan Basnet,NP,2020-11-26
5428,Dipesh Shrestha,BR,2021-09-21
7041,Sita Rai,BR,2020-07-21
6382,Sanjay Shrestha,NP,2020-02-05
2805,Gita Tamang,US,2024-01-06
1176,Anju Basnet,US,2021-08-05
2356,Dipesh Gurung,NP,2023-11-03
5050,Aarav Sharma,NP,2021-05-17
5808,Rita KC,NP,2023-04-07
5060,Aarav Gurung,NP,2024-04-20
9845,Dipesh Joshi,NP,2022-12-29
3731,Kiran Basnet,NP,2023-05-10
4164,Anju Shrestha,GB,2023-11-05
8369,Aarav Gurung,JP,2024-05-20
3284,Dipesh Tamang,US,2022-04-10
917,Gita Thapa,JP,2021-01-07
8324,Kiran Adhikari,US,2020-01-16
3942,Sanjay Karki,NP,2025-02-26
7344,Sita Thapa,NP,2025-01-05
8533,Rita Sharma,NP,2022-03-23
4866,Dipesh Shrestha,NP,2024-06-13
3599,Gita Tamang,NP,2020-07-26
285,Priya Shrestha,IN,2022-07-15
1517,Sita Adhikari,NP,2025-01-10
2070,Rohan Adhikari,BR,2022-09-20
4991,Dipesh Rai,DE,2020-01-05
7978,Hari KC,BR,2024-12-11
780,Dipesh Gurung,NP,2020-11-09
5919,Kiran Sharma,NP,2020-03-25
9379,Rohan KC,NP,2023-07-01
7340,Bibek Tamang,NP,2021-06-19
5540,Anju KC,NP,2024-03-19
830,Mina KC,JP,2023-02-10
8688,Sanjay Adhikari,NP,2022-11-17
7440,Hari Basnet,NP,2022-04-27
1474,Rohan Thapa,US,2020-03-31
2084,Kiran Tamang,IN,2022-05-27
7070,Dipesh Thapa,NP,2021-08-24
4015,Sita Basnet,BR,2022-01-19
5731,Anju Gurung,US,2024-07-31
1905,Sanjay Joshi,JP,2022-11-24
4030,Sita Gurung,NP,2020-08-08
8687,Hari Karki,NP,2024-04-08
2585,Mina Sharma,IN,2022-01-05
1652,Sita Tamang,NP,2020-05-20
8528,Dipesh Adhikari,US,2023-05-18
1546,Rohan Sharma,NP,2022-01-16
9079,Mina Joshi,NP,2023-11-11
7758,Maya Joshi,IN,2021-08-29
5347,Priya Shrestha,NP,2025-01-27
4070,Bibek Sharma,NP,2022-07-03
1430,Rita Magar,NP,2023-08-09
6482,Bibek Gurung,NP,2024-09-21
2288,Sita Joshi,NP,2021-03-20
2811,Sanjay Sharma,NP,2022-11-11
754,Rohan Rai,NP,2022-06-21
9232,Sanjay KC,DE,2023-03-05
952,Dipesh Karki,DE,2023-02-02
5729,Aarav Gurung,NP,2024-10-23
9525,Maya Adhikari,US,2020-02-09
5645,Aarav Tamang,NP,2024-02-18
1433,Hari Gurung,GB,2025-01-09
3479,Nisha Sharma,NP,2024-11-01
1010,Nisha Tamang,IN,2021-08-12
8461,Mina Tamang,NP,2021-09-03
7805,Mina Basnet,NP,2024-12-14
6199,Hari Adhikari,NP,2022-10-24
7725,Nisha Tamang,NP,2021-07-25
2819,Bibek Tamang,NP,2023-04-04
6974,Sanjay Tamang,NP,2020-05-07
4253,Priya Joshi,NP,2020-06-13
1755,Sanjay Sharma,JP,2024-01-16
6826,Sita Magar,NP,2023-10-24
5804,Kiran Rai,NP,2020-02-21
5654,Rita Gurung,NP,2025-04-01
6755,Mina Shrestha,NP,2022-06-26
19,Sita Magar,AU,2023-08-17
2837,Dipesh Sharma,NP,2020-02-03
2495,Suman Rai,DE,2023-11-29
7936,Rohan Rai,NP,2025-03-18
3982,Sanjay Basnet,NP,2020-02-22
3197,Priya Basnet,NP,2025-01-10
2698,Mina KC,DE,2021-09-07
1519,Hari Shrestha,NP,2020-05-20
667,Bibek Rai,NP,2024-11-04
3591,Aarav Magar,NP,2024-04-29
1718,Aarav Karki,DE,2025-03-11
1313,Rohan Shrestha,IN,2025-01-16
7216,Gita Rai,JP,2024-02-21
6767,Gita Karki,US,2024-07-24
6378,Sita Joshi,NP,2021-04-21
8112,Aarav Rai,NP,2022-03-29
4542,Kiran Basnet,NP,2020-05-27
8570,Priya KC,NP,2023-02-04
1144,Gita Shrestha,NP,2020-04-10
4938,Mina Magar,DE,2020-07-19
2722,Maya Rai,NP,2024-04-29
4773,Kiran Sharma,NP,2023-05-24
9786,Kiran Rai,NP,2022-11-04
3772,Sita Adhikari,AU,2021-05-20
965,Anju Basnet,NP,2025-05-14
6732,Nisha Sharma,NP,2021-03-25
5471,Kiran Rai,NP,2022-07-25
9616,Nisha Thapa,JP,2020-09-08
1006,Bibek Magar,NP,2024-09-30
6244,Priya Sharma,NP,2024-12-08
8699,Mina Magar,NP,2024-11-19
8741,Sita Thapa,DE,2025-05-27
6546,Aarav Tamang,DE,2024-01-06
4115,Hari Sharma,IN,2021-06-16
3226,Maya Joshi,JP,2022-07-02
442,Kiran KC,JP,2020-10-16
5376,Anju Rai,NP,2023-08-17
6105,Aarav Magar,NP,2020-11-11
8401,Maya KC,IN,2025-06-27
4365,Kiran Joshi,NP,2025-05-14
4183,Suman Adhikari,AU,2021-11-21
213,Anju Adhikari,BR,2022-07-18
5009,Rohan Shrestha,NP,2022-09-14
7312,Rita Joshi,AU,2023-11-02
7307,Sita Shrestha,NP,2021-11-28
5293,Dipesh Magar,NP,2021-01-07
4201,Kiran Sharma,NP,2022-08-13
8374,Sanjay Gurung,BR,2020-10-14
8890,Sanjay Karki,IN,2025-03-09
1455,Suman KC,IN,2023-01-31
3124,Hari Shrestha,NP,2022-02-12
6466,Aarav Karki,NP,2021-03-05
8303,Sita Adhikari,US,2021-11-24
6793,Anju Magar,NP,2020-08-31
5213,Nisha Sharma,NP,2021-02-25
7362,Sita Rai,IN,2021-02-08
7556,Aarav Thapa,NP,2020-04-26
5929,Sanjay Basnet,NP,2023-11-30
5907,Aarav KC,NP,2024-08-29
7969,Sita Karki,NP,2025-06-15
6656,Dipesh KC,US,2022-12-06
289,Sita KC,NP,2020-02-18
2207,Aarav KC,NP,2021-02-08
7061,Nisha KC,NP,2025-04-04
2838,Rohan Magar,NP,2021-08-28
4890,Sanjay Magar,NP,2025-05-26
741,Maya Karki,US,2021-08-05
778,Hari Tamang,NP,2021-07-25
5206,Aarav Joshi,IN,2021-01-13
8207,Priya Sharma,IN,2021-04-10
7916,Gita Joshi,NP,2021-09-16
631,Sita Rai,NP,2020-06-06
9622,Anju Basnet,NP,2024-04-05
8877,Rohan Thapa,NP,2023-06-16
9753,Dipesh KC,IN,2025-04-25
8516,Sanjay Magar,IN,2024-03-22
4962,Bibek Karki,NP,2023-03-05
9944,Sita KC,NP,2024-07-11
7199,Nisha Magar,NP,2020-02-26
6071,Mina Gurung,NP,2024-04-10
1684,Nisha Joshi,NP,2022-12-04
7753,Maya Magar,NP,2021-03-19
3250,Dipesh Rai,US,2022-08-20
407,Anju Sharma,NP,2023-11-22
4140,Sanjay Joshi,NP,2025-01-02
3263,Rohan Rai,NP,2025-05-20
3200,Sita Basnet,NP,2025-06-19
1256,Nisha Joshi,JP,2022-03-20
5980,Rohan Gurung,NP,2021-11-07
3662,Dipesh Magar,NP,2020-11-07
2187,Priya Shrestha,US,2022-11-28
4347,Gita Tamang,GB,2024-03-08
553,Suman Tamang,JP,2020-06-22
2912,Kiran Sharma,NP,2023-10-28
1255,Nisha Thapa,NP,2025-01-30
4674,Anju Karki,NP,2024-07-27
7551,Rita Sharma,BR,2023-07-08
3958,Aarav Shrestha,JP,2020-03-25
2869,Rohan Thapa,BR,2022-03-16
9198,Bibek Thapa,GB,2022-05-19
267,Gita Adhikari,IN,2024-01-02
2903,Priya Gurung,NP,2022-09-16
7685,Priya KC,NP,2022-12-02
5384,Rita Sharma,NP,2022-03-14
6455,Maya Karki,US,2020-04-04
5934,Hari Joshi,US,2022-03-30
2684,Kiran Gurung,GB,2021-11-28
175,Anju Sharma,GB,2021-12-01
4626,Sita Sharma,NP,2023-10-16
1386,Mina Joshi,GB,2024-12-07
2937,Rita Karki,NP,2023-11-24
5081,Aarav Magar,NP,2024-01-16
6044,Aarav Thapa,IN,2022-02-18
147,Sita Joshi,DE,2022-12-31
8429,Nisha Magar,NP,2023-04-28
2201,Nisha Gurung,NP,2022-05-21
3668,Dipesh Magar,US,2023-03-04
9516,Hari Karki,IN,2022-08-03
4689,Priya Rai,NP,2021-07-10
4564,Gita Basnet,NP,2023-02-01
8946,Sita Rai,NP,2023-02-21
5091,Rohan Adhikari,IN,2024-07-24
2683,Sita KC,IN,2023-03-30
4247,Dipesh Tamang,IN,2023-11-17
947,Dipesh Basnet,NP,2025-05-16
6125,Aarav Gurung,NP,2021-02-22
9757,Bibek Rai,AU,2020-01-19
677,Rohan Shrestha,US,2025-05-01
9957,Aarav KC,NP,2022-06-30
3882,Sanjay Thapa,NP,2021-01-17
1756,Bibek Thapa,NP,2023-12-03
4617,Nisha Rai,BR,2023-01-23
8187,Hari Joshi,NP,2021-07-17
34,Rita Joshi,NP,2022-06-12
2082,Aarav Tamang,NP,2023-08-05
400,Anju Joshi,NP,2021-06-26
2620,Dipesh KC,IN,2020-02-26
7067,Bibek Thapa,IN,2025-05-20
6530,Kiran Basnet,NP,2022-10-13
3963,Gita Shrestha,JP,2025-02-22
5754,Suman Gurung,NP,2024-08-04
6896,Aarav KC,NP,2023-04-05
8572,Suman Sharma,US,2023-12-28
8475,Bibek KC,NP,2022-10-12
9470,Priya Adhikari,GB,2020-01-16
1978,Nisha Rai,IN,2022-01-26
6855,Hari Sharma,NP,2022-04-26
2973,Maya KC,DE,2025-05-21
8389,Bibek Shrestha,NP,2022-04-03
6850,Gita Joshi,NP,2024-05-21
1280,Priya Joshi,US,2021-08-28
2952,Bibek Karki,NP,2025-02-04
6323,Anju KC,NP,2022-08-27
4113,Suman Gurung,BR,2021-09-08
3495,Rohan Rai,NP,2020-01-23
5447,Maya Basnet,NP,2021-04-25
769,Rohan Joshi,BR,2022-07-02
9057,Priya Tamang,NP,2020-02-28
3915,Maya KC,BR,2024-08-31
4940,Nisha Rai,AU,2020-06-30
6219,Kiran Gurung,IN,2022-03-06
3540,Hari Joshi,US,2023-06-18
9585,Rohan Joshi,NP,2025-04-01
3841,Hari Magar,NP,2020-10-25
4987,Priya Tamang,NP,2021-05-23
7017,Dipesh Adhikari,NP,2024-02-14
8265,Rohan Magar,JP,2024-11-20
6798,Gita Sharma,NP,2023-11-26
5361,Aarav Thapa,IN,2024-08-01
8597,Suman KC,AU,2024-06-16
1826,Hari Gurung,DE,2020-03-19
5752,Aarav Magar,NP,2024-04-26
2192,Suman Joshi,NP,2023-08-26
8039,Rita Magar,IN,2021-10-05
1970,Rita Karki,JP,2024-04-01
4083,Maya Thapa,DE,2024-10-25
6864,Dipesh Rai,JP,2025-02-16
2511,Suman KC,NP,2023-02-05
4002,Mina Adhikari,NP,2022-05-19
2323,Rohan KC,US,2021-05-15
5233,Sanjay Sharma,US,2021-09-28
2280,Mina Tamang,NP,2021-12-15
7921,Maya Magar,NP,2023-01-30
7035,Anju Tamang,BR,2022-10-23
5194,Dipesh Tamang,NP,2021-07-20
2644,Kiran Shrestha,NP,2025-03-09
8734,Gita KC,US,2020-09-30
26,Rohan Adhikari,NP,2020-06-20
873,Priya Gurung,NP,2024-08-16
10000,Suman Sharma,AU,2022-08-08
113,Sanjay Sharma,GB,2023-07-13
8456,Bibek Thapa,IN,2021-01-18
9977,Bibek Adhikari,NP,2022-10-11
6275,Maya Thapa,US,2023-04-05
6560,Mina Gurung,NP,2025-03-09
4567,Aarav Gurung,NP,2023-01-18
914,Suman Thapa,GB,2021-08-13
9836,Sita Sharma,NP,2023-11-13
3079,Bibek Basnet,NP,2021-09-13
6126,Hari Magar,NP,2024-03-29
1757,Sanjay KC,NP,2021-07-02
2632,Kiran Karki,GB,2021-10-01
6140,Gita Tamang,NP,2020-09-12
5608,Bibek Karki,NP,2021-01-29
6846,Kiran Magar,US,2024-06-24
9244,Nisha Gurung,NP,2020-02-06
3509,Suman Rai,NP,2022-08-20
289,Sita KC,NP,2025-02-05
3962,Maya Magar,JP,2024-08-01
9031,Suman Tamang,NP,2023-01-20
373,Aarav Adhikari,NP,2025-04-10
5603,Kiran Sharma,IN,2022-10-28
6946,Kiran Magar,AU,2024-07-26
4904,Suman Basnet,NP,2021-12-04
4451,Kiran Adhikari,IN,2020-07-11
4067,Sanjay Gurung,DE,2022-07-07
9233,Aarav Tamang,NP,2024-08-17
98,Kiran Karki,AU,2020-11-10
5601,Suman Sharma,DE,2022-04-20
9736,Aarav Magar,NP,2023-03-15
862,Sanjay Basnet,NP,2021-12-15
5184,Sanjay Basnet,NP,2021-06-14
8306,Rita Rai,NP,2024-12-18
9478,Rita Tamang,AU,2025-02-24
7249,Maya Joshi,NP,2023-10-13
6086,Rohan Tamang,NP,2024-05-08
3484,Kiran Adhikari,NP,2020-08-04
5250,Rohan Shrestha,US,2023-08-12
2381,Kiran Gurung,NP,2020-02-21
9072,Kiran Shrestha,US,2020-12-09
9324,Gita Magar,US,2024-03-07
1834,Sanjay Gurung,US,2024-12-03
7630,Rita Joshi,GB,2023-03-08
8545,Rita Tamang,NP,2024-02-25
5352,Gita Joshi,NP,2024-04-06
7606,Gita Rai,GB,2025-06-29
3898,Suman Joshi,NP,2024-05-23
9202,Aarav KC,NP,2020-05-05
7223,Sanjay Karki,NP,2025-05-27
5661,Rita Joshi,NP,2022-02-18
9558,Aarav Gurung,AU,2024-08-26
9869,Suman Tamang,NP,2023-03-12
2360,Rita Magar,NP,2021-05-14
6730,Nisha KC,NP,2021-03-27
5289,Sanjay Gurung,NP,2020-04-17
8750,Rita Karki,NP,2020-04-03
6383,Bibek Magar,NP,2021-11-22
277,Aarav Joshi,NP,2020-08-14
3524,Mina Thapa,NP,2020-09-24
79,Sanjay Basnet,US,2022-09-25
1917,Anju Shrestha,AU,2021-05-05
110,Maya Karki,NP,2024-12-28
4756,Suman Rai,NP,2022-11-18
8412,Anju Gurung,NP,2020-06-01
7096,Rita KC,NP,2021-03-04
6161,Suman Basnet,NP,2020-05-03
3549,Dipesh Gurung,AU,2020-12-13
7755,Bibek Karki,NP,2023-01-19
8740,Rohan Basnet,NP,2023-05-28
1914,Kiran Tamang,NP,2024-01-15
7582,Bibek Joshi,NP,2023-03-21
6237,Kiran Karki,NP,2023-04-26
1543,Mina Rai,US,2023-12-22
2661,Suman Thapa,NP,2020-02-23
2107,Anju Adhikari,JP,2020-03-02
3480,Sita Tamang,NP,2021-02-13
2349,Maya Karki,NP,2024-08-20
4058,Bibek Adhikari,NP,2021-12-27
6174,Anju KC,NP,2023-09-24
6927,Rita Magar,NP,2025-03-14
530,Sanjay Tamang,IN,2022-02-15
1204,Kiran Magar,NP,2020-10-15
2610,Aarav Shrestha,NP,2022-03-21
3203,Rita Adhikari,IN,2020-05-03
3462,Hari Sharma,AU,2024-02-08
8650,Priya KC,JP,2022-03-07
7532,Priya Magar,IN,2024-02-06
2287,Rita Rai,NP,2021-11-28
1951,Maya Tamang,IN,2021-06-07
1220,Hari Tamang,NP,2023-10-15
5025,Maya Tamang,NP,2024-09-24
2769,Sita Thapa,NP,2020-03-16
5749,Anju Basnet,GB,2024-09-05
5144,Bibek Joshi,AU,2020-11-11
802,Dipesh Adhikari,AU,2020-04-05
2849,Sita Magar,US,2020-07-12
6627,Gita Shrestha,NP,2023-05-16
4896,Nisha Rai,BR,2022-09-02
7713,Dipesh Magar,NP,2024-06-27
1184,Nisha Sharma,NP,2023-08-11
9099,Hari Karki,NP,2023-06-29
4248,Anju Thapa,DE,2024-01-31
8406,Sita Adhikari,JP,2021-11-18
450,Sita Shrestha,NP,2023-11-28
3280,Kiran Sharma,NP,2021-03-15
8924,Rohan Karki,US,2021-10-03
4188,Anju Sharma,NP,2024-11-22
7542,Rohan Basnet,AU,2023-06-01
3463,Bibek Karki,GB,2024-02-14
650,Rohan Thapa,NP,2022-01-16
6526,Rohan KC,NP,2023-07-09
601,Priya Karki,NP,2021-04-14
6082,Kiran Sharma,NP,2022-09-22
8423,Priya KC,US,2024-08-24
2408,Nisha Rai,NP,2022-01-31
7228,Aarav KC,NP,2023-11-18
7329,Suman KC,NP,2022-12-19
3486,Rita KC,JP,2021-04-26
9136,Maya Tamang,JP,2021-05-30
512,Nisha Gurung,NP,2022-01-09
6906,Bibek Karki,NP,2023-08-12
8160,Aarav Rai,DE,2020-08-24
1875,Gita Sharma,NP,2025-05-30
1040,Rita Joshi,NP,2022-01-17
8586,Sita Thapa,NP,2021-04-12
4327,Maya Sharma,NP,2021-05-07
6168,Gita Gurung,NP,2023-05-13
9824,Aarav Rai,US,2023-08-10
2251,Aarav Gurung,AU,2025-06-25
1184,Nisha Sharma,NP,2020-11-01
3576,Hari Karki,NP,2023-11-02
7723,Rohan Gurung,NP,2023-10-03
2718,Hari Gurung,NP,2020-04-08
5398,Bibek Karki,BR,2025-04-14
2390,Nisha Karki,DE,2022-04-01
9646,Hari Shrestha,NP,2021-08-16
2598,Hari Thapa,IN,2025-06-18
9481,Suman KC,NP,2023-08-30
7197,Suman KC,US,2021-08-23
2077,Suman Joshi,NP,2025-05-14
1001,Sita Basnet,JP,2024-01-16
6851,Hari Tamang,NP,2023-08-01
9152,Hari Adhikari,NP,2023-06-25
6901,Anju Thapa,NP,2021-12-27
8084,Anju Sharma,NP,2022-09-11
5795,Suman Tamang,NP,2024-06-13
5414,Rohan Tamang,NP,2024-07-08
9308,Kiran Karki,NP,2024-04-20
8615,Bibek Magar,NP,2024-11-07
1414,Dipesh Magar,JP,2023-11-24
9746,Mina Thapa,NP,2020-04-14
6245,Rita Thapa,JP,2024-11-26
2222,Kiran Thapa,NP,2024-05-01
1686,Hari Basnet,AU,2023-12-26
8836,Hari Joshi,NP,2020-03-17
7128,Rita Magar,NP,2021-01-08
3451,Rohan Sharma,IN,2022-08-29
9794,Rita Joshi,NP,2024-11-11
616,Nisha Tamang,DE,2023-06-30
2384,Sita KC,NP,2023-07-30
6978,Bibek Basnet,NP,2021-08-14
9255,Nisha Joshi,NP,2022-08-16
7859,Bibek Shrestha,NP,2023-03-09
9941,Priya Rai,NP,2022-12-05
4530,Mina Shrestha,NP,2021-05-03
3586,Dipesh Joshi,JP,2021-07-02
8676,Sanjay Rai,NP,2024-06-20
8604,Maya Rai,NP,2023-03-25
5814,Suman Tamang,DE,2023-05-29
469,Maya Basnet,IN,2022-12-28
5922,Kiran Adhikari,NP,2020-10-18
3268,Dipesh Karki,NP,2024-10-30
6400,Priya KC,NP,2022-11-15
1064,Sita Tamang,NP,2020-09-21
7011,Priya Shrestha,IN,2024-11-19
2382,Rita Gurung,NP,2025-04-22
2599,Mina Rai,AU,2024-11-07
7463,Maya Rai,NP,2024-02-04
6028,Suman Thapa,DE,2024-05-11
7618,Dipesh Gurung,NP,2020-06-15
8156,Suman Gurung,NP,2021-07-07
6981,Rita Tamang,NP,2020-03-18
6346,Bibek Tamang,NP,2021-06-27
5454,Gita Sharma,NP,2024-04-04
523,Sanjay Sharma,NP,2024-07-23
4668,Rohan Basnet,AU,2022-08-11
522,Maya Thapa,NP,2023-10-28
252,Suman Rai,JP,2022-10-24
101,Anju Joshi,JP,2021-05-29
2127,Bibek Tamang,NP,2025-05-10
3457,Dipesh Thapa,US,2020-09-09
6870,Anju Joshi,NP,2024-02-11
7824,Dipesh Basnet,NP,2021-08-15
2930,Suman Adhikari,NP,2022-07-09
8669,Aarav Shrestha,NP,2021-09-14
4810,Rohan Gurung,NP,2025-04-17
3852,Maya Sharma,NP,2022-03-31
2605,Priya Karki,GB,2022-02-20
8433,Dipesh Gurung,NP,2022-06-30
2003,Sanjay Karki,NP,2025-02-25
9778,Dipesh Tamang,GB,2020-08-06
8557,Rita Karki,NP,2021-04-30
8253,Suman Magar,NP,2022-12-23
3728,Kiran Thapa,GB,2023-03-20
720,Maya Adhikari,US,2022-02-11
5325,Bibek Rai,JP,2021-12-17
6786,Gita Shrestha,JP,2024-07-14
9026,Nisha Basnet,NP,2024-11-30
4280,Sanjay Sharma,IN,2023-03-02
7802,Suman Rai,BR,2023-12-23
5445,Priya Magar,NP,2023-07-14
742,Maya Adhikari,NP,2021-08-15
9360,Maya Joshi,NP,2022-03-30
1816,Anju Gurung,NP,2020-07-21
4361,Maya Shrestha,NP,2024-02-17
1747,Maya Gurung,NP,2022-06-18
9767,Aarav Shrestha,JP,2022-08-19
1030,Suman Tamang,NP,2020-08-06
5506,Suman Thapa,NP,2023-03-18
849,Gita Basnet,IN,2021-01-02
929,Anju Tamang,NP,2022-04-17
8346,Hari Basnet,NP,2020-05-06
7184,Suman Magar,NP,2021-12-11
5327,Suman Magar,GB,2020-05-01
9214,Rohan Joshi,JP,2023-09-30
855,Bibek Shrestha,NP,2021-07-13
3170,Priya Joshi,NP,2025-03-09
237,Rohan Rai,AU,2022-04-22
3781,Mina Adhikari,NP,2025-06-24
732,Aarav Gurung,JP,2025-04-07
7425,Rita Shrestha,US,2020-06-03
9056,Suman KC,AU,2020-03-24
3304,Priya Basnet,US,2023-08-06
5475,Dipesh Magar,IN,2023-09-27
7645,Priya Karki,NP,2021-01-21
744,Maya Magar,NP,2025-01-04
4839,Hari Rai,NP,2024-09-14
9357,Rita KC,NP,2023-12-12
5321,Mina Karki,US,2024-10-28
1002,Bibek Sharma,JP,2022-02-11
7314,Hari Gurung,JP,2022-07-27
122,Nisha Gurung,NP,2023-07-28
4165,Suman Adhikari,JP,2025-03-22
3147,Priya Rai,NP,2022-07-24
81,Sanjay Gurung,JP,2022-12-03
7793,Priya Shrestha,IN,2024-03-20
5766,Rohan Adhikari,NP,2024-12-24
877,Rita KC,NP,2022-03-22
5202,Rita Adhikari,NP,2021-11-17
5084,Dipesh Magar,NP,2020-01-12
5263,Priya Gurung,US,2023-01-11
6592,Bibek Shrestha,NP,2020-06-03
6716,Kiran KC,NP,2024-01-17
9253,Bibek Magar,NP,2023-08-26
1515,Maya Basnet,US,2024-09-16
9764,Dipesh Magar,GB,2025-03-29
7700,Mina Tamang,NP,2025-03-09
8211,Rohan Shrestha,DE,2023-07-11
9063,Suman Adhikari,NP,2025-05-25
3341,Sanjay Tamang,DE,2021-11-26
1219,Mina Gurung,NP,2023-12-09
3553,Mina Gurung,NP,2023-03-05
7203,Nisha Gurung,NP,2022-09-19
6824,Maya Tamang,NP,2020-09-28
5003,Mina Sharma,JP,2021-05-12
5969,Hari Thapa,US,2022-08-03
5108,Sita KC,NP,2023-04-27
8531,Rohan Sharma,NP,2022-05-10
4797,Rita Adhikari,IN,2023-06-17
2576,Gita KC,IN,2022-11-20
1901,Gita Adhikari,GB,2024-12-06
4311,Aarav Basnet,NP,2023-02-13
2663,Mina KC,AU,2021-11-07
4229,Hari Sharma,NP,2024-06-09
1093,Suman Shrestha,US,2023-04-17
9499,Anju Shrestha,NP,2021-10-30
9785,Hari Gurung,IN,2020-12-28
9700,Nisha Thapa,NP,2022-09-20
1735,Maya Sharma,NP,2021-08-21
7821,Sanjay Magar,GB,2020-10-18
1617,Suman Tamang,NP,2021-05-27
4085,Dipesh Basnet,JP,2024-08-18
1039,Hari Sharma,NP,2021-05-11
9239,Bibek Rai,NP,2022-10-15
7612,Sita Adhikari,GB,2020-03-07
5176,Hari Shrestha,US,2024-11-21
2000,Aarav Adhikari,NP,2020-09-15
8842,Priya Shrestha,NP,2023-02-18
9864,Priya KC,IN,2024-09-06
5700,Priya Magar,NP,2023-08-12
8081,Rohan Adhikari,NP,2025-06-23
8127,Dipesh KC,US,2021-03-01
8991,Maya Rai,NP,2022-09-04
5670,Gita Adhikari,JP,2020-10-19
3140,Sanjay Thapa,AU,2025-06-01
5524,Aarav Rai,AU,2024-06-25
8166,Mina Magar,NP,2022-04-09
1401,Hari KC,US,2022-10-10
8628,Anju Adhikari,NP,2023-12-22
6017,Hari Tamang,JP,2023-07-13
719,Priya KC,DE,2024-05-31
4932,Rita Rai,US,2020-02-28
1330,Bibek Adhikari,NP,2023-02-23
4712,Rohan Basnet,NP,2021-01-31
9449,Kiran Shrestha,NP,2021-07-25
7214,Priya KC,NP,2024-12-23
7304,Hari Rai,NP,2023-04-11
6002,Nisha Magar,IN,2024-11-21
3167,Bibek Basnet,AU,2024-06-19
2747,Gita Tamang,NP,2020-10-26
4831,Sanjay Karki,NP,2021-10-13
2762,Kiran Joshi,NP,2022-12-31
356,Dipesh Gurung,JP,2022-07-06
6938,Mina KC,NP,2024-10-15
5350,Sanjay Gurung,GB,2024-06-14
6787,Hari Gurung,NP,2023-11-26
9904,Anju Sharma,NP,2025-04-14
891,Aarav Rai,AU,2024-05-28
1603,Sanjay Rai,NP,2023-11-24
9500,Maya Tamang,JP,2021-07-14
6167,Aarav Basnet,NP,2022-02-01
3043,Sanjay Shrestha,NP,2023-06-19
2459,Maya Sharma,GB,2020-11-15
8983,Nisha Joshi,NP,2025-04-04
3930,Rohan Rai,NP,2022-07-05
1793,Nisha Shrestha,NP,2024-07-17
4322,Anju Magar,NP,2024-03-17
2984,Mina KC,NP,2023-02-24
5923,Hari Adhikari,NP,2024-06-23
3910,Gita Magar,IN,2024-07-12
7082,Aarav Joshi,GB,2025-05-16
7731,Kiran Thapa,US,2022-10-13
1426,Gita Adhikari,NP,2023-08-21
8705,Hari Sharma,NP,2022-06-02
9822,Maya Gurung,US,2021-05-23
3701,Sanjay Tamang,JP,2023-05-12
6836,Gita Sharma,NP,2021-07-07
2578,Suman KC,NP,2023-05-08
5868,Maya Basnet,IN,2020-10-14
3814,Hari Thapa,NP,2021-09-14
7225,Priya Sharma,NP,2024-10-30
6768,Bibek Rai,JP,2024-08-10
5452,Maya Shrestha,NP,2022-06-10
94,Kiran KC,US,2024-04-28
191,Maya Sharma,NP,2021-01-15
1206,Sanjay Magar,NP,2021-11-26
473,Rohan Tamang,US,2021-08-09
5931,Dipesh Adhikari,BR,2022-07-22
1805,Gita Adhikari,AU,2023-01-17
5480,Suman Magar,NP,2021-04-28
757,Mina Basnet,NP,2023-07-21
4097,Kiran Shrestha,NP,2023-04-17
7621,Mina Sharma,NP,2022-08-20
5185,Gita Magar,NP,2024-11-09
4835,Gita Tamang,BR,2024-10-24
8678,Hari Rai,NP,2020-11-22
8425,Suman Thapa,US,2022-05-01
1405,Mina Sharma,BR,2020-05-27
7789,Dipesh Joshi,NP,2023-03-14
1046,Hari Shrestha,JP,2022-05-07
128,Aarav Adhikari,DE,2020-05-15
8543,Rohan Joshi,NP,2024-11-25
3118,Gita Magar,NP,2020-12-13
2559,Aarav Tamang,NP,2020-06-21
860,Bibek Basnet,AU,2021-07-19
4798,Rohan Rai,NP,2020-12-12
1549,Rohan Adhikari,NP,2022-06-10
6212,Bibek Shrestha,NP,2023-06-02
1917,Anju Shrestha,AU,2025-02-17
3787,Bibek Sharma,IN,2023-08-05
3715,Bibek Adhikari,GB,2022-02-01
6531,Sanjay Joshi,NP,2023-02-22
6330,Hari Adhikari,NP,2023-06-02
2138,Anju Tamang,IN,2022-08-10
4528,Sanjay Thapa,NP,2022-01-10
6353,Gita Gurung,IN,2022-02-04
9454,Sita Karki,NP,2021-03-23
3393,Dipesh Shrestha,IN,2022-04-19
894,Gita Rai,US,2021-05-04
6279,Rohan Sharma,NP,2020-12-10
2854,Aarav KC,NP,2020-07-10
2726,Rita Joshi,NP,2021-01-27
7124,Hari Basnet,US,2024-04-11
117,Bibek Thapa,NP,2024-01-07
3041,Rita Gurung,IN,2023-10-07
5356,Priya Karki,NP,2020-04-03
3421,Nisha Thapa,NP,2020-07-14
3276,Gita KC,NP,2024-05-29
1485,Maya Magar,NP,2021-02-26
508,Gita Basnet,BR,2021-08-30
6648,Suman Karki,NP,2025-06-07
5119,Nisha Karki,NP,2025-01-23
1367,Priya Sharma,NP,2021-11-21
799,Sita Joshi,AU,2023-01-16
1893,Aarav Thapa,NP,2022-04-05
302,Mina Rai,AU,2022-07-23
4336,Maya Shrestha,NP,2021-01-03
9835,Hari Shrestha,JP,2022-02-14
6892,Kiran Rai,NP,2022-09-20
6141,Mina Karki,IN,2025-03-09
1803,Dipesh Tamang,NP,2020-08-28
3875,Rohan Joshi,NP,2021-02-02
3433,Rita Shrestha,DE,2022-09-11
3162,Sanjay Gurung,NP,2022-07-07
6634,Aarav Magar,NP,2025-05-14
39,Aarav Basnet,GB,2022-04-10
8198,Anju Adhikari,NP,2024-05-17
5941,Rohan Thapa,IN,2025-02-18
3720,Kiran Sharma,NP,2022-08-22
1275,Dipesh KC,NP,2024-07-05
1557,Sita Joshi,NP,2020-03-02
2373,Nisha Karki,NP,2021-01-22
7272,Aarav Adhikari,JP,2022-02-16
1894,Kiran Sharma,DE,2022-07-04
3085,Sanjay Sharma,NP,2022-03-15
889,Dipesh Basnet,US,2022-06-09
514,Suman Gurung,NP,2021-12-20
9584,Sanjay Magar,US,2022-09-29
8189,Rita Basnet,NP,2021-03-05
224,Bibek Adhikari,IN,2023-06-28
634,Aarav Rai,NP,2025-01-19
5913,Sita Sharma,IN,2023-03-26
8075,Bibek Magar,US,2025-04-19
3998,Gita Karki,AU,2020-05-11
9114,Sanjay Sharma,US,2024-07-27
8745,Dipesh Rai,IN,2022-04-28
280,Sita Karki,NP,2021-02-24
5989,Kiran KC,AU,2020-11-20
8521,Bibek Gurung,AU,2021-07-16
5741,Maya Adhikari,US,2022-02-23
7833,Suman Basnet,IN,2021-08-08
3968,Mina Karki,NP,2020-08-25
6736,Kiran Gurung,IN,2022-06-28
6551,Bibek Joshi,IN,2024-04-14
3551,Suman Tamang,US,2021-05-26
7021,Nisha Thapa,NP,2022-10-13
4418,Priya Karki,NP,2024-07-13
2846,Maya Shrestha,NP,2025-03-19
7792,Bibek KC,NP,2024-11-30
941,Maya Magar,IN,2022-03-18
854,Anju Thapa,US,2020-05-01
7447,Dipesh Sharma,NP,2021-09-22
4396,Sita Adhikari,NP,2024-01-10
5915,Maya Adhikari,AU,2022-08-19
5101,Rohan KC,JP,2022-10-21
7711,Bibek Karki,IN,2024-02-27
8289,Priya Magar,US,2021-05-03
1398,Bibek Magar,NP,2023-10-11
3846,Nisha KC,BR,2021-03-01
4779,Maya Karki,NP,2021-01-15
6027,Rohan Shrestha,DE,2022-07-15
8017,Priya Thapa,NP,2024-02-09
4846,Bibek Shrestha,DE,2020-08-10
4077,Sanjay Adhikari,BR,2020-04-04
4862,Maya Thapa,IN,2020-10-06
1838,Sita Karki,US,2023-09-03
610,Rohan KC,NP,2025-01-22
4194,Suman Adhikari,GB,2024-10-01
5374,Aarav Karki,US,2023-05-20
2862,Anju Joshi,NP,2022-09-13
7431,Sita Rai,NP,2025-02-05
8535,Priya Magar,NP,2020-10-01
9669,Suman Joshi,US,2020-11-17
3395,Rita Adhikari,IN,2021-02-15
2502,Anju Sharma,DE,2021-03-16
2853,Anju Basnet,IN,2023-02-11
5410,Anju Sharma,NP,2021-06-18
1921,Aarav Thapa,NP,2023-06-30
3743,Suman Basnet,JP,2022-02-01
7567,Sita Basnet,NP,2021-08-24
2757,Suman Magar,IN,2022-11-21
3786,Dipesh Joshi,AU,2023-10-28
9375,Anju Karki,JP,2022-04-20
2815,Nisha Sharma,US,2023-06-06
8933,Aarav Tamang,NP,2022-10-05
5348,Suman KC,NP,2023-09-12
8416,Sita Tamang,IN,2025-03-13
9948,Anju Magar,NP,2023-08-23
8069,Bibek Shrestha,GB,2024-07-03
8870,Rita Shrestha,JP,2025-05-16
2905,Rita Basnet,NP,2020-08-10
120,Bibek Tamang,GB,2025-03-06
7904,Gita KC,NP,2023-12-19
649,Hari Karki,NP,2022-07-17
6518,Mina Magar,NP,2020-04-22
2902,Mina KC,NP,2023-12-10
6409,Anju Adhikari,NP,2021-10-14
8636,Nisha KC,NP,2024-02-23
853,Priya Shrestha,NP,2025-01-14
429,Nisha Shrestha,NP,2022-12-18
2541,Maya Thapa,NP,2022-08-31
165,Anju Sharma,NP,2021-01-12
9398,Bibek Magar,NP,2021-11-30
294,Bibek Tamang,BR,2021-12-28
3239,Bibek Gurung,BR,2024-04-25
4597,Gita Tamang,US,2020-07-02
1356,Rohan Basnet,NP,2023-04-18
7429,Dipesh Joshi,JP,2021-03-06
884,Maya Rai,NP,2022-11-17
3211,Hari Magar,IN,2025-05-26
7718,Sita Sharma,NP,2022-02-13
3704,Suman Tamang,GB,2021-06-02
7251,Suman Magar,GB,2022-03-19
688,Sita Basnet,BR,2020-12-01
4767,Rita Sharma,NP,2022-04-21
1864,Maya Thapa,NP,2021-08-26
2687,Sanjay Sharma,NP,2024-11-22
6412,Priya Basnet,NP,2020-05-20
1523,Gita Shrestha,US,2022-02-08
6861,Dipesh Rai,NP,2022-03-22
3514,Nisha KC,AU,2022-02-11
813,Sita Tamang,NP,2024-09-03
6131,Sita Thapa,NP,2020-10-02
6856,Kiran Basnet,IN,2021-07-26
6483,Bibek Rai,NP,2025-06-27
6925,Sanjay Rai,GB,2022-06-03
3014,Suman KC,NP,2021-10-19
8923,Rohan Gurung,DE,2022-07-25
7826,Nisha Shrestha,NP,2021-08-10
8743,Rohan Tamang,NP,2023-10-29
1054,Dipesh Gurung,JP,2022-11-04
2228,Suman Tamang,NP,2021-11-26
8752,Anju Magar,NP,2023-09-10
290,Priya Rai,NP,2025-01-19
8134,Hari Tamang,JP,2022-06-29
7866,Rita Basnet,NP,2021-05-23
5294,Aarav Karki,NP,2022-05-17
1268,Anju Rai,NP,2022-12-08
544,Mina Shrestha,NP,2023-04-04
4737,Maya Adhikari,NP,2024-04-05
989,Sita Karki,JP,2020-08-09
1066,Bibek Magar,NP,2024-02-24
8606,Aarav Magar,NP,2021-10-11
6813,Aarav Rai,NP,2024-10-01
707,Hari Sharma,DE,2025-04-15
5528,Anju Thapa,GB,2021-04-02
8886,Gita Adhikari,IN,2024-10-14
1627,Anju Adhikari,GB,2022-02-03
6984,Sanjay Sharma,NP,2020-10-01
2399,Anju Adhikari,NP,2021-01-27
8716,Nisha Sharma,GB,2025-05-03
9467,Aarav Shrestha,GB,2023-09-23
2370,Rita Joshi,NP,2021-05-31
2160,Priya Thapa,NP,2021-02-18
8102,Maya KC,NP,2025-01-07
5095,Aarav Sharma,BR,2021-01-02
2352,Dipesh Shrestha,GB,2023-01-28
2861,Sanjay Gurung,NP,2020-10-08
6724,Hari Gurung,NP,2024-03-15
419,Sita Sharma,GB,2023-04-10
621,Priya Shrestha,IN,2022-04-14
6508,Sita Karki,NP,2020-07-30
4747,Dipesh Thapa,NP,2021-02-06
977,Priya Tamang,JP,2025-03-20
9203,Suman Joshi,GB,2022-11-11
6227,Sanjay Adhikari,JP,2021-06-22
8825,Kiran Thapa,NP,2024-06-11
9602,Priya Karki,DE,2023-04-28
6886,Aarav Joshi,US,2023-09-26
8194,Sanjay Rai,NP,2023-12-03
9144,Suman Gurung,US,2020-12-18
6985,Kiran Sharma,IN,2021-10-07
6187,Sanjay Basnet,AU,2021-10-25
353,Dipesh Sharma,NP,2022-04-29
8986,Anju Basnet,NP,2023-04-12
5203,Gita Gurung,US,2022-08-30
1419,Sita Thapa,US,2020-12-29
4262,Bibek Rai,DE,2022-10-07
4032,Nisha Gurung,NP,2021-12-02
9837,Sita Magar,JP,2024-04-30
5890,Priya Adhikari,AU,2023-02-26
1545,Rita Basnet,IN,2020-07-05
9569,Dipesh Rai,US,2020-10-05
3949,Priya Thapa,NP,2020-06-06
4523,Mina Gurung,NP,2023-10-28
5794,Rita Shrestha,NP,2022-02-06
1808,Sanjay Shrestha,NP,2020-03-02
9488,Suman Basnet,DE,2022-03-02
3178,Dipesh Thapa,US,2023-04-29
4616,Priya KC,NP,2025-04-24
8205,Nisha Tamang,NP,2022-06-15
3639,Sanjay Tamang,NP,2022-03-02
1954,Sita KC,NP,2023-10-05
956,Maya Gurung,GB,2024-01-10
9641,Maya Thapa,JP,2020-07-17
3796,Rohan Rai,NP,2024-09-02
4089,Rita Gurung,US,2021-03-28
2581,Suman Thapa,IN,2025-01-03
186,Priya KC,NP,2023-11-10
4581,Gita Karki,DE,2020-11-22
6600,Aarav Gurung,DE,2020-06-25
6522,Kiran Gurung,NP,2023-04-24
1727,Suman Rai,AU,2022-08-02
9042,Bibek Rai,NP,2023-07-28
8391,Mina KC,NP,2024-01-03
1571,Sita Joshi,US,2020-06-18
5225,Maya Adhikari,NP,2023-05-05
1669,Aarav Rai,NP,2021-03-26
3272,Gita Basnet,NP,2023-10-01
3104,Rohan Thapa,NP,2021-07-18
3631,Rita Karki,NP,2023-08-09
3398,Kiran KC,DE,2024-04-29
676,Aarav Sharma,IN,2024-07-07
4955,Sita Gurung,GB,2021-06-21
3987,Anju Tamang,GB,2024-03-28
5596,Mina Sharma,NP,2024-04-29
243,Rita KC,GB,2024-01-17
7376,Mina Karki,NP,2020-09-03
7925,Priya Joshi,IN,2021-06-29
9480,Sanjay Thapa,NP,2022-01-18
3382,Hari Karki,IN,2020-09-15
2023,Bibek Karki,IN,2023-05-21
6502,Maya Rai,NP,2025-04-15
1240,Bibek Joshi,DE,2023-09-18
3136,Sita Tamang,NP,2025-02-02
521,Kiran Rai,NP,2024-12-21
3060,Suman Rai,GB,2024-01-06
3429,Rohan Rai,NP,2020-05-12
8215,Sanjay Shrestha,US,2024-06-08
7195,Mina Sharma,GB,2020-10-30
6926,Dipesh KC,NP,2023-09-09
6625,Mina Magar,NP,2021-01-24
3767,Anju Adhikari,AU,2024-03-03
5413,Maya KC,IN,2024-03-11
75,Kiran Karki,NP,2020-04-26
8820,Bibek Shrestha,US,2023-06-12
9631,Hari Magar,JP,2024-09-28
8769,Bibek Thapa,DE,2021-12-04
6608,Priya Shrestha,GB,2021-11-16
2573,Suman Shrestha,BR,2023-01-16
8109,Kiran Basnet,NP,2024-04-21
5679,Anju Gurung,NP,2022-05-15
8012,Rohan Adhikari,GB,2024-06-12
6834,Rita Rai,NP,2023-06-21
3298,Hari Gurung,IN,2024-03-18
1195,Maya Rai,NP,2024-09-02
9277,Anju Adhikari,DE,2025-01-05
4399,Kiran Thapa,NP,2024-04-01
4744,Sanjay Adhikari,NP,2021-09-02
2475,Sanjay Adhikari,NP,2020-11-20
4821,Sita Magar,NP,2020-06-01
7501,Maya Tamang,NP,2020-04-28
7313,Hari Magar,DE,2022-03-31
9643,Sita Adhikari,NP,2023-08-12
8838,Kiran Sharma,IN,2024-08-18
9780,Hari Sharma,AU,2023-07-17
8335,Maya Shrestha,NP,2024-03-04
8301,Bibek Sharma,NP,2023-09-16
8861,Nisha KC,NP,2024-05-31
7118,Mina Tamang,NP,2023-05-25
4775,Dipesh Adhikari,NP,2023-10-19
7193,Gita Sharma,NP,2020-02-24
7038,Anju Rai,NP,2020-10-28
7327,Rohan Karki,NP,2022-04-13
7354,Hari Karki,NP,2022-11-24
2055,Nisha KC,BR,2023-12-21
6709,Kiran Basnet,NP,2020-10-18
2534,Priya KC,US,2023-08-05
3996,Kiran Magar,DE,2023-04-27
4055,Maya Rai,NP,2024-09-18
8740,Rohan Basnet,NP,2024-04-01
9047,Priya Sharma,GB,2022-08-12
7699,Sita KC,DE,2021-06-02
6664,Nisha Shrestha,IN,2022-10-11
2482,Maya Thapa,NP,2020-11-28
499,Gita Adhikari,GB,2020-04-07
1726,Anju Shrestha,NP,2024-08-04
8008,Bibek Shrestha,NP,2021-11-15
3472,Sanjay Sharma,NP,2022-04-29
5768,Gita Rai,NP,2022-03-23
535,Aarav Gurung,NP,2023-10-09
5028,Anju Basnet,GB,2024-03-26
3368,Nisha Gurung,NP,2022-09-07
3083,Hari Sharma,DE,2023-10-17
6411,Gita Shrestha,BR,2021-01-11
8908,Dipesh Tamang,NP,2024-01-23
1177,Maya Karki,IN,2022-09-04
7714,Rita Thapa,BR,2023-05-05
2562,Sanjay KC,US,2023-09-05
7187,Mina Thapa,NP,2023-02-08
217,Rita Basnet,NP,2025-05-09
2817,Kiran Basnet,NP,2021-11-03
8612,Rohan Karki,GB,2023-12-22
4488,Mina Sharma,NP,2022-12-10
8365,Sita Shrestha,JP,2022-07-29
1012,Suman Basnet,DE,2024-09-18
8247,Rita KC,NP,2023-06-27
6586,Priya Thapa,NP,2021-10-07
6026,Sanjay Shrestha,GB,2023-06-22
109,Gita Tamang,GB,2024-05-21
5559,Rita Magar,NP,2022-10-25
7885,Rita Joshi,AU,2023-08-18
2317,Bibek Joshi,US,2022-10-26
5932,Dipesh Basnet,NP,2022-10-22
2172,Kiran Tamang,NP,2021-04-22
4476,Anju Karki,IN,2020-11-06
5761,Suman Karki,NP,2025-01-22
146,Anju Joshi,NP,2023-10-21
1187,Aarav Karki,GB,2025-01-20
5648,Mina Adhikari,DE,2023-04-29
9762,Mina Magar,NP,2022-12-13
9316,Rohan Thapa,US,2020-01-21
4192,Maya Tamang,IN,2023-02-21
3405,Sita Joshi,NP,2020-09-09
1447,Aarav Karki,NP,2020-06-30
2498,Gita KC,NP,2025-01-26
7050,Gita Sharma,NP,2020-06-16
2350,Bibek Magar,NP,2021-10-25
3236,Suman Adhikari,NP,2021-12-30
8703,Mina Basnet,NP,2020-04-29
6315,Nisha Basnet,BR,2023-03-23
5595,Dipesh Thapa,GB,2022-05-01
5788,Sanjay Basnet,NP,2021-07-03
8771,Suman Shrestha,BR,2020-07-18
2539,Nisha Gurung,NP,2025-05-06
4628,Gita Magar,US,2022-12-30
3134,Aarav Sharma,NP,2024-01-01
5773,Sita Sharma,NP,2023-08-13
9088,Rita Tamang,JP,2020-09-19
2032,Maya KC,NP,2022-06-29
7133,Dipesh Magar,NP,2023-08-18
2792,Sita Sharma,IN,2025-02-03
56,Bibek Adhikari,NP,2021-12-15
4428,Sita Karki,NP,2024-05-06
4285,Hari Gurung,NP,2022-12-13
7153,Hari Joshi,NP,2022-07-17
5096,Sita Thapa,NP,2023-11-26
9035,Gita Karki,NP,2023-07-08
4610,Suman Karki,GB,2020-12-25
7961,Mina Tamang,AU,2025-03-09
7604,Dipesh Karki,NP,2023-04-24
3264,Kiran Sharma,NP,2020-10-27
7787,Maya Sharma,US,2021-06-05
2845,Sanjay Magar,NP,2024-08-22
5120,Sita Adhikari,NP,2022-12-01
8835,Rita Joshi,NP,2022-11-04
5330,Bibek Joshi,AU,2021-06-06
6426,Dipesh KC,US,2023-12-17
1731,Sanjay Karki,NP,2023-01-06
7279,Sanjay Karki,NP,2022-10-28
3152,Anju Shrestha,NP,2020-04-15
3103,Gita Joshi,AU,2021-04-19
343,Sita Rai,NP,2024-10-26
9675,Rita Rai,NP,2023-12-25
7022,Suman Karki,NP,2021-06-01
7948,Priya Sharma,NP,2023-10-03
9911,Mina Tamang,NP,2023-12-03
9853,Priya Tamang,NP,2023-09-19
730,Mina Joshi,US,2020-11-14
7585,Priya Karki,NP,2020-10-16
3592,Aarav Joshi,NP,2023-02-18
1877,Rohan Tamang,NP,2021-04-06
1415,Hari Thapa,NP,2024-08-23
4210,Sita Sharma,NP,2023-04-04
6048,Aarav Magar,NP,2022-08-27
4683,Sanjay Rai,JP,2025-03-29
6785,Maya Adhikari,NP,2024-10-07
2351,Hari Basnet,NP,2025-02-10
8196,Anju Rai,NP,2020-12-31
5653,Priya KC,NP,2021-09-07
4652,Sita Shrestha,BR,2022-06-13
4281,Gita Thapa,NP,2024-07-20
9996,Suman KC,IN,2020-04-17
3037,Hari KC,NP,2024-01-26
6062,Nisha Tamang,NP,2023-10-09
1717,Nisha Joshi,IN,2022-12-05
4301,Sita Magar,NP,2022-12-01
4341,Gita Magar,NP,2025-01-15
605,Mina Basnet,DE,2024-01-19
5456,Nisha Rai,JP,2021-02-23
6839,Kiran Gurung,NP,2021-10-18
1435,Suman Adhikari,NP,2023-12-06
7337,Sanjay Basnet,NP,2023-10-11
9930,Anju Karki,IN,2024-01-06
4343,Sita Magar,NP,2024-04-28
1352,Priya Gurung,NP,2020-10-31
6270,Anju Adhikari,AU,2022-07-10
2827,Mina Sharma,NP,2020-12-30
2053,Rohan Joshi,NP,2020-05-20
604,Dipesh Tamang,NP,2024-07-21
6952,Kiran KC,NP,2022-02-13
9916,Aarav Thapa,NP,2023-04-01
8128,Priya Rai,IN,2020-07-03
5519,Rita Karki,JP,2022-09-03
1468,Kiran Adhikari,IN,2020-12-13
3613,Sita Adhikari,NP,2022-09-22
3794,Gita Joshi,NP,2025-03-25
7639,Nisha Adhikari,IN,2021-04-25
9528,Priya Thapa,IN,2022-12-24
7395,Hari Tamang,IN,2025-04-13
8284,Gita KC,US,2024-01-23
982,Mina Rai,NP,2021-04-17
8853,Gita Adhikari,NP,2023-11-11
5962,Anju Adhikari,BR,2021-04-12
4590,Mina Thapa,NP,2024-10-05
8001,Hari Joshi,AU,2020-09-05
5064,Kiran Tamang,NP,2020-03-02
8163,Suman Adhikari,BR,2022-03-13
5811,Sita Tamang,NP,2022-11-12
2651,Hari Joshi,AU,2023-09-10
2822,Rohan Thapa,NP,2021-12-21
8944,Rohan Tamang,NP,2024-04-11
7413,Priya Joshi,NP,2022-07-22
938,Mina Karki,NP,2022-04-21
6594,Aarav Sharma,NP,2020-03-15
9476,Rohan Thapa,NP,2021-05-08
2085,Rohan Joshi,AU,2023-05-08
1770,Aarav Sharma,NP,2023-07-13
6910,Gita Gurung,GB,2024-06-24
3589,Priya Joshi,NP,2020-12-26
5721,Anju Magar,NP,2021-04-23
2537,Bibek KC,JP,2022-02-15
1831,Hari Karki,NP,2024-01-11
3796,Rohan Rai,NP,2024-04-17
7196,Rita Adhikari,NP,2024-07-07
6058,Priya Thapa,BR,2023-08-26
2515,Aarav Thapa,BR,2021-11-15
6309,Sanjay KC,NP,2021-02-28
6699,Priya Magar,US,2022-10-24
4279,Suman Tamang,NP,2023-12-17
5334,Sita Shrestha,NP,2024-05-31
4136,Mina Joshi,IN,2023-09-22
6243,Suman Adhikari,NP,2022-09-14
1658,Kiran Adhikari,DE,2022-07-13
896,Dipesh Adhikari,NP,2024-05-27
9206,Aarav Sharma,NP,2021-02-26
1572,Priya Karki,NP,2022-08-18
2960,Suman Adhikari,NP,2024-11-10
1780,Priya Magar,NP,2024-04-16
9506,Anju Rai,NP,2025-01-21
4818,Anju Shrestha,NP,2024-01-11
3766,Kiran Shrestha,US,2021-08-20
292,Priya Joshi,NP,2023-09-25
3652,Suman Karki,NP,2021-12-17
1682,Mina Gurung,NP,2022-12-13
8738,Dipesh Karki,NP,2025-03-13
6657,Bibek Thapa,NP,2021-08-10
6521,Rohan Magar,IN,2023-09-16
1896,Maya Gurung,NP,2024-08-23
8210,Mina Basnet,BR,2021-01-22
228,Hari Tamang,NP,2025-06-21
9341,Anju Gurung,NP,2020-06-21
1205,Sanjay Gurung,NP,2025-06-25
3454,Hari KC,NP,2021-12-12
7338,Kiran KC,JP,2020-06-20
9257,Sita KC,GB,2022-03-16
835,Bibek Magar,NP,2024-10-25
7169,Anju Sharma,NP,2020-11-07
1794,Kiran Karki,NP,2021-01-17
6169,Gita Adhikari,DE,2021-03-11
168,Sanjay Tamang,NP,2020-09-24
4942,Sita Thapa,NP,2024-10-03
1712,Gita Shrestha,NP,2020-01-31
5181,Rita KC,NP,2022-06-12
2716,Anju Thapa,NP,2021-10-16
8124,Sita Adhikari,NP,2023-12-05
6835,Rohan Gurung,NP,2023-12-03
4477,Kiran Sharma,DE,2024-04-12
298,Anju KC,US,2024-09-22
3469,Nisha Shrestha,NP,2025-06-23
5849,Maya Adhikari,NP,2024-03-08
4258,Bibek Basnet,GB,2025-03-25
572,Dipesh Basnet,NP,2025-02-14
666,Rita Shrestha,DE,2021-04-13
9540,Anju Adhikari,NP,2020-02-18
4060,Maya KC,NP,2020-02-26
6577,Bibek Adhikari,NP,2024-11-11
6668,Suman Shrestha,IN,2024-08-13
4459,Dipesh KC,AU,2024-09-25
4271,Sanjay Shrestha,NP,2021-06-25
3015,Nisha Thapa,NP,2022-03-16
4863,Bibek Karki,NP,2021-09-18
1059,Bibek Sharma,NP,2021-11-16
5726,Rohan Joshi,IN,2024-07-21
3862,Mina Sharma,NP,2020-11-28
9151,Gita Rai,NP,2021-02-26
9200,Dipesh KC,DE,2024-01-18
629,Dipesh Thapa,JP,2024-06-16
7939,Aarav Tamang,NP,2024-03-22
1594,Dipesh Basnet,NP,2022-03-19
9844,Rita Karki,NP,2020-07-26
9094,Hari Basnet,NP,2024-11-01
5945,Bibek Sharma,NP,2021-05-24
4988,Aarav Sharma,AU,2021-04-09
2700,Rita Karki,JP,2023-12-30
2296,Sanjay KC,IN,2022-06-09
7983,Rita Gurung,GB,2020-08-05
4799,Suman Shrestha,US,2020-05-24
6611,Aarav Tamang,JP,2020-09-12
9912,Nisha Karki,US,2021-08-27
3460,Suman Joshi,NP,2020-07-02
6452,Mina KC,NP,2024-03-23
3691,Anju Tamang,NP,2023-12-08
668,Sanjay Thapa,NP,2021-07-14
8294,Rohan KC,JP,2020-04-28
5707,Sanjay Tamang,US,2023-08-31
7162,Rohan Basnet,NP,2024-01-24
5441,Hari Rai,NP,2021-05-29
3965,Hari Adhikari,US,2024-04-14
5043,Aarav Shrestha,NP,2023-09-04
8972,Sita Joshi,NP,2022-08-02
6299,Sita Rai,NP,2020-08-20
609,Bibek Shrestha,NP,2023-09-14
6655,Anju Basnet,IN,2020-03-12
379,Dipesh Karki,JP,2023-05-05
7825,Rohan Joshi,IN,2022-09-26
9564,Sita Adhikari,NP,2020-07-24
2258,Sita Tamang,IN,2025-05-03
556,Hari Joshi,IN,2025-01-11
4930,Bibek Shrestha,AU,2021-08-28
5501,Hari Joshi,NP,2021-07-16
5110,Gita KC,NP,2023-01-15
679,Nisha Thapa,NP,2024-04-12
690,Sanjay Adhikari,NP,2022-02-24
738,Aarav Sharma,NP,2025-05-22
5838,Aarav Joshi,AU,2023-07-08
3801,Rita Basnet,US,2025-06-05
4514,Suman Karki,NP,2024-07-10
273,Mina Gurung,DE,2023-10-16
4662,Sita Adhikari,BR,2024-11-04
3785,Dipesh Thapa,JP,2023-12-11
1464,Sanjay Basnet,NP,2022-11-28
7156,Bibek Tamang,NP,2020-05-12
6266,Rohan Gurung,NP,2021-01-15
6009,Rita Gurung,NP,2021-02-15
5625,Hari Joshi,NP,2024-12-24
1409,Anju Rai,NP,2022-09-10
1878,Hari Rai,NP,2022-05-20
7015,Bibek Gurung,NP,2023-01-06
1948,Priya Joshi,GB,2021-03-11
8569,Rohan Magar,NP,2022-08-07
226,Rohan Tamang,NP,2024-01-26
6210,Mina Shrestha,NP,2020-08-22
6654,Dipesh KC,NP,2022-05-05
1916,Nisha Gurung,NP,2024-09-13
9846,Sanjay Adhikari,AU,2021-03-03
4964,Suman KC,DE,2023-12-08
7650,Dipesh Thapa,NP,2023-05-06
972,Nisha Shrestha,JP,2022-06-29
6060,Dipesh Joshi,US,2022-05-19
1404,Nisha Thapa,JP,2021-12-05
9826,Nisha Magar,NP,2020-08-16
269,Kiran Tamang,NP,2023-01-29
1871,Hari Rai,NP,2022-01-16
4721,Mina Sharma,AU,2021-01-30
2506,Gita Magar,NP,2024-02-26
349,Dipesh KC,DE,2022-10-27
8625,Rohan Sharma,NP,2023-02-27
762,Nisha Rai,IN,2020-04-10
2441,Aarav Sharma,IN,2022-10-18
7744,Maya Adhikari,IN,2021-11-17
5895,Maya Thapa,NP,2022-01-07
4784,Sanjay Basnet,NP,2023-11-23
8256,Anju Adhikari,US,2021-12-02
9334,Suman Thapa,NP,2023-09-01
5614,Rita Magar,US,2024-11-20
3461,Mina Rai,NP,2020-01-10
2479,Dipesh Magar,AU,2024-05-14
7333,Mina Shrestha,US,2023-10-07
9810,Nisha Gurung,NP,2022-07-14
5331,Kiran Thapa,NP,2024-03-07
9182,Priya Thapa,AU,2022-02-24
8857,Sita KC,NP,2023-02-02
423,Aarav Rai,NP,2022-05-03
9674,Rita Joshi,NP,2025-04-02
8228,Anju Sharma,GB,2021-05-02
8736,Rohan Basnet,NP,2020-12-01
5378,Priya Tamang,NP,2020-09-26
2931,Aarav Tamang,NP,2022-06-30
641,Aarav Magar,DE,2021-06-22
4812,Dipesh Thapa,DE,2020-03-24
8375,Gita Tamang,NP,2024-07-27
5797,Hari Rai,US,2021-08-12
9703,Mina Adhikari,IN,2022-11-02
7888,Rohan Magar,NP,2022-02-17
7241,Dipesh Sharma,NP,2022-03-31
5218,Dipesh Basnet,NP,2023-01-02
50,Gita Adhikari,NP,2025-01-16
1647,Priya KC,IN,2021-04-26
9997,Priya Gurung,NP,2020-10-31
5360,Maya Shrestha,NP,2022-04-09
3990,Kiran Thapa,IN,2025-04-07
7355,Priya Gurung,NP,2024-12-02
5829,Kiran Basnet,JP,2021-07-11
5733,Anju Karki,NP,2024-05-11
6085,Dipesh Thapa,NP,2024-09-04
7877,Hari Magar,IN,2024-07-21
9713,Sita Karki,NP,2025-03-19
6539,Rohan Thapa,DE,2023-12-06
753,Nisha Joshi,NP,2022-09-02
6780,Aarav Magar,IN,2025-01-14
9368,Bibek KC,BR,2024-03-16
6973,Bibek Adhikari,NP,2023-05-04
6467,Hari Shrestha,GB,2024-12-02
9388,Rohan Joshi,AU,2021-07-25
3260,Bibek Sharma,NP,2022-08-24
2653,Maya Tamang,NP,2022-06-11
7259,Rita KC,US,2023-09-15
6937,Rita Shrestha,IN,2023-04-09
2026,Rita KC,NP,2023-08-31
8453,Rohan Joshi,NP,2022-04-25
6965,Rohan KC,NP,2023-06-05
7976,Rohan Adhikari,BR,2025-06-17
8223,Rohan Joshi,JP,2024-05-22
4274,Mina Joshi,NP,2024-03-03
6685,Sita Basnet,NP,2022-04-16
986,Mina Rai,NP,2025-03-20
3535,Sita Basnet,AU,2023-09-14
8695,Rohan Sharma,AU,2024-04-28
6095,Aarav Adhikari,NP,2025-01-25
8671,Sita Joshi,AU,2024-05-25
580,Anju Adhikari,NP,2023-03-22
3150,Bibek Basnet,IN,2020-04-16
6982,Suman Thapa,NP,2024-01-31
42,Dipesh Gurung,NP,2025-05-21
9704,Anju Basnet,NP,2020-08-06
7856,Sita Shrestha,NP,2022-01-28
1695,Sita Gurung,NP,2020-12-20
7752,Hari Tamang,NP,2022-10-19
3649,Suman Thapa,JP,2023-08-08
1384,Kiran Tamang,IN,2021-09-28
5082,Bibek Basnet,NP,2025-01-07
2796,Kiran Gurung,NP,2020-08-28
4732,Sita Thapa,NP,2024-07-07
1830,Mina Adhikari,JP,2025-01-14
2550,Maya Sharma,NP,2022-06-21
7370,Gita Adhikari,NP,2020-12-17
3677,Rita Gurung,NP,2022-12-17
5466,Kiran Shrestha,NP,2020-01-30
8532,Kiran Gurung,BR,2022-08-18
7922,Aarav Joshi,NP,2023-03-02
3001,Maya Joshi,NP,2023-07-06
461,Rita Joshi,NP,2020-08-08
7372,Nisha Gurung,NP,2021-12-29
3971,Rita Magar,NP,2025-02-04
8971,Gita Joshi,NP,2021-06-13
6360,Sanjay Tamang,NP,2021-01-31
5204,Aarav Joshi,NP,2020-02-06
1750,Aarav Thapa,NP,2025-01-05
8762,Dipesh Basnet,IN,2024-09-21
9593,Priya Basnet,NP,2023-08-09
1063,Bibek Thapa,NP,2024-01-18
2977,Dipesh Karki,NP,2022-11-03
7348,Dipesh Basnet,NP,2021-02-09
6807,Gita Thapa,NP,2021-12-05
9124,Priya Shrestha,NP,2021-02-22
745,Bibek Magar,NP,2020-05-30
3112,Dipesh Shrestha,NP,2023-05-25
1345,Mina Thapa,NP,2020-05-13
5722,Rita Joshi,NP,2021-09-26
394,Maya Karki,NP,2020-09-23
7430,Bibek Sharma,NP,2021-04-22
545,Bibek Adhikari,NP,2024-06-21
6078,Hari Joshi,NP,2025-05-02
9814,Nisha Joshi,BR,2021-10-05
8546,Gita Basnet,NP,2024-10-02
7167,Mina Sharma,NP,2021-04-20
2326,Sita Joshi,JP,2023-04-19
7819,Rohan Karki,US,2024-02-27
5550,Aarav Tamang,NP,2024-10-14
6421,Hari Adhikari,IN,2022-05-22
3208,Maya Karki,GB,2020-03-29
9369,Kiran Basnet,IN,2025-04-10
37,Maya Sharma,AU,2023-02-15
3285,Hari Thapa,NP,2021-09-07
5168,Sita Gurung,NP,2020-11-29
5396,Dipesh Adhikari,IN,2023-04-18
8108,Kiran Magar,NP,2021-11-07
118,Bibek Joshi,NP,2025-03-26
4984,Hari Joshi,DE,2020-12-05
8206,Anju KC,IN,2025-06-02
8291,Bibek KC,AU,2021-09-07
562,Rohan Thapa,NP,2021-07-05
7543,Sanjay Rai,NP,2024-01-26
1484,Priya Adhikari,NP,2022-09-03
5173,Kiran Karki,NP,2023-05-15
4555,Hari Gurung,NP,2025-01-11
9240,Sanjay Sharma,NP,2023-01-25
7247,Rohan Tamang,BR,2022-11-16
3331,Rita Tamang,NP,2025-04-05
9236,Mina Gurung,DE,2021-01-11
7243,Anju Sharma,IN,2022-09-11
7518,Gita Gurung,US,2022-12-13
1109,Priya Rai,IN,2023-01-21
1984,Rita KC,JP,2020-03-14
8190,Kiran Joshi,IN,2024-01-18
6970,Sanjay Rai,AU,2023-10-19
5755,Aarav Adhikari,GB,2020-12-15
9682,Gita Basnet,US,2022-09-26
4986,Mina Adhikari,IN,2022-02-15
5449,Dipesh Karki,NP,2021-01-09
258,Mina Sharma,GB,2020-01-22
4120,Dipesh Gurung,NP,2021-04-23
6322,Gita Sharma,NP,2022-10-01
4746,Rita Sharma,NP,2025-02-21
5663,Suman Adhikari,JP,2024-01-10
2595,Kiran Basnet,NP,2020-10-25
9422,Kiran Karki,NP,2020-01-24
7351,Bibek Tamang,NP,2024-02-07
9922,Dipesh Magar,NP,2025-01-16
5828,Mina Sharma,NP,2023-07-25
6632,Sanjay KC,NP,2023-05-12
2418,Anju Karki,NP,2021-07-09
2982,Kiran Basnet,NP,2023-06-24
3790,Kiran Magar,DE,2022-11-05
7233,Suman Joshi,JP,2020-07-31
283,Bibek KC,AU,2021-01-03
1339,Kiran KC,AU,2022-07-24
446,Gita Gurung,JP,2023-05-20
2574,Rohan Sharma,DE,2024-06-19
6550,Maya Tamang,NP,2022-09-18
2302,Suman Gurung,NP,2021-01-23
7270,Maya Basnet,US,2023-05-31
760,Sita Rai,NP,2021-05-15
5961,Nisha Rai,NP,2021-04-25
4546,Aarav Rai,IN,2020-02-22
4790,Suman Sharma,NP,2023-02-01
906,Mina Rai,IN,2023-11-26
775,Sita Thapa,GB,2020-03-21
5489,Sita KC,JP,2023-12-05
9509,Priya Gurung,US,2023-11-19
8246,Mina Joshi,NP,2023-09-29
8169,Gita KC,NP,2023-08-10
9286,Dipesh Adhikari,NP,2024-12-08
447,Rohan Adhikari,AU,2024-03-17
5161,Mina Tamang,NP,2023-10-13
6305,Maya Rai,DE,2020-10-30
7166,Maya Basnet,NP,2023-11-18
9406,Priya KC,NP,2020-06-06
8446,Hari Thapa,NP,2021-09-22
3597,Bibek Gurung,NP,2020-09-25
7466,Rita Karki,NP,2021-07-09
9427,Maya Shrestha,US,2021-11-09
777,Mina Basnet,NP,2020-08-14
4056,Aarav Tamang,BR,2021-08-25
6962,Sita Rai,NP,2023-07-13
7620,Sanjay Magar,GB,2021-11-20
3119,Sanjay Shrestha,NP,2023-07-28
7801,Dipesh Tamang,US,2024-08-23
2397,Rita Thapa,GB,2023-04-27
9045,Rohan KC,AU,2020-12-14
8262,Kiran Adhikari,NP,2021-03-31
9800,Maya Thapa,NP,2023-06-13
5329,Rita Sharma,NP,2021-08-05
8009,Anju Basnet,NP,2023-12-01
8030,Sita Joshi,BR,2022-10-25
9690,Rita Magar,JP,2025-06-12
2,Gita Tamang,DE,2025-06-26
6609,Sanjay Adhikari,NP,2022-01-23
1967,Aarav Adhikari,NP,2021-11-14
3046,Nisha Karki,AU,2022-02-12
8254,Aarav Shrestha,NP,2022-11-03
2563,Bibek KC,NP,2021-03-16
6488,Priya KC,NP,2024-06-04
330,Rohan Tamang,NP,2020-07-06
8876,Kiran KC,NP,2020-06-01
5141,Priya Basnet,NP,2022-09-24
7739,Bibek Joshi,US,2021-12-18
6037,Gita Adhikari,US,2024-06-24
3191,Nisha Rai,NP,2020-10-02
6093,Dipesh KC,JP,2020-11-01
3313,Suman KC,IN,2023-05-22
3879,Bibek Rai,NP,2020-12-15
5509,Dipesh Magar,NP,2021-03-05
6659,Aarav Adhikari,NP,2020-05-10
907,Sanjay Basnet,AU,2024-02-06
4047,Kiran Shrestha,NP,2023-11-16
7646,Mina Basnet,NP,2022-01-10
3088,Dipesh Magar,JP,2024-06-29
2208,Hari Sharma,IN,2023-01-27
1690,Kiran KC,NP,2021-06-22
7690,Hari Thapa,GB,2022-08-30
2060,Priya Joshi,NP,2024-01-19
6697,Hari Rai,DE,2021-03-08
4759,Gita Tamang,NP,2022-02-01
3030,Priya Rai,NP,2021-07-21
4963,Sita Magar,JP,2023-07-08
5568,Kiran Sharma,JP,2023-06-01
9965,Sanjay Joshi,NP,2024-06-24
1101,Bibek Adhikari,BR,2021-03-26
5285,Hari Magar,NP,2022-08-30
532,Maya Shrestha,NP,2021-11-21
4660,Gita KC,NP,2021-03-31
5970,Bibek KC,NP,2020-04-26
9020,Kiran Tamang,US,2023-02-14
5278,Rita Gurung,IN,2021-10-30
6223,Rohan Thapa,NP,2025-01-31
3771,Maya Magar,US,2022-05-31
7179,Aarav Basnet,NP,2025-03-17
1857,Hari Basnet,NP,2022-10-17
5746,Sanjay Shrestha,NP,2024-05-13
4697,Kiran Sharma,DE,2024-06-17
5238,Aarav Karki,NP,2023-07-27
202,Rita Thapa,DE,2023-02-10
5304,Mina Thapa,NP,2020-03-11
979,Suman Adhikari,NP,2020-07-31
467,Bibek Adhikari,US,2023-10-06
664,Kiran Magar,DE,2024-04-03
3071,Maya Gurung,NP,2022-10-08
2079,Sita Sharma,NP,2021-10-16
3620,Rita Gurung,NP,2021-03-28
8813,Kiran Basnet,NP,2022-05-26
8074,Bibek Shrestha,JP,2020-05-05
6117,Maya Sharma,US,2023-05-07
5442,Maya Shrestha,NP,2021-06-01
7686,Bibek Tamang,NP,2025-05-27
8506,Bibek Gurung,NP,2025-01-09
8984,Dipesh Adhikari,NP,2022-07-12
1334,Kiran Shrestha,NP,2020-10-03
1192,Suman Tamang,NP,2023-10-02
6284,Rohan Rai,NP,2022-04-24
6049,Bibek Shrestha,NP,2024-10-16
7281,Dipesh Joshi,NP,2022-11-25
7457,Suman Basnet,NP,2021-09-02
8442,Dipesh Sharma,NP,2024-03-26
4492,Priya Tamang,NP,2022-02-25
8317,Mina Rai,NP,2021-04-09
3642,Mina Magar,GB,2024-09-06
2321,Nisha Thapa,NP,2023-12-09
9284,Gita Basnet,NP,2021-12-28
2586,Maya Thapa,IN,2023-04-08
7186,Kiran KC,NP,2024-07-25
3884,Suman Magar,US,2025-05-27
4550,Aarav Joshi,NP,2023-09-06
7920,Aarav Shrestha,US,2020-06-07
7811,Gita Basnet,NP,2023-04-29
7823,Aarav Magar,NP,2021-11-08
4112,Kiran Karki,NP,2024-06-15
7847,Gita Adhikari,NP,2023-07-26
5554,Priya Thapa,NP,2021-05-05
2967,Mina Rai,NP,2024-07-28
9503,Rohan Rai,JP,2023-05-12
3984,Sita Gurung,AU,2022-02-24
7130,Suman Sharma,NP,2025-03-19
1058,Sita Karki,NP,2022-09-19
6395,Maya Sharma,NP,2022-09-06
4325,Rita Adhikari,AU,2020-03-10
4300,Bibek Thapa,NP,2025-04-02
4148,Aarav Sharma,NP,2023-10-21
9376,Rita Joshi,NP,2025-03-28
1856,Sanjay Basnet,IN,2024-12-02
9966,Maya Basnet,BR,2021-08-10
1909,Nisha Joshi,NP,2023-01-06
7417,Nisha Rai,US,2022-11-30
5935,Sanjay Adhikari,NP,2020-01-22
5675,Sanjay Thapa,NP,2023-09-09
8290,Rita Karki,NP,2021-10-02
4907,Hari Tamang,NP,2025-02-24
7380,Kiran Adhikari,NP,2024-03-28
8585,Rita Karki,NP,2024-03-21
5736,Sanjay Joshi,NP,2023-07-11
9342,Rohan Gurung,NP,2021-08-13
8663,Gita Karki,BR,2022-01-30
7229,Priya Sharma,JP,2023-09-19
3359,Aarav Joshi,NP,2024-10-28
5978,Suman Adhikari,IN,2022-05-28
5400,Suman Basnet,NP,2020-12-23
6372,Sanjay Karki,GB,2022-01-14
3799,Sanjay Joshi,NP,2022-06-20
7942,Kiran Karki,NP,2025-03-17
4884,Kiran Adhikari,JP,2023-04-13
4148,Aarav Sharma,NP,2025-03-01
1526,Aarav Tamang,NP,2023-12-02
9121,Maya Tamang,NP,2020-02-12
1882,Gita Magar,NP,2021-07-10
5196,Hari Adhikari,AU,2020-12-20
8727,Nisha Rai,NP,2020-10-02
9686,Gita Sharma,NP,2022-01-16
6188,Kiran Thapa,DE,2020-01-26
6713,Bibek Magar,NP,2020-11-30
3871,Nisha Sharma,NP,2025-01-09
7388,Rohan Shrestha,NP,2023-03-03
7976,Rohan Adhikari,BR,2020-01-11
5823,Mina Karki,NP,2021-05-22
4419,Priya Basnet,NP,2023-09-16
1246,Priya Joshi,NP,2023-06-30
2685,Rita Tamang,IN,2024-06-27
6998,Rita Gurung,NP,2025-01-31
7835,Mina Gurung,NP,2025-03-17
433,Anju Basnet,NP,2021-10-03
6828,Sanjay Basnet,US,2022-09-07
2140,Nisha Tamang,NP,2020-11-03
7754,Rita Joshi,NP,2020-01-12
4137,Priya Adhikari,AU,2021-12-20
64,Dipesh Tamang,NP,2022-08-21
5235,Nisha Adhikari,AU,2020-05-13
143,Rita Gurung,NP,2021-07-14
4748,Anju Adhikari,NP,2020-12-30
1890,Sita Magar,NP,2022-11-11
2697,Rita Tamang,BR,2024-11-24
9359,Sita Joshi,NP,2025-03-24
824,Nisha Magar,NP,2021-06-30
5132,Rita Sharma,NP,2021-12-21
4724,Hari Shrestha,NP,2023-05-14
4013,Maya Gurung,NP,2025-02-06
8172,Bibek Thapa,NP,2021-04-10
9002,Mina KC,IN,2023-08-18
3388,Priya Joshi,NP,2023-10-26
4755,Kiran KC,US,2023-03-27
7945,Gita Magar,NP,2022-10-24
3582,Mina Thapa,DE,2022-06-30
2971,Rita Sharma,IN,2023-07-23
9,Aarav Karki,AU,2021-03-25
5652,Kiran Magar,AU,2021-03-31
1217,Rita Adhikari,NP,2022-11-29
1876,Priya Shrestha,JP,2024-12-29
8225,Mina Karki,NP,2024-03-19
9527,Anju Karki,IN,2024-08-24
7052,Sita Karki,NP,2023-10-29
2560,Maya Karki,NP,2021-07-25
2424,Rohan Shrestha,NP,2021-11-13
7857,Dipesh Basnet,NP,2021-03-17
3255,Kiran Tamang,NP,2021-05-15
3750,Hari Karki,NP,2021-05-19
6692,Priya Tamang,GB,2020-07-16
4531,Rohan Thapa,NP,2024-05-18
7253,Kiran Karki,US,2022-01-27
7278,Bibek Basnet,NP,2020-02-03
9335,Kiran KC,IN,2023-01-29
3834,Rohan Thapa,NP,2025-06-03
9892,Nisha Joshi,NP,2022-01-28
3969,Bibek Thapa,AU,2022-06-16
5415,Bibek Magar,NP,2023-08-25
6368,Priya Shrestha,NP,2022-12-05
4845,Nisha Gurung,US,2022-10-03
6294,Rita Adhikari,GB,2023-06-09
9338,Rita KC,NP,2020-07-10
6176,Sita Shrestha,NP,2024-08-28
6993,Rohan KC,NP,2023-07-02
8980,Rita Sharma,NP,2021-01-10
8707,Sanjay Karki,GB,2020-11-23
7317,Rohan Gurung,NP,2022-12-06
9407,Rita Thapa,NP,2024-08-03
1301,Dipesh Karki,NP,2022-10-21
7132,Gita KC,NP,2020-12-12
8185,Sanjay Shrestha,NP,2023-07-28
4156,Priya KC,AU,2023-09-07
4260,Maya Joshi,NP,2022-10-12
8059,Kiran Sharma,GB,2023-02-10
7971,Sanjay Basnet,BR,2024-06-18
6889,Kiran Sharma,NP,2022-05-01
9111,Bibek KC,US,2022-05-11
9209,Hari Basnet,NP,2024-06-21
25,Maya Joshi,NP,2024-09-08
1784,Suman Tamang,BR,2020-11-11
9502,Maya Sharma,NP,2020-08-15
8680,Bibek KC,NP,2024-05-19
5244,Rita Magar,NP,2025-02-28
197,Mina Karki,NP,2020-10-06
1821,Hari Adhikari,AU,2023-06-18
8896,Sanjay Karki,NP,2025-03-01
5545,Sita Karki,NP,2021-10-10
419,Sita Sharma,GB,2024-02-14
5745,Bibek Adhikari,US,2020-05-12
9699,Hari Basnet,IN,2021-02-04
6605,Hari Joshi,GB,2020-07-19
5179,Priya KC,IN,2021-05-23
7868,Rohan KC,NP,2021-12-19
8845,Maya Adhikari,JP,2022-03-29
805,Bibek Karki,US,2023-03-05
8952,Dipesh Basnet,IN,2021-06-10
9741,Maya Adhikari,GB,2024-10-13
808,Dipesh Tamang,NP,2020-09-21
5791,Priya Rai,NP,2024-09-13
9022,Anju KC,NP,2021-08-16
2014,Sita Sharma,US,2020-03-28
161,Sanjay Thapa,DE,2023-10-14
1683,Sanjay Joshi,NP,2021-05-16
9896,Dipesh Magar,NP,2021-11-11
8519,Dipesh Shrestha,NP,2023-10-27
2473,Rohan Joshi,NP,2024-03-16
7453,Hari Karki,US,2020-06-12
555,Gita Thapa,NP,2025-01-14
5259,Rohan Tamang,AU,2023-07-26
5898,Sanjay Sharma,NP,2025-01-30
4539,Kiran Karki,NP,2023-04-07
6757,Gita Rai,NP,2022-05-01
4360,Hari KC,NP,2020-07-29
8173,Priya Tamang,NP,2024-12-28
5076,Gita Basnet,AU,2021-03-05
9379,Rohan KC,NP,2024-06-09
6727,Sanjay Rai,US,2020-11-06
9600,Sanjay Adhikari,NP,2021-04-28
7937,Priya Magar,JP,2023-05-13
4921,Hari Adhikari,AU,2024-06-30
6717,Gita Adhikari,IN,2021-06-02
5747,Sita Tamang,US,2020-07-22
3177,Bibek Magar,AU,2022-01-23
6137,Aarav Magar,DE,2022-07-20
1702,Anju KC,NP,2021-09-30
8157,Maya Joshi,NP,2021-10-27
8637,Priya Magar,NP,2024-04-04
7190,Mina Karki,NP,2024-07-16
8900,Mina Gurung,NP,2021-03-25
2355,Anju Gurung,NP,2022-04-30
5847,Hari Magar,NP,2025-04-07
3860,Bibek Gurung,NP,2025-01-01
3651,Sita Shrestha,NP,2025-04-23
2906,Gita Magar,US,2024-12-26
8962,Anju Shrestha,DE,2021-05-29
2423,Bibek Rai,AU,2020-12-22
2480,Rohan Adhikari,NP,2022-05-13
95,Gita Shrestha,NP,2021-07-14
3195,Hari Adhikari,US,2022-02-19
7163,Suman Karki,IN,2020-01-08
424,Priya Tamang,NP,2023-11-21
8033,Sita Karki,NP,2023-07-15
9116,Nisha Tamang,NP,2024-02-11
5295,Rita Gurung,BR,2020-12-10
8959,Kiran Shrestha,NP,2023-01-15
9766,Hari Shrestha,IN,2024-04-13
5924,Sanjay Basnet,NP,2021-02-04
6040,Mina Karki,BR,2020-02-13
3607,Rohan KC,NP,2024-01-27
2542,Gita Magar,NP,2023-12-20
2565,Rohan Magar,NP,2022-06-18
9142,Rohan Adhikari,NP,2020-10-10
5505,Nisha Shrestha,NP,2023-08-24
5974,Sanjay Adhikari,NP,2024-11-03
7140,Rohan Karki,JP,2025-02-07
7749,Kiran Shrestha,NP,2023-09-16
1393,Rohan Magar,NP,2023-04-28
6778,Priya Tamang,NP,2020-09-24
5787,Aarav Adhikari,NP,2020-08-13
1035,Maya KC,NP,2023-11-26
6135,Kiran Tamang,NP,2022-03-01
2831,Rohan Thapa,GB,2022-05-12
4357,Priya Thapa,IN,2024-01-15
8623,Mina Rai,NP,2022-01-03
1105,Rita Karki,NP,2025-06-01
2219,Aarav Thapa,NP,2021-02-04
1370,Sita Adhikari,NP,2024-01-29
7898,Dipesh Karki,NP,2020-03-24
8188,Gita Karki,NP,2023-04-17
5894,Aarav Rai,NP,2025-01-14
1241,Bibek Gurung,NP,2023-07-16
4705,Sita Sharma,DE,2024-01-27
8778,Kiran Joshi,NP,2023-05-14
8930,Gita Magar,US,2023-07-21
9685,Hari Shrestha,AU,2023-07-20
8055,Maya Sharma,JP,2020-10-15
1055,Gita Adhikari,NP,2021-01-09
2566,Maya Basnet,NP,2022-05-04
323,Suman Magar,BR,2025-06-16
6893,Nisha KC,NP,2022-10-06
4290,Suman KC,AU,2024-05-07
7717,Rohan Rai,NP,2020-02-14
3196,Gita Gurung,NP,2024-02-17
9371,Aarav Rai,NP,2023-11-12
9789,Dipesh Basnet,NP,2025-01-17
6408,Anju Gurung,NP,2022-01-17
2109,Mina Gurung,NP,2024-12-21
3476,Mina Sharma,NP,2023-03-11
1719,Bibek Joshi,NP,2025-06-23
3554,Dipesh Tamang,US,2023-05-05
4052,Mina Adhikari,JP,2025-06-24
9403,Bibek Basnet,NP,2023-12-08
2086,Maya Thapa,NP,2024-12-08
814,Kiran Karki,US,2022-02-17
156,Suman Rai,BR,2020-03-21
7836,Hari Shrestha,NP,2023-01-13
3000,Bibek Karki,IN,2024-12-06
8997,Kiran KC,NP,2021-05-06
4792,Sanjay Karki,NP,2024-03-27
5336,Sanjay Rai,NP,2025-03-16
1575,Suman Karki,NP,2022-01-01
6295,Sita Joshi,BR,2025-04-12
2985,Aarav Joshi,US,2023-04-24
1461,Maya Adhikari,NP,2020-08-25
9695,Dipesh Magar,NP,2024-12-21
606,Nisha Gurung,NP,2020-04-17
8468,Nisha Thapa,BR,2022-12-04
4886,Suman Sharma,NP,2023-06-17
5908,Dipesh Sharma,US,2024-07-02
5483,Hari Sharma,IN,2020-12-11
1003,Anju Magar,NP,2025-04-06
7682,Kiran Adhikari,AU,2023-09-12
7550,Maya Magar,BR,2024-10-25
7220,Suman Gurung,BR,2021-12-17
6432,Rita Adhikari,IN,2022-11-22
9905,Sita Joshi,IN,2021-03-09
5193,Suman Rai,NP,2021-05-11
2674,Kiran Tamang,NP,2024-05-06
7910,Aarav Tamang,NP,2021-01-03
2623,Bibek Gurung,NP,2025-03-27
5979,Sanjay Karki,NP,2024-02-18
6810,Suman Magar,NP,2022-02-16
4037,Kiran Rai,NP,2022-11-07
7806,Nisha Karki,NP,2025-06-19
3202,Gita Basnet,US,2025-02-18
5963,Bibek Magar,NP,2023-12-21
3351,Priya Rai,IN,2024-10-31
1482,Sanjay KC,GB,2021-07-15
7552,Dipesh Thapa,NP,2020-07-29
8216,Suman Gurung,GB,2020-01-07
4923,Mina Shrestha,NP,2023-08-29
7728,Mina Karki,AU,2024-04-12
7575,Sita Rai,GB,2020-12-07
8363,Dipesh Joshi,NP,2022-12-26
7297,Hari Basnet,NP,2024-03-11
926,Maya Joshi,NP,2022-09-07
4244,Priya Adhikari,NP,2021-05-12
6371,Bibek Gurung,NP,2025-04-12
1266,Bibek Magar,IN,2023-07-06
5877,Suman Sharma,IN,2022-07-09
882,Gita Joshi,NP,2021-03-04
1936,Maya Adhikari,IN,2020-05-15
2378,Anju Tamang,NP,2024-08-13
9523,Nisha KC,IN,2025-06-16
3291,Kiran Karki,DE,2024-11-09
6454,Rohan Tamang,NP,2020-10-19
1011,Anju Tamang,NP,2023-12-26
271,Rohan Basnet,NP,2021-05-26
3567,Sita KC,NP,2020-04-07
6569,Priya Basnet,IN,2023-11-25
6443,Dipesh KC,NP,2022-06-02
5520,Rohan KC,US,2022-09-26
1043,Aarav Joshi,NP,2022-06-02
5217,Bibek Magar,NP,2022-12-19
627,Mina Tamang,AU,2020-06-23
3654,Gita Rai,NP,2024-09-16
4189,Anju Adhikari,GB,2021-11-19
4885,Gita Adhikari,IN,2020-04-14
6463,Suman Tamang,NP,2022-06-30
5469,Maya Basnet,NP,2021-11-21
7232,Anju KC,NP,2024-01-02
2885,Anju Shrestha,NP,2025-03-30
6470,Rita Thapa,IN,2023-07-22
9806,Rohan Shrestha,NP,2022-12-18
1759,Dipesh Rai,DE,2022-11-19
3876,Anju KC,NP,2022-02-11
6634,Aarav Magar,NP,2024-12-18
3353,Gita Magar,NP,2023-06-22
4265,Suman Adhikari,NP,2025-06-25
1445,Mina Basnet,NP,2022-03-12
6208,Anju Karki,IN,2020-10-24
3006,Hari Magar,IN,2024-10-31
1180,Rohan Tamang,NP,2020-12-14
6803,Dipesh Thapa,NP,2021-09-28
4392,Anju Gurung,NP,2023-01-11
6325,Nisha Magar,IN,2020-07-20
7558,Sita Sharma,NP,2023-12-25
4875,Hari Thapa,NP,2021-03-25
3670,Anju Adhikari,NP,2022-09-03
8563,Kiran Sharma,BR,2024-02-04
2882,Gita Shrestha,NP,2024-01-17
8180,Kiran Adhikari,IN,2023-01-25
908,Maya Karki,NP,2025-05-22
9307,Nisha Tamang,IN,2021-05-16
9179,Suman Sharma,IN,2025-02-16
9532,Rita Magar,NP,2022-06-20
173,Anju Thapa,NP,2020-06-21
5246,Suman Basnet,NP,2022-04-17
3390,Kiran Sharma,NP,2021-02-09
8022,Gita Magar,NP,2023-08-14
6222,Anju Tamang,NP,2020-12-28
7299,Rohan Shrestha,NP,2024-04-03
9561,Suman Shrestha,NP,2021-08-30
5340,Dipesh Basnet,IN,2025-05-04
5938,Kiran Tamang,NP,2020-01-19
2366,Mina Sharma,NP,2023-06-16
6091,Aarav KC,AU,2020-10-01
9386,Nisha Rai,IN,2022-12-12
6339,Rita Thapa,NP,2024-05-09
3232,Mina Magar,NP,2024-09-08
5706,Suman Gurung,US,2024-05-09
2518,Rohan Adhikari,US,2022-05-01
3573,Kiran Rai,IN,2025-05-15
827,Kiran Joshi,NP,2020-02-27
4014,Sanjay Tamang,NP,2021-01-19
8200,Sita Gurung,NP,2023-12-16
6934,Maya Sharma,NP,2023-01-18
6391,Suman Thapa,NP,2024-05-10
6034,Kiran Basnet,NP,2024-02-15
3773,Mina Magar,NP,2024-04-30
9694,Hari Thapa,NP,2025-04-23
2790,Priya Shrestha,JP,2022-02-22
1962,Anju Shrestha,NP,2020-11-30
7528,Kiran Tamang,NP,2025-04-28
1477,Priya Tamang,NP,2020-11-03
2484,Anju Karki,NP,2024-07-07
7776,Bibek Thapa,US,2021-11-15
4473,Rita Magar,IN,2024-01-12
8152,Maya Magar,NP,2021-06-07
6756,Gita Basnet,IN,2020-09-08
6440,Rita Rai,NP,2021-02-24
6461,Mina Sharma,US,2022-09-02
4329,Sita Rai,NP,2020-02-22
7887,Suman Sharma,NP,2023-12-03
578,Kiran Sharma,NP,2020-12-01
9445,Aarav Shrestha,JP,2025-06-13
1399,Aarav Karki,NP,2020-03-09
6766,Suman Adhikari,IN,2023-11-27
489,Maya Shrestha,IN,2020-02-05
8356,Rita Basnet,NP,2023-08-20
2988,Hari Thapa,NP,2020-04-05
1230,Kiran Basnet,NP,2024-05-04
7822,Rohan Sharma,US,2025-06-17
9847,Anju Thapa,IN,2023-04-16
17,Sita Joshi,JP,2024-06-08
4207,Hari Shrestha,NP,2025-04-12
1510,Aarav Shrestha,BR,2021-01-05
7170,Rita Karki,US,2021-07-06
4908,Mina Joshi,GB,2024-11-23
149,Kiran KC,US,2023-02-02
1141,Rita Magar,NP,2025-02-07
3389,Rita Sharma,NP,2023-11-24
788,Hari Tamang,NP,2020-10-25
5287,Bibek Sharma,GB,2024-10-15
9799,Rita Karki,NP,2020-01-14
8717,Rohan Karki,NP,2025-06-01
5486,Priya Basnet,NP,2024-10-14
6358,Nisha Gurung,US,2023-01-21
2132,Priya Gurung,NP,2024-07-09
4108,Bibek Joshi,NP,2023-07-02
3485,Mina Adhikari,NP,2024-06-18
7280,Priya Gurung,NP,2025-06-04
8288,Bibek Gurung,NP,2020-07-17
7931,Gita Thapa,NP,2025-03-27
7332,Kiran Rai,NP,2023-06-27
6114,Kiran Karki,DE,2020-06-08
7591,Gita Adhikari,NP,2022-05-04
7079,Sanjay Gurung,NP,2022-12-22
3802,Mina Adhikari,GB,2025-03-06
5367,Bibek Magar,NP,2023-01-18
3851,Hari Thapa,IN,2021-03-02
3370,Nisha Karki,NP,2024-10-11
4195,Hari Shrestha,US,2024-02-24
3558,Aarav Tamang,JP,2024-03-18
2950,Dipesh Thapa,US,2022-04-27
1048,Bibek Thapa,NP,2024-12-13
5438,Nisha KC,NP,2024-06-15
2545,Nisha Rai,NP,2023-03-05
9647,Kiran Adhikari,NP,2022-03-01
2037,Sita Gurung,NP,2020-01-23
7482,Aarav Sharma,IN,2021-11-24
1884,Mina Magar,NP,2023-05-30
5658,Maya Joshi,NP,2021-07-09
736,Mina Joshi,US,2023-11-06
3251,Nisha Sharma,NP,2024-04-27
8459,Maya Karki,DE,2025-06-13
4873,Nisha Rai,NP,2020-10-11
2106,Hari Gurung,IN,2024-07-27
5728,Hari Karki,IN,2025-06-10
6940,Gita Basnet,DE,2023-09-13
6457,Dipesh Karki,NP,2023-10-14
4801,Kiran Shrestha,GB,2023-02-15
7927,Mina Sharma,DE,2025-02-16
2859,Nisha Karki,NP,2020-12-31
2567,Dipesh Adhikari,IN,2020-11-29
4472,Anju Thapa,NP,2023-11-05
3005,Priya Karki,NP,2023-10-13
7926,Sita Gurung,NP,2021-06-18
8436,Sanjay Adhikari,NP,2023-04-27
9651,Bibek Gurung,GB,2020-07-05
4345,Sita Magar,IN,2022-10-28
9792,Dipesh Basnet,NP,2022-08-03
130,Gita Gurung,NP,2025-05-05
8377,Maya Rai,DE,2025-04-27
230,Suman Tamang,NP,2022-07-13
1609,Sita Shrestha,NP,2025-04-09
7296,Mina Basnet,NP,2021-11-16
6514,Nisha Magar,NP,2024-04-20
9258,Dipesh Thapa,NP,2023-04-14
701,Bibek Gurung,JP,2020-08-21
9547,Aarav Tamang,NP,2022-09-20
4152,Dipesh Magar,IN,2020-05-02
1765,Aarav Gurung,US,2024-07-10
5574,Gita Shrestha,NP,2021-12-03
9604,Rita Rai,NP,2020-07-02
5298,Priya Adhikari,NP,2021-03-25
8003,Anju Sharma,NP,2021-06-16
5273,Rita Rai,NP,2023-03-05
1406,Bibek Sharma,NP,2021-05-31
5239,Rohan Adhikari,NP,2024-04-30
2986,Rohan Thapa,NP,2022-01-13
6474,Bibek Gurung,NP,2020-12-08
946,Mina Joshi,NP,2020-08-31
6820,Suman Gurung,NP,2022-03-31
6682,Nisha Rai,DE,2023-08-30
8268,Rohan Rai,NP,2023-09-11
2915,Anju Thapa,NP,2024-05-26
4187,Anju Tamang,JP,2024-02-10
1597,Sanjay KC,NP,2021-11-28
7895,Dipesh Tamang,NP,2024-07-04
381,Anju KC,JP,2020-03-24
2021,Dipesh Basnet,NP,2023-07-02
8444,Kiran Sharma,AU,2022-03-04
721,Mina Sharma,US,2025-06-15
334,Anju Gurung,DE,2024-06-17
2215,Sita Thapa,NP,2024-09-06
2519,Sanjay Tamang,NP,2022-12-19
9077,Rita Joshi,NP,2020-09-21
7843,Kiran KC,NP,2020-02-14
1408,Anju Joshi,IN,2021-04-21
9343,Priya Rai,AU,2020-09-02
7615,Dipesh KC,US,2024-05-30
8085,Sita Joshi,NP,2024-01-26
9220,Suman Joshi,NP,2024-11-03
4786,Aarav Tamang,US,2021-01-13
5785,Anju Basnet,NP,2021-07-27
6211,Suman Sharma,IN,2024-10-25
9559,Priya Thapa,NP,2020-12-01
8277,Rohan Joshi,NP,2022-04-09
3223,Kiran Rai,NP,2025-01-31
6571,Priya Adhikari,NP,2020-12-20
2256,Mina Basnet,DE,2021-05-21
6923,Rohan Shrestha,NP,2025-01-13
9355,Rohan Tamang,IN,2024-11-21
7986,Sita Magar,NP,2023-07-25
8100,Kiran Basnet,NP,2023-07-04
3503,Aarav Magar,US,2024-05-09
7547,Aarav Shrestha,NP,2022-06-23
4601,Sita Joshi,NP,2023-09-30
1814,Dipesh Gurung,AU,2021-07-16
847,Bibek Magar,NP,2020-08-27
5443,Sanjay Tamang,IN,2024-01-05
3763,Nisha Sharma,US,2023-01-14
2834,Gita Thapa,NP,2023-02-10
7180,Sita Magar,NP,2022-01-18
5494,Sanjay Gurung,NP,2021-09-24
9180,Rita Shrestha,NP,2023-09-10
9990,Dipesh Shrestha,NP,2021-05-04
162,Kiran KC,BR,2023-11-09
3793,Rita Shrestha,JP,2024-06-16
9598,Gita Thapa,IN,2025-02-15
5375,Maya Shrestha,NP,2025-02-12
4761,Priya Gurung,NP,2023-02-10
5335,Dipesh Rai,JP,2023-06-07
9408,Hari Tamang,NP,2022-06-13
3684,Sanjay Thapa,NP,2023-09-16
1285,Nisha Karki,NP,2020-03-14
6788,Aarav Tamang,NP,2020-12-08
3527,Mina Gurung,IN,2021-04-21
7120,Mina Karki,IN,2024-11-20
8467,Sita KC,NP,2021-04-12
5981,Mina Joshi,NP,2020-07-09
8517,Suman Shrestha,NP,2021-11-18
1119,Sita Tamang,NP,2023-11-20
8608,Dipesh Rai,NP,2022-03-11
7410,Anju Karki,NP,2023-12-24
7293,Sita Gurung,NP,2024-08-14
6743,Maya Sharma,NP,2021-04-01
4749,Kiran Karki,BR,2022-03-05
7770,Anju Magar,NP,2024-08-14
6877,Nisha Thapa,US,2021-06-14
1331,Anju Magar,NP,2024-12-13
6674,Rohan Karki,NP,2021-12-11
5088,Rohan Basnet,JP,2022-07-28
5198,Kiran Karki,GB,2022-11-11
2462,Priya Thapa,NP,2023-02-20
895,Kiran Karki,JP,2023-01-02
2144,Aarav KC,NP,2021-04-28
3955,Bibek Basnet,NP,2023-08-04
5577,Nisha Joshi,JP,2025-04-22
8622,Suman Basnet,DE,2024-01-18
2911,Rohan Shrestha,NP,2023-09-14
9663,Rita Rai,DE,2024-03-01
4005,Priya Tamang,IN,2024-05-30
9441,Mina Rai,NP,2020-07-30
6281,Anju Sharma,JP,2024-11-09
918,Kiran KC,GB,2024-03-10
7780,Rita Magar,NP,2024-03-20
7325,Rita Sharma,NP,2024-05-08
5097,Sita Adhikari,NP,2024-09-13
8241,Sita Tamang,US,2023-07-19
6038,Aarav Karki,NP,2020-05-11
4041,Gita KC,NP,2022-11-14
9183,Sanjay Shrestha,NP,2021-03-21
9632,Anju Karki,NP,2021-09-02
5427,Mina Thapa,NP,2025-06-17
7572,Bibek Karki,NP,2023-05-05
4676,Anju KC,GB,2021-04-09
260,Hari Karki,NP,2024-11-14
2890,Maya Adhikari,NP,2022-04-16
4879,Sanjay Karki,NP,2020-06-04
8283,Maya Basnet,NP,2025-06-16
8881,Sanjay Thapa,IN,2024-04-22
8015,Hari Thapa,NP,2024-07-02
8753,Rita Rai,NP,2022-10-13
6492,Dipesh Karki,JP,2024-08-14
9543,Rohan KC,AU,2022-05-28
3774,Nisha Karki,US,2023-05-31
8704,Aarav Magar,NP,2022-06-04
3107,Hari Sharma,GB,2021-10-10
6201,Aarav Thapa,AU,2024-12-01
3724,Sanjay Sharma,US,2022-06-04
571,Bibek Thapa,IN,2024-11-14
4214,Priya Tamang,NP,2021-05-08
952,Dipesh Karki,DE,2022-01-26
8624,Aarav Adhikari,NP,2022-02-20
4620,Dipesh Karki,BR,2023-09-14
1636,Nisha Sharma,JP,2020-08-07
1528,Suman Shrestha,IN,2024-12-31
3059,Mina KC,NP,2023-07-19
5641,Priya Rai,NP,2021-09-15
8611,Sanjay KC,NP,2021-10-01
8539,Gita Sharma,IN,2024-09-12
1748,Sita Tamang,NP,2023-02-28
2701,Maya Thapa,AU,2023-09-02
785,Dipesh Gurung,NP,2024-08-05
597,Mina Magar,DE,2021-05-01
7306,Dipesh Magar,NP,2023-09-15
5933,Dipesh Gurung,NP,2021-08-28
4133,Kiran Magar,DE,2025-01-03
7475,Suman KC,BR,2020-06-11
7471,Hari Gurung,NP,2021-01-24
2974,Hari Tamang,NP,2023-05-03
7390,Rohan Adhikari,NP,2025-06-24
7814,Sita Magar,JP,2024-11-13
5191,Kiran Magar,NP,2024-03-23
5900,Anju Adhikari,NP,2025-04-20
2100,Sanjay Sharma,NP,2020-12-28
4321,Sita Adhikari,NP,2025-03-23
2195,Bibek Rai,NP,2023-05-31
2125,Dipesh KC,DE,2023-05-27
3703,Gita Basnet,NP,2023-06-12
9691,Sita Gurung,US,2022-10-05
3470,Rita Gurung,NP,2021-04-03
5317,Sita Shrestha,NP,2022-04-16
2184,Hari Adhikari,NP,2023-04-23
2335,Mina Shrestha,NP,2022-06-09
4629,Kiran Sharma,BR,2021-05-10
3087,Bibek Gurung,US,2023-08-20
3633,Nisha Rai,IN,2023-01-28
5666,Rohan Thapa,NP,2021-07-21
7794,Suman Adhikari,DE,2020-12-28
7681,Priya Adhikari,NP,2022-09-11
7324,Gita Karki,US,2022-12-26
8950,Rita Thapa,NP,2021-07-06
1392,Nisha Magar,US,2020-07-22
293,Priya Tamang,NP,2020-06-24
6460,Gita Rai,BR,2022-02-12
2842,Mina Adhikari,NP,2022-02-25
9140,Gita Adhikari,JP,2023-12-28
7673,Priya KC,BR,2023-02-01
4046,Rohan Sharma,NP,2025-03-02
4102,Hari Shrestha,NP,2021-07-04
8345,Gita Shrestha,US,2023-06-06
3776,Hari Rai,NP,2021-04-07
9033,Hari Sharma,NP,2021-08-09
26,Rohan Adhikari,NP,2021-12-10
4838,Dipesh Shrestha,NP,2025-04-03
1008,Dipesh Sharma,IN,2022-02-17
1303,Mina Adhikari,NP,2020-08-05
1599,Nisha Joshi,NP,2021-02-08
848,Suman Rai,NP,2021-05-03
3619,Mina Gurung,NP,2022-08-04
7899,Aarav Sharma,NP,2024-03-10
7712,Kiran Gurung,NP,2021-11-03
4211,Maya Joshi,NP,2024-01-09
7969,Sita Karki,NP,2021-03-23
9994,Mina Karki,NP,2025-05-16
6956,Aarav Gurung,AU,2021-03-15
819,Nisha Joshi,NP,2024-10-23
9390,Sanjay Shrestha,NP,2022-04-18
7679,Priya Shrestha,NP,2023-07-08
6996,Kiran Gurung,NP,2022-02-01
7065,Bibek Thapa,US,2021-02-20
8661,Dipesh Adhikari,NP,2020-03-07
2027,Anju Thapa,NP,2021-02-21
3905,Rohan Thapa,NP,2022-08-09
3052,Hari KC,IN,2021-07-21
3555,Priya Basnet,NP,2023-06-21
503,Sita Thapa,NP,2024-05-21
1200,Maya Adhikari,NP,2023-08-17
4043,Rita Joshi,NP,2020-10-25
4619,Hari Thapa,NP,2020-07-06
1565,Rohan Thapa,NP,2021-10-27
9578,Aarav Gurung,NP,2022-04-24
3499,Suman Tamang,NP,2023-04-21
5977,Gita KC,AU,2023-06-07
3658,Mina Gurung,NP,2023-06-16
7452,Sanjay Tamang,NP,2022-10-06
9980,Rita KC,NP,2021-08-27
4691,Gita Tamang,NP,2022-03-05
9362,Rita Joshi,GB,2025-01-13
6334,Bibek Adhikari,NP,2023-01-28
2188,Rita Basnet,IN,2023-09-11
9841,Priya Tamang,NP,2021-06-09
5946,Dipesh Magar,NP,2025-01-18
4853,Gita Gurung,NP,2022-04-11
9242,Rohan Shrestha,JP,2024-09-07
2130,Anju Adhikari,AU,2022-09-09
6890,Aarav Basnet,JP,2022-06-04
439,Bibek Rai,NP,2022-09-27
1322,Aarav Thapa,US,2022-08-12
8146,Bibek Rai,NP,2020-04-11
7445,Aarav Thapa,NP,2021-05-23
1441,Mina Gurung,US,2022-06-12
291,Sita Magar,NP,2020-05-31
8421,Sita Adhikari,AU,2023-11-20
2199,Priya Rai,NP,2024-01-28
2638,Mina Karki,NP,2021-03-02
537,Maya Shrestha,GB,2020-06-06
9192,Suman Basnet,NP,2022-03-26
7706,Rohan Sharma,NP,2020-08-13
5558,Rita Shrestha,NP,2023-08-30
5643,Kiran Gurung,GB,2021-11-21
3373,Mina Joshi,BR,2022-02-13
8724,Rita Adhikari,NP,2024-10-07
2012,Gita Joshi,NP,2023-04-12
4167,Mina Basnet,NP,2023-04-09
3780,Hari Joshi,NP,2022-01-13
5579,Nisha Rai,NP,2021-05-22
7701,Sita Thapa,GB,2024-11-28
2852,Hari KC,AU,2022-09-10
1359,Sita Joshi,NP,2022-05-21
2668,Anju Thapa,DE,2022-09-05
8829,Aarav KC,AU,2022-04-27
6789,Kiran Basnet,NP,2025-06-19
3933,Gita KC,IN,2022-07-19
2276,Anju Adhikari,NP,2024-03-15
2675,Kiran Rai,NP,2024-11-07
7137,Sita Gurung,IN,2022-10-13
7512,Maya KC,US,2022-06-21
2328,Kiran Thapa,NP,2024-03-25
6796,Gita Adhikari,NP,2023-06-02
9797,Dipesh Basnet,DE,2021-07-23
6070,Bibek Magar,IN,2021-11-14
2913,Rita Thapa,NP,2023-04-16
3214,Anju Magar,AU,2022-11-02
6241,Priya Rai,NP,2024-12-11
6110,Bibek KC,NP,2024-01-26
6277,Rita Magar,BR,2020-03-20
7101,Hari Gurung,IN,2022-03-07
249,Nisha Shrestha,NP,2024-10-30
2818,Suman Thapa,NP,2020-11-13
9659,Priya Magar,NP,2024-07-14
2048,Hari Shrestha,US,2020-05-22
8355,Sita Rai,NP,2022-08-22
8942,Maya Rai,GB,2025-05-04
9251,Sanjay Thapa,DE,2023-04-29
5782,Rita Karki,NP,2021-02-05
8691,Aarav Tamang,NP,2022-03-04
5117,Rita Sharma,DE,2025-02-07
7764,Nisha Rai,NP,2022-04-22
2307,Rita Rai,NP,2020-11-20
4576,Bibek Karki,NP,2025-01-13
4445,Nisha Joshi,DE,2020-10-07
6046,Priya Gurung,NP,2024-07-06
3593,Maya Adhikari,NP,2022-05-16
8489,Dipesh Thapa,NP,2020-04-17
593,Rita Gurung,NP,2025-04-26
5117,Rita Sharma,DE,2021-01-16
4021,Sanjay Tamang,AU,2024-09-12
9448,Suman Tamang,NP,2021-03-09
3279,Dipesh Magar,GB,2024-09-18
9902,Nisha Joshi,NP,2022-07-01
5291,Rohan Tamang,JP,2024-10-25
219,Priya Joshi,NP,2024-02-01
8258,Suman Sharma,NP,2023-02-27
1943,Kiran KC,IN,2023-12-06
6503,Gita Gurung,DE,2021-10-30
8915,Sanjay Rai,NP,2021-05-28
5253,Kiran Tamang,NP,2024-08-30
4118,Sanjay Shrestha,NP,2021-05-25
8029,Aarav Karki,IN,2022-03-01
5949,Priya Joshi,NP,2022-11-16
5965,Sita Adhikari,NP,2022-07-17
9315,Aarav Magar,IN,2021-01-16
3565,Nisha Sharma,NP,2021-10-09
1618,Hari Joshi,BR,2021-04-14
6771,Hari Gurung,NP,2022-05-22
3054,Nisha Tamang,NP,2024-07-05
1541,Sanjay KC,JP,2021-07-15
4173,Priya Sharma,NP,2022-04-16
6317,Priya KC,NP,2022-12-18
8016,Sanjay Joshi,NP,2020-03-31
9054,Aarav Tamang,NP,2021-05-18
4444,Sanjay Karki,GB,2023-03-30
2421,Anju Tamang,IN,2021-01-12
7730,Rita Rai,US,2022-10-10
377,Hari Karki,IN,2025-05-20
3705,Mina Thapa,JP,2021-10-04
2083,Mina Sharma,IN,2023-04-29
2133,Maya KC,NP,2020-07-23
3114,Maya Gurung,BR,2024-04-23
973,Priya Shrestha,NP,2022-08-28
9234,Aarav Shrestha,US,2024-01-06
9992,Priya Rai,IN,2023-06-12
6318,Nisha Shrestha,NP,2022-01-07
8657,Aarav Joshi,AU,2021-04-25
647,Nisha Karki,IN,2024-02-05
5763,Suman Sharma,BR,2024-02-14
4435,Mina Joshi,NP,2024-05-21
6520,Maya Adhikari,DE,2024-06-25
1646,Sita Tamang,NP,2023-12-11
4763,Gita Magar,JP,2023-04-27
6490,Bibek Thapa,NP,2020-06-01
9336,Sita Adhikari,DE,2021-06-12
8214,Bibek Joshi,IN,2020-07-20
3853,Hari Sharma,DE,2021-07-21
4968,Priya Tamang,DE,2023-10-01
940,Sita Rai,JP,2024-01-20
5659,Sanjay Magar,US,2023-04-21
9416,Rita KC,NP,2021-07-04
4677,Priya Rai,NP,2020-10-22
372,Rohan Magar,NP,2022-08-04
3459,Kiran Magar,NP,2021-08-23
1582,Hari Magar,IN,2020-06-10
8394,Aarav Adhikari,NP,2020-07-31
8045,Hari Basnet,AU,2022-05-16
5807,Mina Thapa,NP,2025-03-19
6402,Kiran Sharma,US,2021-03-08
6875,Bibek Gurung,NP,2021-12-04
1966,Hari Thapa,NP,2022-09-09
8118,Bibek Rai,NP,2023-03-18
5800,Nisha Karki,NP,2023-12-20
6837,Rita Gurung,NP,2022-08-05
6053,Rita Joshi,NP,2024-06-11
7090,Rohan Shrestha,NP,2023-04-23
4256,Rohan Magar,JP,2021-11-06
1295,Mina Rai,US,2021-07-08
3672,Priya Adhikari,US,2023-12-30
4010,Rohan Sharma,NP,2024-06-22
8,Hari Thapa,JP,2025-01-25
2436,Suman Basnet,NP,2025-02-19
9482,Rita Adhikari,NP,2023-01-03
74,Suman Basnet,NP,2024-04-25
6370,Priya Magar,NP,2020-12-24
2821,Suman Joshi,DE,2024-01-10
1227,Rohan Rai,IN,2022-09-10
9812,Mina Rai,NP,2021-01-31
5260,Aarav Thapa,NP,2023-05-15
9582,Rohan Tamang,NP,2022-12-23
4317,Rita Sharma,NP,2024-08-03
9176,Dipesh Shrestha,NP,2021-03-10
8344,Priya Magar,NP,2022-03-31
4383,Sanjay Tamang,AU,2020-11-24
7489,Kiran KC,US,2024-07-24
845,Dipesh Sharma,JP,2022-12-07
2601,Bibek Gurung,NP,2025-04-27
6497,Kiran Joshi,NP,2020-01-28
3116,Mina Joshi,US,2022-09-11
8581,Rita Gurung,NP,2024-06-15
9274,Sita Magar,US,2021-09-16
5681,Aarav Shrestha,NP,2021-11-15
2442,Rohan Magar,NP,2022-09-26
1881,Kiran Thapa,NP,2025-06-27
8286,Aarav KC,US,2022-07-07
2363,Rohan Gurung,IN,2024-12-02
4232,Nisha Tamang,NP,2023-04-05
6915,Hari Sharma,NP,2022-04-15
7341,Anju KC,JP,2023-06-18
7048,Nisha Joshi,NP,2021-09-02
4762,Mina Adhikari,NP,2022-04-09
2634,Priya Magar,IN,2023-02-14
1231,Dipesh Thapa,AU,2020-07-12
2247,Dipesh KC,US,2020-08-03
362,Bibek Gurung,NP,2023-10-26
6849,Priya Magar,US,2025-02-11
4972,Hari Adhikari,NP,2024-07-16
9313,Rohan Joshi,NP,2024-12-23
6797,Dipesh Magar,NP,2020-03-19
6733,Anju Joshi,NP,2022-02-04
1593,Suman Joshi,AU,2020-06-03
1123,Nisha Karki,NP,2023-08-05
3866,Rohan Joshi,IN,2021-06-10
1732,Sanjay Sharma,BR,2024-12-11
3021,Dipesh Shrestha,US,2020-07-20
624,Priya Thapa,NP,2023-10-08
9672,Aarav Thapa,NP,2024-09-09
9689,Hari Joshi,NP,2022-06-21
7080,Kiran Karki,NP,2020-05-18
8491,Suman Karki,NP,2025-05-28
5592,Hari Basnet,BR,2020-10-30
3627,Kiran Karki,US,2022-04-22
8862,Suman Joshi,NP,2021-09-30
5556,Anju Basnet,NP,2023-04-19
791,Rita Gurung,NP,2023-09-14
1841,Maya Basnet,IN,2021-12-25
9059,Gita Joshi,NP,2020-04-26
547,Aarav Adhikari,JP,2023-01-20
5570,Sita Basnet,NP,2021-05-02
413,Priya Karki,NP,2023-03-05
4631,Sita Tamang,GB,2022-10-05
3550,Sita Tamang,NP,2020-01-13
3156,Suman Tamang,NP,2022-05-17
264,Maya KC,DE,2022-07-05
4388,Sanjay Thapa,DE,2020-09-16
1979,Kiran Shrestha,NP,2024-03-29
8954,Aarav Magar,AU,2020-09-15
685,Bibek Rai,IN,2025-01-06
8321,Rohan Joshi,IN,2021-07-31
5402,Rohan Sharma,NP,2023-07-06
196,Anju Magar,BR,2023-12-21
9962,Mina Adhikari,IN,2021-07-12
9712,Rohan KC,NP,2024-04-26
8878,Anju Tamang,NP,2024-06-15
8438,Dipesh Adhikari,NP,2021-08-12
5303,Suman Karki,IN,2023-10-17
297,Priya Adhikari,NP,2020-07-08
8540,Gita Basnet,GB,2021-06-02
233,Nisha Gurung,NP,2024-08-14
136,Sita Sharma,GB,2024-05-20
4092,Dipesh Tamang,NP,2024-12-30
9855,Kiran Joshi,NP,2022-12-13
7988,Hari Rai,NP,2020-04-19
1802,Anju Adhikari,NP,2024-02-28
8444,Kiran Sharma,AU,2024-03-24
6584,Dipesh Rai,BR,2024-04-19
2225,Rohan Basnet,IN,2024-05-12
1957,Sita Basnet,NP,2023-03-18
9074,Hari Joshi,NP,2022-07-31
4949,Aarav Rai,NP,2023-06-22
7331,Anju KC,IN,2023-06-20
4035,Rohan Thapa,JP,2021-05-04
4114,Rohan Magar,NP,2021-02-16
9849,Aarav Thapa,NP,2024-10-11
9103,Rohan Magar,NP,2022-05-17
714,Mina Basnet,US,2021-07-17
4465,Rohan Tamang,JP,2020-03-30
8770,Sanjay Rai,NP,2024-09-29
9149,Suman Thapa,US,2023-08-09
1185,Bibek Rai,IN,2023-11-28
7254,Rohan Rai,NP,2020-07-04
9550,Suman Adhikari,NP,2024-03-09
2750,Maya Thapa,NP,2022-09-17
1772,Kiran Gurung,BR,2024-08-10
8652,Mina Joshi,NP,2025-04-23
4420,Bibek Karki,NP,2021-04-15
1757,Sanjay KC,NP,2022-10-07
40,Aarav Thapa,NP,2022-08-17
1553,Sanjay Magar,NP,2023-09-17
8357,Aarav Karki,NP,2020-07-01
642,Aarav Rai,NP,2022-08-07
7368,Anju Tamang,NP,2020-08-25
4288,Anju Joshi,GB,2022-12-17
2090,Aarav Sharma,IN,2024-11-23
2313,Sita Basnet,BR,2024-02-12
2477,Hari Karki,IN,2021-04-23
4068,Bibek Tamang,JP,2024-12-04
5495,Sita Tamang,NP,2023-01-28
7071,Suman Magar,NP,2020-09-25
2437,Gita Adhikari,NP,2021-07-12
5241,Sanjay Gurung,NP,2024-12-03
1261,Suman Karki,AU,2020-02-14
6172,Rohan Gurung,NP,2023-01-13
4543,Mina Karki,NP,2024-09-05
6500,Bibek Shrestha,NP,2023-02-25
1462,Maya Thapa,GB,2024-01-29
6831,Hari Adhikari,NP,2020-10-21
4405,Maya Sharma,NP,2024-03-15
3234,Dipesh KC,NP,2023-04-17
1835,Maya Gurung,BR,2020-04-13
2614,Sita Sharma,BR,2023-07-17
6933,Suman Joshi,GB,2023-10-23
8070,Anju Gurung,NP,2022-08-31
1084,Dipesh KC,NP,2023-01-24
326,Anju Tamang,BR,2020-07-01
8683,Gita Sharma,US,2023-07-25
5477,Priya KC,AU,2025-03-24
4116,Rohan Sharma,DE,2023-05-31
4377,Priya Thapa,JP,2023-09-19
3243,Sanjay Basnet,NP,2025-01-10
7444,Mina Gurung,BR,2022-02-13
2829,Mina Sharma,NP,2024-06-09
1097,Priya Adhikari,NP,2021-04-19
3570,Rita Joshi,NP,2022-12-26
5482,Rita Gurung,NP,2022-02-05
9634,Bibek Karki,NP,2022-07-20
4104,Rita KC,NP,2023-02-18
8536,Mina Joshi,NP,2024-10-03
7777,Gita Joshi,NP,2022-07-05
3290,Sita Tamang,AU,2021-08-07
9586,Gita KC,NP,2021-07-21
1238,Gita Adhikari,NP,2021-01-25
5952,Kiran Adhikari,US,2021-12-09
7320,Gita Basnet,IN,2022-07-17
9624,Hari Rai,US,2025-04-15
7907,Gita KC,IN,2020-09-15
1432,Kiran Thapa,NP,2024-01-14
6000,Dipesh Joshi,NP,2021-09-13
1031,Nisha Gurung,GB,2024-06-01
5667,Sita Thapa,NP,2021-11-12
5485,Mina Sharma,JP,2021-02-20
3066,Suman Shrestha,JP,2021-09-20
6274,Suman Tamang,AU,2020-09-05
574,Maya Magar,NP,2020-08-29
409,Hari Basnet,NP,2023-05-04
7060,Suman Sharma,NP,2023-07-19
5139,Bibek KC,BR,2024-03-16
4039,Sita Joshi,IN,2022-07-02
6540,Anju Magar,IN,2023-08-28
2466,Dipesh Karki,IN,2021-03-04
9777,Kiran Sharma,IN,2023-08-06
6507,Sita Tamang,DE,2021-11-04
9197,Sanjay Joshi,NP,2021-12-11
5210,Maya Rai,IN,2020-05-11
2840,Gita Karki,NP,2020-02-10
7111,Hari Adhikari,IN,2021-04-08
9656,Sita Shrestha,US,2022-06-07
8949,Nisha Sharma,DE,2022-05-31
9545,Suman Gurung,NP,2022-11-30
9613,Bibek Gurung,NP,2023-12-22
5631,Suman Thapa,US,2020-10-08
3129,Rita Thapa,NP,2024-05-30
2076,Hari Karki,NP,2021-01-18
1518,Dipesh Basnet,US,2022-06-02
4740,Dipesh Rai,IN,2021-04-20
4374,Maya Adhikari,DE,2020-11-05
8073,Mina Karki,IN,2022-09-20
8710,Maya Thapa,NP,2024-12-26
6529,Rohan Sharma,NP,2023-01-12
9210,Bibek Magar,JP,2023-07-28
592,Mina Thapa,NP,2020-01-12
6120,Sita Thapa,NP,2022-07-28
2564,Priya Thapa,NP,2024-08-25
5967,Aarav Rai,NP,2020-06-11
138,Rohan Karki,NP,2020-05-28
8155,Maya Gurung,IN,2022-04-16
5987,Suman Adhikari,NP,2020-11-09
5699,Sita Sharma,DE,2021-12-09
183,Suman KC,NP,2024-11-12
7217,Priya Sharma,DE,2023-01-11
495,Sita Magar,AU,2021-06-02
1953,Bibek Magar,NP,2021-11-04
5166,Rita Sharma,AU,2021-10-22
1806,Dipesh Thapa,AU,2020-01-27
6698,Sanjay Basnet,NP,2021-12-23
2186,Bibek Thapa,NP,2020-02-12
6100,Rita KC,NP,2023-11-11
5444,Bibek Magar,NP,2020-06-23
5848,Dipesh KC,NP,2025-02-14
4860,Suman Thapa,NP,2021-05-06
6306,Nisha Shrestha,BR,2022-07-31
9177,Maya Shrestha,DE,2022-02-28
9141,Nisha Shrestha,BR,2022-10-24
7268,Dipesh Karki,US,2023-05-29
6196,Rita Thapa,US,2020-02-15
3664,Bibek Joshi,DE,2025-03-25
1897,Rohan Sharma,NP,2022-10-19
3061,Nisha Sharma,NP,2022-11-02
3676,Aarav Magar,NP,2023-10-15
7424,Nisha Thapa,NP,2024-12-10
5455,Sita Shrestha,NP,2022-03-09
525,Suman Gurung,NP,2022-08-03
8509,Bibek Magar,DE,2024-12-17
3929,Anju Rai,IN,2021-07-11
1111,Mina Joshi,US,2021-07-25
9078,Mina Adhikari,JP,2020-08-26
5992,Anju KC,NP,2021-05-22
198,Dipesh Tamang,NP,2022-01-17
9014,Priya Tamang,US,2024-09-08
7641,Rohan Joshi,JP,2022-12-20
1201,Dipesh Thapa,IN,2025-01-15
7117,Rita Magar,DE,2025-06-08
8202,Nisha KC,US,2023-10-25
2731,Kiran Sharma,NP,2022-11-07
3665,Dipesh Shrestha,NP,2022-04-24
5488,Suman Thapa,NP,2025-06-09
3626,Hari Tamang,NP,2025-05-15
4548,Gita Karki,GB,2025-01-01
9261,Rita Joshi,IN,2023-03-19
6749,Mina Rai,AU,2021-04-28
1867,Anju Sharma,AU,2022-02-03
2569,Aarav Karki,NP,2024-10-18
4551,Dipesh Adhikari,NP,2020-08-17
2929,Gita Shrestha,DE,2023-02-21
3839,Aarav Basnet,NP,2023-03-03
5314,Nisha Joshi,US,2024-07-22
70,Anju KC,NP,2024-10-17
4694,Kiran Sharma,AU,2021-12-02
5292,Sita Joshi,NP,2020-08-22
6652,Rohan Shrestha,NP,2021-04-10
7135,Rohan Sharma,IN,2021-07-24
6119,Sanjay Magar,US,2023-06-24
6290,Kiran Karki,DE,2020-10-10
7078,Mina Joshi,NP,2021-08-17
909,Priya KC,IN,2022-09-07
2536,Nisha Thapa,NP,2022-09-28
2213,Kiran Tamang,US,2022-07-25
1534,Rohan Magar,US,2020-08-22
3710,Rita KC,IN,2023-10-29
7722,Maya Shrestha,DE,2024-06-08
7710,Hari Sharma,NP,2024-12-20
484,Rohan Thapa,NP,2023-04-28
4217,Rita Magar,NP,2022-05-18
3893,Priya Magar,NP,2022-05-06
1060,Bibek Shrestha,US,2023-05-05
6437,Sita Thapa,NP,2020-08-03
3028,Kiran Karki,NP,2024-07-19
538,Anju Basnet,NP,2023-05-12
5750,Anju KC,DE,2022-07-08
5248,Hari Tamang,IN,2023-11-10
1762,Nisha Tamang,US,2025-06-23
6403,Dipesh Rai,NP,2020-03-03
352,Kiran Sharma,US,2025-03-22
4845,Nisha Gurung,US,2023-06-10
7141,Anju Magar,NP,2024-09-15
3346,Priya Adhikari,NP,2025-04-30
735,Sanjay Sharma,NP,2025-04-09
2582,Gita Basnet,US,2023-06-08
8395,Anju Adhikari,JP,2021-02-11
7658,Gita Sharma,NP,2020-06-19
6291,Maya Adhikari,NP,2022-05-29
4633,Aarav KC,BR,2020-11-12
888,Gita Gurung,US,2023-04-09
6858,Suman Magar,AU,2021-07-11
5497,Priya Magar,US,2020-07-09
2067,Rohan Joshi,GB,2024-11-14
7906,Bibek Tamang,IN,2022-01-10
4469,Sita Gurung,NP,2022-11-03
6898,Anju Shrestha,US,2021-06-26
5063,Priya Sharma,DE,2023-12-03
8361,Rita Gurung,NP,2020-12-25
5220,Hari Tamang,NP,2023-08-29
1094,Aarav Tamang,GB,2021-12-01
9414,Hari Magar,US,2020-09-28
3804,Sanjay Karki,NP,2020-04-30
6493,Rohan Rai,BR,2021-10-22
1178,Sita Karki,NP,2024-03-24
4040,Bibek Tamang,NP,2020-05-13
5112,Rohan Magar,BR,2022-07-03
5698,Gita Adhikari,IN,2023-08-24
2357,Rita Tamang,NP,2022-03-17
568,Mina KC,NP,2024-10-12
7183,Sita Gurung,NP,2022-10-31
2752,Mina Magar,US,2021-12-30
2220,Nisha Shrestha,GB,2020-07-07
6515,Sita Rai,NP,2025-06-08
7568,Rita Gurung,NP,2024-01-11
6672,Rita Sharma,GB,2024-05-16
7981,Nisha Karki,NP,2022-01-23
1650,Mina Karki,NP,2021-02-01
8975,Anju Basnet,NP,2025-03-02
8385,Gita Shrestha,NP,2020-11-11
3452,Mina Karki,NP,2024-11-28
4819,Priya Sharma,NP,2021-12-05
386,Mina Basnet,NP,2024-04-22
9954,Sita Sharma,NP,2022-11-13
9331,Sita Karki,NP,2024-07-27
2577,Sanjay Joshi,AU,2021-03-11
7513,Sanjay Thapa,US,2023-11-24
2924,Anju Adhikari,NP,2023-04-06
4844,Mina KC,NP,2024-10-02
6725,Sita Karki,NP,2022-10-22
152,Gita Sharma,NP,2024-10-28
5338,Kiran Gurung,NP,2023-06-16
3490,Mina Shrestha,NP,2021-12-23
7045,Sita Basnet,IN,2020-11-11
7194,Gita Magar,IN,2022-07-25
1681,Kiran Karki,DE,2023-07-20
7680,Suman Gurung,IN,2023-09-17
9432,Mina Magar,DE,2022-05-31
7339,Sanjay Rai,BR,2021-01-17
2552,Maya Joshi,NP,2024-05-06
1811,Nisha Joshi,NP,2024-03-14
7174,Sita Magar,NP,2022-10-10
